NTNHI,0.5,2.70647947264
RTSSR,0.5,2.732951684
RPLSQ,0.5,2.732951684
KINYD,0.5,3.74925349632
QMNTT,0.5,3.98047309046
QRHGS,0.5,2.43271866021
HMSTL,0.5,2.68291100149
PRNLS,0.5,2.7859700663
QTPRL,0.5,2.32414613843
MSKIG,0.5,3.89801093027
THNAQ,0.5,2.8959572715
PTTAH,0.5,2.56678440199
PTTAI,0.5,2.12596287694
FTSNP,0.5,2.43271866021
PKTND,0.5,2.155556728
FRYTP,0.5,2.68564596922
FTPTH,0.5,3.27352006536
TNTNL,0.5,5.52985981862
KAYPT,0.5,2.03251196586
LTCYS,0.5,2.30208921755
HVETS,0.5,3.00647259702
GIMQP,0.5,2.27352006536
SSSKT,0.5,2.00623618652
SNTKT,0.5,3.85848256608
LTRTH,0.5,2.06845572816
HTQTA,0.5,3.84986943577
CLAYQ,0.5,2.82100786066
KTCTY,0.5,4.62292889667
EYIPA,0.5,3.9739597835
HSQRL,0.5,2.05373885748
TTTGY,0.5,2.91433580081
RKTRS,0.5,2.02840756752
HTTDV,0.5,2.81784058159
HTTDH,0.5,2.55362798455
PNLTY,0.5,2.32414613843
ITTSL,0.5,2.62144336878
KRPHT,0.5,2.77101972483
ASHHT,0.5,2.47515392653
TNPHT,0.5,2.14798918328
RNWKN,0.5,2.63916953768
RTQQL,0.5,4.35033566241
RNAPP,0.5,4.48651378869
ANMLH,0.5,3.0039130056
HYSQQ,0.5,2.20709270362
QICTH,0.5,3.08087498742
YPFTL,0.5,2.9739597835
GTRST,0.5,2.59544816024
SGTHT,0.5,2.58510621603
RGTFP,0.5,2.26373904457
KDATD,0.5,2.19951948392
YEPTY,0.5,4.48853295633
LPTSN,0.5,2.13411700869
CTNHF,0.5,2.23287808086
NHFPN,0.5,2.89446186318
TQYSA,0.5,3.9739597835
CYQTP,0.5,2.30914397509
TQVQP,0.5,2.94811977857
NAGEH,0.5,2.17852355142
LAKEQ,0.5,4.36098290661
KASPH,0.5,2.26073391041
NTSAP,0.5,4.31791418472
GLSQP,0.5,2.82810891704
PRVNA,0.5,2.76656007664
GITEP,0.5,5.02840756752
QRNTA,0.5,2.61521141507
YIQTH,0.5,2.5365544712
HAENE,0.5,2.05487977889
ERPQH,0.5,3.06633889426
SPRGQ,0.5,3.93302951945
TFNIS,0.5,2.70647947263
GSTHT,0.5,2.37305573891
HSYNS,0.5,2.57308034721
DSNST,0.5,2.4255231588
QPTPC,0.5,3.32414613843
QPTPN,0.5,2.4959124867
HPKQN,0.5,2.80277313349
DSSYK,0.5,2.85848256608
APLHT,0.5,2.48297343099
TIVPQ,0.5,2.20881437597
SSQTH,0.5,2.06571518025
LMTRS,0.5,2.33241375442
VSCHS,0.5,2.66583748814
MNHTA,0.5,2.00850801009
LTPQL,0.5,3.09114332287
TVPPE,0.5,2.27352006536
WTQTD,0.5,4.4028030823
RNPRW,0.5,3.67041021793
TTMNV,0.5,4.04610956925
QNNAT,0.5,2.4434450668
QNDRT,0.5,2.17164045134
NSSVS,0.5,2.33241375441
NAKPT,0.5,3.48853295633
HEPTQ,0.5,3.04610956926
KTTKS,0.5,3.03905481172
ENTTP,0.5,3.86292847111
YASNM,0.5,2.10359506391
PFCEN,0.5,3.32188308692
LQTQN,0.5,4.27352006536
SQHDT,0.5,4.38622019811
HSRMW,0.5,3.75351300648
IPYRT,0.5,3.23699418933
ASTNP,0.5,2.10359506392
RPLKP,0.5,4.26220475213
QTRHP,0.5,2.43726649187
CNSTK,0.5,3.08087498742
SNHIH,0.5,2.88822990947
RPPLW,0.5,3.18546388869
RPPLN,0.5,2.08710694113
YTCTH,0.5,5.30914397509
NSTYL,0.5,2.93648507808
NSTYN,0.5,2.27352006536
NSTYD,0.5,3.03196538693
THTNA,0.5,2.31454733362
NTMLS,0.5,2.45794463649
QPRSQ,0.5,3.30914397509
NRFHT,0.5,4.27352006536
HPFPP,0.5,3.85848256608
RYNSP,0.5,3.4434450668
PSQQL,0.5,3.2294389969
CKHPM,0.5,2.49923284499
CYRTF,0.5,2.30100080178
QHPHS,0.5,3.43579149426
GHHKP,0.5,2.11002133308
IAPSD,0.5,4.855139123
DSTTV,0.5,3.81784058158
QIAHP,0.5,2.36803766414
KFQTQ,0.5,5.42326718487
HLQTP,0.5,2.4959124867
LTTDS,0.5,3.82531570214
QTTTA,0.5,3.10641007953
RIPKS,0.5,2.12377294585
CMHLT,0.5,2.45638412251
NTPYP,0.5,2.89242989801
FSPQM,0.5,3.9739597835
KKNKT,0.5,2.67561850893
NASDQ,0.5,5.76043242042
KTHTM,0.5,3.0248409525
HPTIN,0.5,2.41307141776
SPTAK,0.5,2.41307141776
DLQQP,0.5,2.63107206997
ITFAG,0.5,2.19951948392
HANKP,0.5,2.70727676199
RTKTT,0.5,2.13976867647
VQSAP,0.5,3.13310494619
DSHHT,0.5,2.19951948391
ITAAM,0.5,2.38043526928
PELTS,0.5,2.6571250568
CSFHA,0.5,3.57527027831
RNAHQ,0.5,3.94594540733
SRPFT,0.5,2.07725467173
PPLNP,0.5,3.43398473755
TSKTH,0.5,3.732951684
KMKPS,0.5,2.27352006536
HMTNL,0.5,2.19951948392
GQVQT,0.5,2.29999227672
DQKLP,0.5,2.78809323819
GVKTQ,0.5,2.71409265674
NDHHN,0.5,2.67951242503
TTHMW,0.5,3.11786919489
FKVTA,0.5,2.70647947264
TSLLG,0.5,2.2577527495
TSSAQ,0.5,3.88232930803
KTEPK,0.5,2.98539467856
TDNLT,0.5,2.88424566215
KASHY,0.5,2.85848256608
TPRQH,0.5,4.66583748814
SFAQH,0.5,3.53321102812
NPFQP,0.5,2.01602384306
QGQTL,0.5,3.96317994475
NPAYN,0.5,2.26728811164
ESAPH,0.5,2.33322631149
QRCTT,0.5,4.4164780192
LMPTQ,0.5,3.49194358449
TTITT,0.5,3.24314641632
RRHAH,0.5,3.49075078158
TTITI,0.5,4.4434450668
TTITK,0.5,3.08285535154
HKQTS,0.5,2.42468413869
DKHSA,0.5,2.17766004995
HSYFT,0.5,2.63984227961
YTRSN,0.5,3.21756365939
KTDYT,0.5,3.32796784938
DASKQ,0.5,2.24035320142
TETHA,0.5,4.02305433303
QVRSM,0.5,3.88085037911
DRNYP,0.5,2.31791418471
THNSN,0.5,3.42376270095
ATTMS,0.5,3.27352006536
SRDHP,0.5,2.98972709936
CSSLK,0.5,2.54653855977
PDAET,0.5,2.10492046139
SSSKN,0.5,2.79708202142
QNHSA,0.5,4.56945295171
QLMHP,0.5,3.34880819266
TGNYN,0.5,2.62144336878
CFRSA,0.5,3.8768610954
YTSHA,0.5,2.23287808086
NFTTV,0.5,3.38314455653
NKSIH,0.5,3.08087498742
FGPAP,0.5,2.88357354704
KTTSP,0.5,3.03905481172
GATFQ,0.5,2.27352006536
PSPMN,0.5,2.80125769739
LCITT,0.5,3.40280308231
PSYRP,0.5,2.05592863028
NCTKK,0.5,2.75156736216
VLALN,0.5,2.06201596016
NQETN,0.5,2.30499829683
LMSYT,0.5,2.79708202142
QSIQA,0.5,2.4959124867
ISLSH,0.5,2.93648507808
ISLSN,0.5,2.80403478205
LTLQP,0.5,3.01674465
PEQSH,0.5,2.23287808086
QQEQA,0.5,2.03905481173
HCNIT,0.5,3.11223915833
HMSSN,0.5,2.9595686912
QLGHP,0.5,2.52985981862
SAPTF,0.5,3.01048565952
YPPRS,0.5,2.18275460144
ELTSN,0.5,3.14293595555
NQGYQ,0.5,2.94594540733
LPATS,0.5,2.37155214832
NCSRA,0.5,2.2595808744
ATQLS,0.5,3.68682251326
FSAQP,0.5,4.85848256608
DNHMP,0.5,2.38455137775
TQTNA,0.5,3.34268208987
ADFHP,0.5,3.06793593171
PLPRE,0.5,2.52505883235
CKLKT,0.5,3.83830468415
VNQNE,0.5,2.22105264546
PEPNW,0.5,4.91737625513
WYSNA,0.5,2.56814081425
RNTMP,0.5,2.83830468415
SKFTA,0.5,2.43106134234
RNCNP,0.5,2.06201596016
QTRNN,0.5,5.75894689253
CLEHM,0.5,3.07349545705
EEKPS,0.5,3.71780747844
THMTQ,0.5,2.02354181235
VSGKH,0.5,2.90578828086
TRTQN,0.5,2.25406770269
PPLPK,0.5,2.27352006536
FNSHP,0.5,4.19635220484
PAQTR,0.5,2.01859070916
NMTSY,0.5,2.67041021793
NYQFP,0.5,2.04610956926
QQNMT,0.5,2.45938661067
RMMTH,0.5,3.52361541548
SPSQN,0.5,3.68855756464
TCTKY,0.5,2.0764832183
NITTQ,0.5,2.81078582405
NVPEN,0.5,4.53404761558
IYYST,0.5,3.11347965285
KYPSA,0.5,2.9739597835
AVLPK,0.5,2.4434450668
RTFTN,0.5,2.4661651433
ISGLS,0.5,2.61591226281
LTKTP,0.5,2.75268790206
RSDST,0.5,3.95534410533
NVQAQ,0.5,2.60503420908
QSTPE,0.5,2.571200614
HKITN,0.5,2.4959124867
LRPNY,0.5,2.47739239872
SAHLQ,0.5,3.57468960008
SSPLN,0.5,2.19105790517
TTRAA,0.5,2.4719916064
NGTWT,0.5,2.046634663
MRQTS,0.5,3.96002059254
NYTRA,0.5,2.15804284794
LQTTF,0.5,2.00470330693
HIHYN,0.5,2.23287808086
LNTLH,0.5,3.09949066558
HNVSN,0.5,3.95534410534
NCQVT,0.5,4.36098290661
RLTPH,0.5,2.93648507808
TAPIP,0.5,2.0527513865
TVNDP,0.5,2.24035320142
RNKMQ,0.5,3.28549270702
QGTLP,0.5,2.56109665546
KKPTM,0.5,3.56897594888
MSNHT,0.5,3.66926839354
AEQQP,0.5,3.18041066097
YTYPN,0.5,2.82606108839
PSAMQ,0.5,2.85848256608
SQNYT,0.5,2.27352006536
LHHDA,0.5,2.24035320142
TDNYA,0.5,3.12596287694
SFTTQ,0.5,2.98357778606
TKQYT,0.5,3.18041066097
HGLTN,0.5,3.24550568919
NSTFE,0.5,5.61337006824
HTYSN,0.5,2.27352006536
MPSTM,0.5,3.5214475788
KSTST,0.5,5.16333714761
LNIHT,0.5,4.21693653699
FRISA,0.5,2.82810891704
QDLSE,0.5,2.47761166995
SHTRL,0.5,4.71092537767
KTNES,0.5,2.82991341388
NRQKT,0.5,3.46538761969
TSHAQ,0.5,2.34880819266
QHNQP,0.5,3.19408559786
SVMQP,0.5,3.79708202142
TPYSL,0.5,2.61521141507
YSAET,0.5,2.02075399498
KRQPT,0.5,2.46816749622
SKHSI,0.5,2.90253774615
NISWH,0.5,2.36098290661
NKSTT,0.5,2.89675258301
HQTNV,0.5,2.25334218342
WTQAT,0.5,2.01602384306
NHMFP,0.5,2.72669269352
CPNSH,0.5,2.22461046487
AAGYP,0.5,3.79289422445
CQKSP,0.5,2.44563928022
TTGRQ,0.5,2.47787856386
NSTIE,0.5,3.99754660382
NATNT,0.5,2.63107206998
MQSTT,0.5,2.08087498742
CGTEP,0.5,3.33881152561
TMQHS,0.5,3.43002455104
AYTQT,0.5,2.10579261962
QSPRL,0.5,2.02354181235
LTTTH,0.5,2.11347965285
LTTTP,0.5,3.93123890852
ISNRP,0.5,6.49683227955
THTSS,0.5,3.41756643498
QACES,0.5,2.4434450668
PAFSD,0.5,2.4959124867
PLEAQ,0.5,4.3549083922
LDGPL,0.5,4.12437662605
RCSRS,0.5,3.73818833236
ETSPE,0.5,2.78253371285
HSPLS,0.5,3.18640940159
ASQKP,0.5,3.0248409525
HCQKT,0.5,2.10175371709
NQTKH,0.5,4.83423501984
RSTNP,0.5,2.58164236072
QSTHP,0.5,2.70236336416
RSTNA,0.5,3.07718994061
NQTKS,0.5,3.66583748814
TVSHP,0.5,4.7546467551
QAMTH,0.5,2.60246858793
HTTAA,0.5,3.93910102629
SAHTP,0.5,2.58164236072
CILQN,0.5,2.12151697192
TPQKN,0.5,2.48297343099
AFKAP,0.5,2.80957296559
KQTTL,0.5,2.98465967216
NTKTS,0.5,2.69832534089
FKTTA,0.5,4.4124694169
KIAAT,0.5,5.26598639267
EGQAA,0.5,2.29458168089
TDAYT,0.5,2.09369902777
PGFRT,0.5,2.65818391559
LHLNT,0.5,2.59544816025
PRTSY,0.5,3.06937934858
NTVTD,0.5,3.76118536472
SHTQN,0.5,2.35295453285
IKTQN,0.5,2.13601654161
MCKGT,0.5,2.34987095149
TKTSQ,0.5,2.36803766414
QRFTP,0.5,2.27352006536
YIITT,0.5,2.42879829083
SHLDP,0.5,4.56630181458
TRLQA,0.5,3.34390939325
LRTPS,0.5,2.68160480399
SNSNH,0.5,5.28847040683
FQHMT,0.5,4.5214475788
KTKQP,0.5,4.16263595923
PTEAH,0.5,3.48162826069
MTCMH,0.5,3.08087498742
PLAVT,0.5,2.45572339658
GSHMV,0.5,4.3003201247
NTSLD,0.5,4.79708202142
HSYVT,0.5,2.87045520775
TTIDH,0.5,3.32188308692
TPSHL,0.5,2.06284106459
VETLI,0.5,2.02840756752
NAQMP,0.5,3.5412923902
MASFT,0.5,3.90287668544
CATIP,0.5,2.02840756752
ITNLN,0.5,2.17164045134
QSRYP,0.5,2.81784058159
PEAEP,0.5,3.47515392653
SSLSK,0.5,3.18041066097
KKSAS,0.5,2.24181120563
ERPTP,0.5,2.24752485683
PPPMT,0.5,2.87838212352
DMRAP,0.5,2.24035320142
PANQN,0.5,4.72198056618
PANQI,0.5,3.79708202141
VMENP,0.5,2.33241375441
HGSNS,0.5,3.87555607944
QMSPN,0.5,2.53338719212
IESTP,0.5,2.91737625514
HSYKP,0.5,2.84640973378
ESTHT,0.5,4.82041452525
TTSAD,0.5,3.33765040278
TTSAA,0.5,3.40737581209
PLSHP,0.5,2.51452816486
TPITM,0.5,4.36098290661
RMIQT,0.5,2.51899609981
SNHFN,0.5,2.06998667127
KLLTS,0.5,3.34390939325
LIFQT,0.5,2.24752485683
YIHSI,0.5,2.7546467551
SRVPH,0.5,3.41400128891
SHEQT,0.5,3.4434450668
KVYQT,0.5,2.3788730655
NKYYS,0.5,3.28732586489
MNHSV,0.5,3.38622019811
MHTAI,0.5,2.27352006536
SHSHH,0.5,2.98776558303
LMTQH,0.5,3.08087498742
NQYNN,0.5,2.05373885748
HTVHT,0.5,2.29818211959
QWNTH,0.5,2.05420703695
ARQAS,0.5,2.84426870686
ARLNP,0.5,4.23287808086
LEANP,0.5,2.13150106048
PIRQQ,0.5,2.27352006536
TNLLP,0.5,2.62715701997
HHAAS,0.5,2.4545856244
VCSAN,0.5,2.27352006536
IRQST,0.5,3.19951948392
IRHHT,0.5,3.18041066097
RDLFT,0.5,2.08087498742
SYPTP,0.5,2.74925349632
HAPRV,0.5,3.40522574457
RINTV,0.5,2.01498705176
SAPYN,0.5,3.92887189398
MYQQT,0.5,3.21435799289
RSQLS,0.5,2.92752421051
HANTM,0.5,2.30208921756
LQPSP,0.5,2.95801823963
FGSVQ,0.5,3.6829110015
NPPTK,0.5,3.58430760264
GRANT,0.5,2.229125946
PSIAA,0.5,3.74112561545
TNHNC,0.5,3.85848256608
HRYTY,0.5,2.06079074137
QKQWT,0.5,3.87555607944
NNYTI,0.5,2.56630181459
ASNFY,0.5,2.55892228422
PSKTY,0.5,2.99137683658
NTTHC,0.5,2.24655301776
STDHT,0.5,2.28773392458
NTTHT,0.5,2.341691568
PWHRP,0.5,2.73864279607
SYSHT,0.5,4.79079575857
TPHWP,0.5,2.33440230751
FTPQP,0.5,3.47105729801
GQPRP,0.5,3.02608251458
NDMHT,0.5,3.66583748814
HTLQS,0.5,2.64855949671
KSHTL,0.5,3.09894656034
KSHTD,0.5,2.47381871584
KSHTP,0.5,2.84236290072
ATEPK,0.5,2.5391101761
RRPNT,0.5,2.61747446658
SERCP,0.5,2.27352006535
CTTQN,0.5,2.21541711079
YAATI,0.5,3.72198056618
PAPEH,0.5,3.77129799565
KTHKW,0.5,2.2121195207
NRTNQ,0.5,2.83151551848
NNSIN,0.5,4.71092537766
PKLWT,0.5,3.29736680731
NARMT,0.5,4.90578828086
SKIDT,0.5,2.5214475788
CSVTH,0.5,2.91094998597
RDNKS,0.5,2.73918363771
CKPNL,0.5,5.10133908998
IFYQT,0.5,3.4959124867
HLEDL,0.5,2.16248875297
LSVSP,0.5,2.71409265674
SKTKL,0.5,2.19951948391
KQLNN,0.5,3.4100588983
NSHQT,0.5,3.29144197335
LQSQD,0.5,2.29144197336
PAMTN,0.5,2.51298600006
RLAHT,0.5,2.65743504715
PKRHP,0.5,2.05616323392
YHYST,0.5,4.69305895687
NAGNH,0.5,3.19635220484
RCNIT,0.5,3.41919752055
ITNDN,0.5,3.01768116093
HPHPD,0.5,2.86597710263
CATQP,0.5,2.83321580746
CSKQP,0.5,5.05487977889
PNETC,0.5,2.56347577051
ANVTC,0.5,2.61283023847
RPHQH,0.5,3.81701594879
YTTSV,0.5,2.57078610602
IESLP,0.5,4.03905481172
PCNYK,0.5,2.12596287694
LGEPK,0.5,2.14423704841
HTIHS,0.5,3.35152257736
TQSHN,0.5,3.11002133308
SVTKA,0.5,2.62715701997
PSART,0.5,3.29905515747
LNPYH,0.5,3.06937934858
QHALT,0.5,3.27352006536
HPRWQ,0.5,3.19551755336
HPKTM,0.5,3.56630181459
MHTTH,0.5,3.71092537766
QLTQA,0.5,2.92428462447
TYSHP,0.5,2.0577913743
QSHES,0.5,3.76078589219
PKPTC,0.5,3.31791418472
PKPTP,0.5,2.78976981599
HTNHA,0.5,3.02075399498
TSCMH,0.5,4.66583748814
SQPQP,0.5,3.1539384496
KQCSA,0.5,2.33765040277
SSQSQ,0.5,4.28474732078
TRIHS,0.5,4.36098290661
TTLMS,0.5,3.88649694225
QYVAS,0.5,2.3475206468
HIAAT,0.5,2.25624207393
LANQT,0.5,2.58018140359
HENTT,0.5,3.18041066097
GILPH,0.5,3.63426740913
GTPKV,0.5,3.55645402863
HASNA,0.5,3.01702850539
VHNSN,0.5,3.0248409525
WQYNA,0.5,2.60322551084
SNHTL,0.5,3.43979728978
ESPKP,0.5,2.64855949671
ESPKA,0.5,4.00144051992
NMSMA,0.5,2.85848256608
PTKWP,0.5,2.6225276943
QPSLP,0.5,3.654949172
HSHDG,0.5,2.09552176338
YAVDT,0.5,4.04610956925
QGHHL,0.5,2.7416689011
IAPTT,0.5,2.59544816025
HCDHF,0.5,3.18498339076
FVNSL,0.5,2.18041066097
RSQYH,0.5,2.17766004995
TRTRA,0.5,2.77177093289
TISAN,0.5,2.09454992431
PHCST,0.5,3.41790997469
IISNV,0.5,4.45938661067
PPYLD,0.5,2.19951948392
TTTTK,0.5,2.63107206998
PNQTA,0.5,3.2154171108
PLETT,0.5,2.17107279639
KTISP,0.5,3.96281922589
TVISN,0.5,2.01048565953
NSKSP,0.5,3.68855756464
NNTIQ,0.5,4.4959124867
RSTEN,0.5,4.96468196991
SKTST,0.5,2.62323131676
QWQQQ,0.5,2.11597878837
SMAVT,0.5,3.4164780192
NGTRC,0.5,2.34390939325
SICLD,0.5,2.37155214832
NTATA,0.5,3.21837851117
YLSDM,0.5,3.1690507988
NRSSN,0.5,2.54030660605
PAIGN,0.5,2.62786963793
PTPYL,0.5,5.27352006536
IPNSP,0.5,2.13150106048
ITETL,0.5,3.30208921755
TQGEL,0.5,2.14798918328
PTQEC,0.5,2.67724225141
HITHT,0.5,3.22461046488
ILNNS,0.5,2.19951948392
TPYNA,0.5,2.81895420189
PMSTQ,0.5,2.65664831669
NETKT,0.5,2.11934913523
HPNLN,0.5,2.11482231934
YATTD,0.5,3.03251196586
KFTPT,0.5,2.22289399229
LVTTA,0.5,2.84236290072
HGTYN,0.5,3.10539730655
CISHA,0.5,5.59544816025
RNATR,0.5,3.87838212352
VKNDT,0.5,2.75894689253
HSTTI,0.5,3.51298600006
TFNVT,0.5,2.1729931894
KNCIQ,0.5,2.41102358911
ETPHA,0.5,2.47997094282
NTYYP,0.5,3.88822990947
CLTRY,0.5,2.18912787807
HNTGG,0.5,3.33652986289
DTLNT,0.5,4.27951880598
KSTTY,0.5,2.15152954098
KSTTL,0.5,3.34676904739
NNHRT,0.5,3.15322583164
CSNTN,0.5,3.46699979478
NKATQ,0.5,2.24314641631
QRTKF,0.5,2.14798918327
PCHPT,0.5,2.06493344355
TTLES,0.5,2.06201596016
MNLTQ,0.5,5.06359699599
QNHNN,0.5,2.39905094744
VWPTP,0.5,4.48297343099
CFRNT,0.5,2.51744564825
RLNAL,0.5,2.06201596017
FTHRP,0.5,2.20465820722
YNSHT,0.5,2.45887510737
PLTQA,0.5,3.42238345127
RQSIT,0.5,2.29905515747
DHAYP,0.5,3.66583748814
ATNMH,0.5,2.04610956926
SFGKP,0.5,3.46699979478
HDYTP,0.5,3.83423501983
HMMNT,0.5,2.01048565953
TSELS,0.5,3.45232321815
TAQKC,0.5,4.28169399681
RRTPS,0.5,2.15221376914
NEHRT,0.5,2.88401765819
SVNRP,0.5,2.99233831281
NSTLF,0.5,2.70387062014
EATLP,0.5,2.05551941314
YRSTQ,0.5,4.31304842954
SQAAL,0.5,2.58386018597
TQETS,0.5,4.5214475788
STNVS,0.5,3.7193198184
CGTFP,0.5,2.28982187768
STSGP,0.5,4.71977629525
YRCQT,0.5,4.04290713722
LIRAT,0.5,2.47282887358
PKTYT,0.5,2.89019142581
QHVAT,0.5,2.96539777
TDTLH,0.5,2.48297343099
PWFTI,0.5,3.32414613843
SNRLP,0.5,4.67561850893
PNPPH,0.5,2.75268790206
NEHMH,0.5,4.0252610122
DRQKP,0.5,2.87045520775
HYNND,0.5,2.5214475788
HTLAS,0.5,3.39853264493
PTSYS,0.5,2.28549270702
QNCVT,0.5,2.32715802896
FQNYT,0.5,2.95289816798
TTDIN,0.5,2.24035320142
NTKLS,0.5,3.40597036138
RTTAQ,0.5,2.60322551084
KQHPV,0.5,4.05487977888
YQTTL,0.5,2.27352006536
PGSTR,0.5,5.09021285199
TPVRT,0.5,2.56630181459
LQPYH,0.5,3.80403478206
TNHSL,0.5,2.75156736216
QHLSY,0.5,2.01048565953
PKCTP,0.5,2.77851426137
QQFSE,0.5,5.1610453361
HNSTH,0.5,2.86328355235
QGYNH,0.5,2.48111548477
QSTMP,0.5,2.48853295633
LNPCN,0.5,3.42809710247
ESSTT,0.5,2.26598639267
ERTNT,0.5,3.89801093027
QVALP,0.5,2.53655447119
QSAMH,0.5,2.51055926266
VTSFP,0.5,3.27352006536
EYNTT,0.5,5.66239840417
LQCTK,0.5,3.06359699598
SMTPH,0.5,2.04881377818
CTNSS,0.5,3.55892228422
RSTPY,0.5,2.22105264546
TEPAV,0.5,2.62966387558
PTLNA,0.5,2.75371024417
NTLTY,0.5,2.48557054247
KMQTH,0.5,2.76348605214
WTPEP,0.5,5.10133908998
RSYHS,0.5,2.69305895687
RNKHT,0.5,4.01947444275
AIHAQ,0.5,4.06359699599
LRPTH,0.5,4.11223915833
AQKYP,0.5,2.45185730662
HAARG,0.5,3.23287808086
MNNSH,0.5,2.4434450668
NKHNS,0.5,2.12151697191
PHRQH,0.5,2.46991727816
YQKTP,0.5,3.76994589148
CTQHN,0.5,2.63021357841
LDLLH,0.5,3.4651401379
YHYRT,0.5,3.65048952381
DNFTQ,0.5,3.62401731245
PYSEG,0.5,2.4255231588
HSYSL,0.5,2.90657685429
RDYNT,0.5,4.28350415393
GDQKL,0.5,4.38899728278
QPTKP,0.5,2.76466054373
SCTSE,0.5,3.53404761558
KNVST,0.5,2.90262966977
PRLLT,0.5,2.42238345127
SGSYN,0.5,2.2076321297
KYDTG,0.5,3.10359506391
RAQLA,0.5,3.06201596016
SDHHT,0.5,2.27352006536
HSTKP,0.5,2.62630912395
TANTP,0.5,2.03473320578
PVHTP,0.5,2.47145944297
SSLTL,0.5,3.77275269205
DFHSQ,0.5,2.53655447119
QRTSV,0.5,2.48502417055
KYHNS,0.5,2.12913015602
IPFNT,0.5,4.37785672517
TIPRS,0.5,2.52985981862
KNLPM,0.5,2.34710119774
YATHT,0.5,2.94692053075
PTGQD,0.5,2.66221717246
YHPTQ,0.5,2.35274675651
HNQMI,0.5,2.69247261464
QHKTA,0.5,3.20709270362
QHKTP,0.5,5.13859048527
PHNSN,0.5,2.12857172945
PHNSP,0.5,3.09369902778
AMPVS,0.5,2.18425272726
SKAHQ,0.5,2.37785672517
LMYTS,0.5,3.87838212352
APPTR,0.5,4.47515392653
GAHNQ,0.5,2.98811784649
HSTTP,0.5,2.94027665724
RFCRH,0.5,2.48502417055
MQHRP,0.5,2.79224886768
TKCLT,0.5,2.38314455653
KNRTI,0.5,2.547882477
SSNHP,0.5,3.4434450668
HMTTY,0.5,2.14798918328
NSLQL,0.5,2.31791418471
NSLQN,0.5,2.19951948392
HGQSE,0.5,2.33671389185
SPAAY,0.5,3.01376079156
LPLYS,0.5,4.09021285199
NCHIS,0.5,3.27352006536
RTSQI,0.5,2.10359506392
HHTDT,0.5,5.55892228422
ITPST,0.5,3.82100786066
HDMIT,0.5,2.2121195207
HQSTN,0.5,2.31416204985
IRQTY,0.5,4.24314641631
PDHSA,0.5,4.74925349633
TMANN,0.5,2.13150106049
RVNIS,0.5,2.8950084421
QTDTQ,0.5,2.0248409525
QSPWT,0.5,2.90578828086
QTDTY,0.5,2.37305573891
TAQTH,0.5,2.4661651433
HCHAS,0.5,3.11679456167
THMGE,0.5,2.60536362911
IPKSS,0.5,3.5214475788
TTSQQ,0.5,3.65150811936
HANWS,0.5,4.7624556783
YMSTL,0.5,2.56814081425
TSWPP,0.5,2.01894723828
NTMFH,0.5,2.59544816025
THTHI,0.5,3.12151697192
KNPHT,0.5,3.59544816025
TDSQS,0.5,2.04984809179
TNDYN,0.5,3.31304842954
STTYP,0.5,2.86937088222
PYLTD,0.5,2.19408559787
IAPSK,0.5,4.29144197336
YEQPK,0.5,2.31099477078
SCHMN,0.5,3.10751011392
NCVIT,0.5,2.32414613843
NNTYT,0.5,2.65203168862
PQTAP,0.5,4.46991727816
INTYS,0.5,4.36803766414
VFHNS,0.5,4.98401344816
APTWK,0.5,2.42036145368
LKQQP,0.5,4.13150106049
TGHTP,0.5,2.732951684
HSQTY,0.5,2.2121195207
TTTAS,0.5,2.34880819266
KLNIS,0.5,3.07207803918
NSKHY,0.5,2.59544816025
SPTKQ,0.5,3.44936990076
HIHDP,0.5,2.2322130912
PANSM,0.5,2.2376004911
WTATQ,0.5,2.40867964864
TNPNQ,0.5,2.18041066097
CHMKK,0.5,2.42036145369
AYPAN,0.5,2.29144197336
YHYKP,0.5,4.57364378993
FQINT,0.5,2.11108960047
WQTTT,0.5,2.78166696903
SNSSK,0.5,2.11482231934
GYRTN,0.5,2.85848256608
NDHNW,0.5,2.32082578014
YGTYP,0.5,3.15616311472
IPHVT,0.5,3.19408559786
TITTR,0.5,2.56302668256
LEQHP,0.5,2.2121195207
HETEN,0.5,2.65598970218
TNPSR,0.5,2.64275387503
HSTDN,0.5,3.71092537766
NAFKP,0.5,3.96281922589
NWMPT,0.5,3.54030660605
ASMNP,0.5,2.5214475788
YVTSK,0.5,2.4661651433
FHNST,0.5,3.61591226281
TLYDN,0.5,2.96810705726
CKKSI,0.5,2.54360922873
TKMHG,0.5,2.00287247542
YTNWN,0.5,2.91094998597
NPTRN,0.5,2.13150106049
MSPPT,0.5,2.34390939325
ENLSL,0.5,3.9739597835
PYSRA,0.5,3.7900955911
STHYE,0.5,2.30100080178
TNENP,0.5,2.40903503602
HRTND,0.5,2.88232930803
TPNNM,0.5,4.4164780192
PTGYP,0.5,2.59544816025
HPLSL,0.5,4.92887189398
SSVHH,0.5,2.454092311
TLTAY,0.5,3.26373904457
AHHQP,0.5,3.29417953592
ESWSP,0.5,2.42238345127
SLCYA,0.5,3.82100786066
IQTTN,0.5,2.5214475788
TTPTK,0.5,2.9739597835
SLYPM,0.5,3.00623618652
DMVTT,0.5,2.80277313349
RTSIS,0.5,2.38043526928
NRHSI,0.5,2.48297343099
SPPVW,0.5,2.23645797115
SRHHW,0.5,2.08087498742
HNQLT,0.5,3.62715701997
QTNIS,0.5,2.85044524701
TFKHP,0.5,2.38480339889
HTHHD,0.5,4.99399753674
NTTMP,0.5,2.69247261464
MTDMT,0.5,2.91094998597
SSSET,0.5,6.10133908998
PSHHP,0.5,3.22771637575
STSLT,0.5,2.17474191088
MTYNN,0.5,3.65203168861
HQITQ,0.5,2.71830490803
CDTRY,0.5,4.50873652705
CITRM,0.5,3.80601514619
VPHHT,0.5,2.38899728277
HPPYK,0.5,5.12766919889
YHKNN,0.5,2.08087498742
YINTC,0.5,2.27352006536
RNMLQ,0.5,3.65818391559
PKQTK,0.5,2.56630181459
PKQTD,0.5,5.33529626295
ESSDD,0.5,2.89801093027
PHTMA,0.5,2.14251405321
VHKHT,0.5,2.32686948995
PHCNN,0.5,2.14293595555
DCQPP,0.5,4.04881377819
SQLQF,0.5,3.52650080653
FTMPI,0.5,3.84337567369
DERQS,0.5,3.14141652935
KLPAN,0.5,2.34627640779
FANES,0.5,3.08087498742
ASTTP,0.5,2.82100786066
HNHET,0.5,2.2121195207
TNSPY,0.5,2.83483129802
DSHFI,0.5,3.81784058158
PKMTN,0.5,3.45143785755
ALLAQ,0.5,2.4434450668
SYNNH,0.5,5.29032835305
FPHRT,0.5,3.4731924102
RTFNQ,0.5,2.92377402633
DHSTN,0.5,2.59544816025
AKMTV,0.5,3.48297343099
ISKPH,0.5,2.16660486144
RPTQS,0.5,2.77602040589
GTDTN,0.5,2.91178079223
SIYRT,0.5,3.8517879135
NGTQH,0.5,2.9739597835
TIYYT,0.5,2.02840756752
SNITM,0.5,2.38899728278
MAAIT,0.5,3.82371714792
LPTMS,0.5,4.19951948392
NSVVG,0.5,2.42161870435
QDIRP,0.5,2.27352006535
QQLHP,0.5,2.67345067225
SHHRT,0.5,2.17866087902
HNFHT,0.5,2.37785672517
GSQIT,0.5,2.59544816025
HSIDQ,0.5,4.40005247129
TEPTK,0.5,4.28549270703
QNNNS,0.5,3.14798918328
SAATP,0.5,2.29341962279
CNGHQ,0.5,2.53167224981
QNDMT,0.5,2.85848256608
NKQSS,0.5,2.64607423332
HAFNT,0.5,3.77602040589
HAFNP,0.5,4.51248671123
RDKHL,0.5,2.74300534866
LTPLQ,0.5,2.404223757
HTPIT,0.5,2.9739597835
CTGHP,0.5,3.02354181235
LFQPP,0.5,2.58164236072
TTSLN,0.5,2.23699418933
NTSRH,0.5,2.46218162938
SQNWK,0.5,4.34676904739
DASEP,0.5,2.21781063277
STHQP,0.5,4.59887906564
TCHNA,0.5,4.03433240148
RESGP,0.5,3.80355635558
QTIQH,0.5,2.94594540733
CSNQP,0.5,2.12151697191
MHSTY,0.5,3.52650080653
MHSTT,0.5,2.06284106459
CSNQH,0.5,2.21643897015
CQNQT,0.5,2.63341601045
PPPSN,0.5,3.96778120857
KSCLH,0.5,3.2409522029
AETML,0.5,2.99598608983
SPRPT,0.5,2.18968847456
NKSKN,0.5,3.64275387503
MTHSE,0.5,2.25596169397
MTHSP,0.5,3.77723224555
WPPQH,0.5,3.05612832508
YYHNS,0.5,2.64938696736
TTARP,0.5,2.27352006536
RMSFT,0.5,3.26628849613
PSYTN,0.5,3.65203168861
VDTTP,0.5,2.75156736217
DSSHP,0.5,2.15804284794
RVTSH,0.5,5.28250884859
TQQPC,0.5,3.53886463188
TYNRT,0.5,3.06011642725
ITLNT,0.5,4.3677561352
SKHYT,0.5,3.85848256608
PRNET,0.5,4.18726433201
SKAYQ,0.5,4.83986688791
AYRWL,0.5,2.29521513646
LHSRP,0.5,3.34987095149
SSQEP,0.5,2.31304842955
SHNQQ,0.5,2.75156736216
SSAPQ,0.5,3.90155128797
TKHYS,0.5,2.03648086806
QAHSP,0.5,3.5214475788
PNNTL,0.5,2.22932026145
HAYSA,0.5,3.16968425437
MRYNN,0.5,3.11721683448
RRNLS,0.5,2.16481380592
QMTTN,0.5,2.39482636158
QMTTM,0.5,5.25841317297
PTRMM,0.5,3.64275387503
NATTL,0.5,2.75033376222
NTTEI,0.5,3.35444006074
ATAAH,0.5,4.2076321297
PTSAA,0.5,4.30914397509
IQPNP,0.5,2.4959124867
PSDRD,0.5,3.29736680731
YHATP,0.5,3.2160345707
LSSAL,0.5,2.06607798549
RNRPG,0.5,4.21993902516
PQTQH,0.5,3.95159197047
TKSEP,0.5,2.08087498741
TKSEQ,0.5,3.66583748814
TLHSA,0.5,2.32021330081
HTLNP,0.5,2.53655447119
TMISM,0.5,2.02840756752
IRATN,0.5,3.60041441314
YQTNP,0.5,3.37305573891
YFPHG,0.5,3.76994589148
LPQHQ,0.5,2.04984809179
TGRTP,0.5,2.06793593171
QVNTI,0.5,2.43451194203
PTTHH,0.5,2.34390939325
PTTHP,0.5,3.53176486978
ASNTN,0.5,3.38502838058
TCTIT,0.5,2.13150106049
GPTTD,0.5,4.13701806545
DNDPS,0.5,3.59544816024
CMPKY,0.5,2.53131782283
PELNN,0.5,3.25334218342
QSSPP,0.5,3.01768116093
EPTQI,0.5,3.70236336416
QPKTE,0.5,3.83986688791
MYRQT,0.5,2.06201596017
KMNKT,0.5,5.34962304445
NDTEL,0.5,3.14798918328
ISTTN,0.5,5.4434450668
TMILS,0.5,2.02840756752
HPAIT,0.5,2.75894689253
QSTRL,0.5,3.62603648008
VTSAI,0.5,2.18041066097
QTLPF,0.5,3.82371714792
SNNRI,0.5,2.56897594888
TSMTN,0.5,2.56630181459
LPTRD,0.5,3.77602040589
TTNAP,0.5,3.36098290661
PLRYP,0.5,2.33241375441
KPHIW,0.5,3.99233831281
QKHTT,0.5,2.11002133308
TQFLG,0.5,2.61591226281
PMSQH,0.5,2.22771637575
QPLPK,0.5,2.72097904233
LTNNM,0.5,2.29059357872
LHMQT,0.5,3.50233875585
ATHQT,0.5,4.19635220484
NVHQT,0.5,2.51744564824
PRQTD,0.5,4.63609014475
QSQLL,0.5,4.85848256608
NNLQN,0.5,2.4661651433
SSTTP,0.5,3.24550568919
WPSKQ,0.5,5.26220475213
QLQTP,0.5,2.96685872713
NSQTH,0.5,2.29905515747
KHNPC,0.5,2.59544816025
NRGYK,0.5,2.19105790517
MMYPM,0.5,2.38899728278
QNAMN,0.5,3.16104533611
KFKSS,0.5,2.46853604776
KATYH,0.5,2.13150106048
LIALT,0.5,2.87838212352
SQTPR,0.5,2.38104852967
DSTHP,0.5,3.26900458424
HIKSH,0.5,2.13150106049
TKPSL,0.5,3.42407974193
KSTQH,0.5,3.0984333588
QDPSQ,0.5,2.18779019133
LSTAS,0.5,2.14025353449
LNHHW,0.5,2.51452816486
ANQIV,0.5,3.01602384307
KTNKP,0.5,4.53886463188
AFPSS,0.5,2.50618082215
SYHQP,0.5,2.17398439181
PTHNQ,0.5,2.89500844211
RLHPS,0.5,2.59544816025
PTGLP,0.5,3.67791032044
ITPKN,0.5,3.37971946919
QYHPI,0.5,2.7233229828
CSRQQ,0.5,3.22993079681
NITMN,0.5,2.77987273138
QPMSK,0.5,4.26346640069
RSPSL,0.5,2.65203168861
RSHNN,0.5,2.454092311
NKLNP,0.5,3.18041066097
YCLNN,0.5,2.63609014475
TSQQD,0.5,3.57308034722
ADSLN,0.5,2.59544816025
ESNQE,0.5,3.34390939325
NSLTF,0.5,3.10641007953
NQYHP,0.5,2.82810891703
HTVNP,0.5,2.78448198464
THRNT,0.5,4.13442445569
AHNHP,0.5,2.53655447119
TTPYQ,0.5,3.35617124553
HHTIT,0.5,3.89557188481
NSTKI,0.5,2.36098290661
HNDKP,0.5,3.09454992431
NVTAA,0.5,4.69558483153
EAHRT,0.5,2.06998667127
AVPLQ,0.5,3.11305539317
AKHTL,0.5,2.06493344354
SHIQT,0.5,3.21211952069
SYRTH,0.5,3.19334971668
NECAK,0.5,2.30715084324
VPTPY,0.5,3.66583748814
SLKNH,0.5,3.76828475711
KTCNT,0.5,4.41453237489
PTSTR,0.5,2.43498348806
HSQLQ,0.5,3.7900955911
IYNPQ,0.5,2.02840756752
ATSQK,0.5,3.08087498742
AGHTH,0.5,2.65203168861
KLQSQ,0.5,2.47229992947
QQAHQ,0.5,4.34962304445
ITQHP,0.5,3.30247143906
ISATP,0.5,3.7986111101
RETTN,0.5,3.17299318941
RETTA,0.5,3.38708262418
TVRHT,0.5,2.81971299591
LNPDP,0.5,2.83151551848
AAIQT,0.5,2.77142583181
QNPVP,0.5,2.09664230327
AQNAN,0.5,4.41307141776
TGKTY,0.5,5.84751144825
NENTN,0.5,2.88649694225
RTTAT,0.5,2.20842503714
VCNFT,0.5,2.75211126228
TPQIP,0.5,2.90578828086
NGTAG,0.5,2.03905481172
SISTT,0.5,2.09168174237
NTQLQ,0.5,2.13601654161
IFFHT,0.5,2.96383556623
WHCQT,0.5,2.26287282116
PRTQQ,0.5,3.61184259849
PRTQC,0.5,2.30247143906
NERTN,0.5,2.36717917257
HVSMT,0.5,2.4434450668
RHSVT,0.5,3.24752485683
DTVTI,0.5,2.29237909261
QMHTQ,0.5,2.0984333588
AAPNY,0.5,3.12596287694
THSAN,0.5,3.92559676194
NHKQT,0.5,2.08087498742
KTKSD,0.5,2.06668908118
LPWSA,0.5,3.82810891704
PTQSK,0.5,3.28250884859
TPTTR,0.5,2.04096061786
CKYRM,0.5,3.6192949022
HSNQL,0.5,2.29588787838
NTYTT,0.5,2.29951527389
NTYTC,0.5,2.1610453361
NTYKT,0.5,2.64149552777
HDQNA,0.5,2.3686772984
MVHQP,0.5,2.38899728277
RCTYL,0.5,2.77177093289
VGQIT,0.5,2.9739597835
QTYTK,0.5,3.76828475711
TLFAP,0.5,3.68855756464
MPYHT,0.5,4.29144197335
VPKPL,0.5,4.37505809182
KSTYQ,0.5,2.52628613574
SASLQ,0.5,2.08909549422
SHVSS,0.5,2.10203959741
KPHWS,0.5,3.1276691989
KPTKV,0.5,3.54653855976
VHATR,0.5,2.72958483289
ESRTQ,0.5,2.454092311
SLPST,0.5,2.16333714761
PYNQT,0.5,2.83294747397
HTEDP,0.5,2.99598608983
TTCVT,0.5,2.80957296559
FTEDL,0.5,3.47515392653
SQTEI,0.5,4.79708202142
FTQPP,0.5,5.13770621001
QNTPN,0.5,2.55555543312
NAQTN,0.5,2.86675018206
TNLQS,0.5,2.50525035127
RIHSH,0.5,3.26447492576
LNTKS,0.5,2.70236336416
PICPN,0.5,4.50233875586
YKTQV,0.5,2.51697410222
KNSSL,0.5,3.6192949022
EEIPL,0.5,2.65957849767
MTAHT,0.5,3.38658272985
FTFTT,0.5,2.16968425438
LQHTA,0.5,2.68855756464
QRSTT,0.5,2.11597878837
NANRN,0.5,3.73295168399
ITSTN,0.5,2.01768116093
DKPIT,0.5,3.37038160461
INKTN,0.5,2.10596596838
QGATP,0.5,3.96002059254
TMAKP,0.5,2.55509042263
KVPTL,0.5,3.64275387502
KVPTR,0.5,2.8095729656
HASHF,0.5,2.16660486144
YPSKS,0.5,4.31791418472
PHLPI,0.5,2.05112764402
NHHTH,0.5,2.13334240731
NHGTP,0.5,2.39905094744
HKTNI,0.5,2.27352006536
HNDTS,0.5,3.59544816025
STSQS,0.5,3.12596287694
STSQY,0.5,3.51764600865
PYLSA,0.5,4.37505809182
ATPSQ,0.5,4.09949066558
TMATR,0.5,2.43106134234
MLQSP,0.5,4.34880819266
PDHTN,0.5,2.83151551848
HPAYP,0.5,3.78338111084
VSTRT,0.5,2.67561850893
NPENA,0.5,4.09794850077
PMRVS,0.5,3.04610956926
QNMYT,0.5,2.36098290661
QKQHT,0.5,2.29417953592
TTNQN,0.5,4.9739597835
YKLHT,0.5,2.53225433376
TPAVP,0.5,3.82956987417
NTQTH,0.5,3.09664230328
PRTYS,0.5,3.96002059254
HPDKT,0.5,4.28982187769
TATHP,0.5,3.58510621603
KSSYR,0.5,2.49869492737
RKTNT,0.5,3.10359506392
RHYPP,0.5,2.7499581093
CTNAN,0.5,2.03796639595
QSFTH,0.5,2.25537271865
HTTPC,0.5,2.13719859415
CQQRD,0.5,4.29144197336
SHQQT,0.5,5.60059146352
HKHSS,0.5,2.49330127324
NSHSL,0.5,3.681604804
KTKKS,0.5,2.99598608983
NTRDK,0.5,3.40654548399
VTNTP,0.5,2.02840756752
LITRP,0.5,2.14798918327
KCKYA,0.5,2.15852754307
NLRPK,0.5,2.28911692041
ASLMT,0.5,3.16248875297
STKHS,0.5,2.93648507808
SALYP,0.5,3.91737625513
YTTQG,0.5,2.39381429908
TAYTP,0.5,2.87838212352
ANQYN,0.5,2.71907950941
ILQNN,0.5,2.90155128797
YTPPR,0.5,2.80277313349
HEYNN,0.5,2.50381768478
TPNKS,0.5,2.99325112211
TTSKL,0.5,2.88682719177
QHSTD,0.5,2.98247128336
HHNNQ,0.5,3.18041066097
ISETD,0.5,3.71646356121
STWNN,0.5,5.79708202142
SPKRT,0.5,2.667597946
QRTMW,0.5,3.27352006536
QRTMP,0.5,2.41102358911
KSDGT,0.5,4.5214475788
CSNNN,0.5,3.03251196586
RNETT,0.5,2.12151697191
NNHTF,0.5,3.4434450668
RISYP,0.5,2.25441124241
MARQT,0.5,3.19951948391
TSVAQ,0.5,2.01048565953
TIPMP,0.5,2.98972709936
PPKHT,0.5,3.75156736215
AYNTT,0.5,2.88017763718
LEATQ,0.5,2.4434450668
FRTQH,0.5,2.69978482006
FRTQP,0.5,2.66221717246
PHITR,0.5,3.11679456167
PMPQM,0.5,3.47972045319
ITKSQ,0.5,2.99788562275
WPPTP,0.5,3.1539384496
STQKT,0.5,2.52985981862
PLTKP,0.5,2.72808592882
LHTQH,0.5,2.48111548477
KFHNC,0.5,2.4255231588
KFYKT,0.5,3.51452816486
SHNTK,0.5,2.39821581281
LRQNV,0.5,3.86846665465
MMLPK,0.5,2.97712706257
NEYKH,0.5,4.13150106049
QTVAT,0.5,2.00470330693
ELTTP,0.5,3.04610956926
HAYTP,0.5,3.11347965285
NSTVQ,0.5,2.68855756464
LESSP,0.5,2.59544816024
PTKQD,0.5,2.24550568919
ENNYT,0.5,3.4434450668
TCNPN,0.5,2.89242989801
HQIQP,0.5,2.54437397565
PSNYP,0.5,2.36098290661
STMRH,0.5,2.732951684
NTTFN,0.5,2.03024891435
RMQSD,0.5,3.79708202142
TLNNP,0.5,2.70647947263
TLNNS,0.5,3.10133908998
TDDIS,0.5,2.56302668256
ASQYP,0.5,4.57468960008
PSHSP,0.5,5.46051858016
EDVHH,0.5,2.15487556886
SAPHA,0.5,5.449158718
TRTPK,0.5,2.65203168861
TRTPH,0.5,2.40597036138
FDLDQ,0.5,2.73295168399
HNCTN,0.5,2.17164045134
NMANA,0.5,4.11482231934
DERTN,0.5,3.83248735755
HKSFT,0.5,4.14141652935
RTCEH,0.5,2.79457080226
RTTGM,0.5,3.11002133308
DVHAT,0.5,2.29818211959
TYSAP,0.5,4.86309919415
QPKIP,0.5,3.5005889739
QPPTH,0.5,2.18751754747
LAHRT,0.5,3.59544816024
NQCTN,0.5,2.681604804
NETQF,0.5,2.38622019811
TCYTT,0.5,2.59544816025
WTNRP,0.5,3.01427723869
NHTKF,0.5,3.98972709936
AACGR,0.5,2.1276691989
ANYSI,0.5,2.83423501983
FDSTH,0.5,2.51637658925
KSSQA,0.5,5.13150106049
PNRFP,0.5,4.43106134235
CVQQH,0.5,2.29237909261
QTLSN,0.5,2.30208921755
CTTNT,0.5,3.37785672517
QKHQP,0.5,4.21211952069
PLADA,0.5,2.98047309046
CTTNK,0.5,2.91737625513
CTMYD,0.5,2.01048565953
TNSFH,0.5,3.27352006536
TWPTT,0.5,2.23504591754
LTAYA,0.5,2.06201596016
AKDTN,0.5,2.02840756752
NSTFH,0.5,2.56630181459
NDRMT,0.5,2.9077260851
NPLRA,0.5,2.99233831281
YTTIN,0.5,3.87177938869
MNNYN,0.5,2.83911724121
TLPHA,0.5,2.92377402633
RSGTP,0.5,3.56419722626
KCRPL,0.5,2.0039130056
TTSSP,0.5,3.82810891704
IKASN,0.5,3.60650334876
KGSAN,0.5,4.41919752055
TAHHP,0.5,2.95801823963
YEWLS,0.5,4.09369902777
PCIPT,0.5,2.67269115918
YKITT,0.5,2.59544816025
MHTWY,0.5,2.24314641632
AHTFC,0.5,2.84883239605
KKPHT,0.5,2.04170439014
TNEPL,0.5,3.27825798436
NRNNL,0.5,3.35444006074
EKMTS,0.5,2.01048565953
QAQLP,0.5,3.46334462424
NYNTH,0.5,2.62715701997
NYRNH,0.5,3.11223915833
HRSMV,0.5,3.87838212352
LHTAV,0.5,2.42659939537
LHTAP,0.5,2.77987273138
NAYAD,0.5,2.11482231934
PTSDR,0.5,2.34223281544
PTGKQ,0.5,3.10539730655
ITPNN,0.5,3.1178691949
STPSH,0.5,3.27352006536
PKPEP,0.5,2.80334101189
NSRLN,0.5,4.1610453361
PKPEM,0.5,2.27352006536
KIYQT,0.5,4.22253613664
IHNSS,0.5,4.11482231934
HLYTA,0.5,3.8895094617
PPNTP,0.5,3.31165519425
ESNRN,0.5,4.66271138715
PPATN,0.5,2.39952795026
PTKYI,0.5,3.96084428371
NTTNY,0.5,2.35444006074
HSHKS,0.5,4.45342915537
STTAV,0.5,2.0001437153
RQSPN,0.5,2.66882134658
LHNDL,0.5,2.02840756752
CDTAN,0.5,2.05487977888
DQPTH,0.5,3.85848256608
TNTYN,0.5,2.77602040589
FPGSA,0.5,2.13150106049
HAMKP,0.5,2.4959124867
TAAMH,0.5,2.4434450668
FVNYT,0.5,2.43271866021
RASPP,0.5,2.33241375441
SSYHT,0.5,3.89801093027
SLLSH,0.5,3.21693653699
LPHIS,0.5,2.87838212352
SEQQH,0.5,2.13411700869
TSNAV,0.5,2.72097904233
THTRN,0.5,3.39246113808
STHSF,0.5,3.87838212352
EHFSS,0.5,2.10888936359
YLYSS,0.5,2.05112764402
IMPTP,0.5,2.2064058695
ENNLH,0.5,2.29288539023
KHKHT,0.5,2.24035320142
SYTQV,0.5,3.19951948391
FVRQT,0.5,3.57932849488
MPHSL,0.5,3.71092537767
QTARS,0.5,2.03094976208
ATSRA,0.5,2.71409265675
LRHQT,0.5,4.05349854849
APTML,0.5,2.38899728278
QIHMS,0.5,3.08087498742
RHLNN,0.5,4.28634410572
SSITK,0.5,4.10133908997
NQQLT,0.5,3.76078589219
PCTQP,0.5,2.61359550696
PLHPL,0.5,2.92559676194
LCTAP,0.5,5.08087498742
SWYLS,0.5,3.57932849488
ATVNN,0.5,2.42879829084
STFMQ,0.5,3.11002133307
AIPLV,0.5,2.01674465
NRDHF,0.5,2.61747446658
KRPTS,0.5,5.00687440598
KMPTI,0.5,3.32414613843
TMSHT,0.5,2.96714925138
KYPMN,0.5,2.4028030823
RHSQP,0.5,3.92887189397
SDLTQ,0.5,3.38899728278
DQARE,0.5,3.15804284794
QTLNL,0.5,3.37785672518
QNFQN,0.5,4.4434450668
NHKTA,0.5,2.04930490841
YGTSL,0.5,3.1642909956
YTTAK,0.5,3.55892228422
PASTL,0.5,5.18307984775
NLEPM,0.5,2.75351300648
HIQST,0.5,2.34880819266
HSNTP,0.5,2.43229220587
KFTAN,0.5,2.94189857427
LNLTH,0.5,2.0577913743
NPQPC,0.5,2.20570468113
SNLRT,0.5,2.69673149608
SKQNP,0.5,3.4434450668
CTQSH,0.5,3.36749621357
KNENA,0.5,2.46991727817
NGPSR,0.5,3.9739597835
PYNTT,0.5,2.65684870491
TNLRP,0.5,3.33241375441
RYHTS,0.5,2.78809323819
CQTTP,0.5,3.23434946808
QTVQP,0.5,2.89801093027
QTQQQ,0.5,3.18605722411
LSNAN,0.5,5.28350415393
LSNAY,0.5,4.37785672517
PNITK,0.5,4.16660486144
PNITL,0.5,5.02840756752
RTAHT,0.5,2.52406352701
PTKAW,0.5,2.42879829084
MEPTN,0.5,4.31791418472
FSLNP,0.5,3.33960925582
TFKSH,0.5,2.1642909956
NTTVP,0.5,2.31791418471
STDRA,0.5,2.11002133308
HSLSP,0.5,2.12878497238
ITCLH,0.5,3.60503420908
KSPAL,0.5,4.07226185711
KSQMI,0.5,2.56630181459
PVSDA,0.5,2.7272380328
SLLKT,0.5,3.37432070615
TSAPP,0.5,2.40678659622
NPVYN,0.5,3.7900955911
HTVTA,0.5,2.15368029535
LTTSL,0.5,2.9739597835
FHTKH,0.5,2.4164780192
QASST,0.5,2.35152257736
NTTKS,0.5,2.46991727816
FTSRP,0.5,4.98670827625
KQQQT,0.5,2.01048565953
PSNTH,0.5,2.42430001754
TCAVT,0.5,2.11482231934
HDRTP,0.5,4.75156736216
NNYTP,0.5,2.16833782867
NANLN,0.5,3.22771637574
INNEP,0.5,3.91737625513
NKYST,0.5,3.95159197048
PCQTP,0.5,2.54454726195
SYNSE,0.5,2.11679456167
YDDFN,0.5,3.4661651433
VTPHT,0.5,2.25624207393
TSTKN,0.5,2.65494917199
QTTPC,0.5,2.45596310665
KDDTS,0.5,2.18159757592
HSGKT,0.5,2.18041066097
DHNTP,0.5,2.31304842955
FDCQN,0.5,2.67206944184
PGHFP,0.5,2.38245443691
CRNIT,0.5,3.4434450668
PNASQ,0.5,5.63887044054
RTKHT,0.5,3.87838212352
QYPQH,0.5,2.19366675767
RWFHT,0.5,4.9077260851
CSQAP,0.5,3.13150106049
RITQA,0.5,4.96109763256
RNATM,0.5,4.49356854623
QSNNI,0.5,2.93063235183
QATTP,0.5,2.09168174237
THIRP,0.5,3.01048565953
IPHTA,0.5,2.69137258025
TSLHT,0.5,3.67561850893
ENDTK,0.5,2.89912455058
LKTSQ,0.5,2.81193998014
EHTKE,0.5,2.89242989801
FLPSH,0.5,2.05112764402
HSINP,0.5,2.78516588844
HDATT,0.5,2.51452816486
SMQNL,0.5,3.18041066097
TAPEP,0.5,2.10359506391
TAPES,0.5,4.58094859055
VNSHR,0.5,2.83151551848
SAKDN,0.5,3.47229992947
QRNPG,0.5,4.06359699599
GGFPH,0.5,2.67561850892
AILSA,0.5,2.66882134658
ASMWD,0.5,2.91988311075
YASGP,0.5,2.19290160515
HSNKP,0.5,2.80403478205
MTKLP,0.5,2.16333714761
CTVQN,0.5,2.3686772984
RTNHH,0.5,2.56725126842
RPHMT,0.5,2.92887189397
ANMNN,0.5,4.04610956925
MPSHV,0.5,2.23699418933
QTHSP,0.5,4.00144051992
NVDTN,0.5,3.30428231913
HPRVP,0.5,2.06067141669
KYTPH,0.5,3.77602040589
SRQAP,0.5,3.92887189398
RHNHP,0.5,2.27352006536
NPHIT,0.5,3.7737854015
SINTQ,0.5,2.50300191148
HRDHS,0.5,2.4434450668
RTAYT,0.5,4.007345952
ARQHT,0.5,3.46114706853
YAMPL,0.5,4.4434450668
MSQGR,0.5,4.63107206998
NNPPK,0.5,4.66583748814
TTPVT,0.5,2.90715641281
HTAQL,0.5,2.732951684
HSSEG,0.5,3.12950976267
NSDSM,0.5,2.20162714688
KHHNT,0.5,2.42732540144
LHSTV,0.5,3.29271363059
STPNN,0.5,2.2300808041
QSPIC,0.5,3.36662946975
IQPSI,0.5,5.18441259152
VCSHP,0.5,2.48651378869
TYNHT,0.5,2.43910613108
GDRTP,0.5,4.71092537767
NIYTN,0.5,5.53886463188
NIYTE,0.5,2.59544816025
QKTSI,0.5,3.46991727816
EQTSL,0.5,3.76348605214
NSHSN,0.5,2.20842503713
TKIWP,0.5,2.41102358911
SDDHH,0.5,2.32695932432
SDVPH,0.5,2.17352427538
CYDHY,0.5,2.50768965447
PHPAQ,0.5,2.47954904049
HTALV,0.5,2.25334218342
CMRQI,0.5,3.23434946808
HKNRS,0.5,2.76537316168
LVTSA,0.5,4.76994589148
CYQRQ,0.5,2.16660486144
CTKMP,0.5,3.52985981862
CTKMQ,0.5,2.28911692041
PQTKP,0.5,2.1276691989
LTSNQ,0.5,2.01648440014
QIQSL,0.5,2.85848256608
LRHAS,0.5,2.64275387502
SKNHI,0.5,2.09794850078
SNAQL,0.5,2.06642383112
TRAEQ,0.5,2.65203168861
ETNKI,0.5,2.52985981862
PAAEH,0.5,2.67724225141
KHQYT,0.5,2.29189859467
ASNRI,0.5,4.17164045134
CSPEP,0.5,3.49075078158
WARTF,0.5,2.33765040277
QHILS,0.5,2.42963926727
LAHQT,0.5,3.10359506392
NNTHC,0.5,3.08087498742
NNTHH,0.5,3.77602040589
VQAGL,0.5,2.46420362697
SCSIS,0.5,2.96157605904
QSTTE,0.5,2.24035320142
SGLTF,0.5,5.55892228422
PHTTP,0.5,2.28057482289
NHTLQ,0.5,2.59093267913
HYTDC,0.5,2.58803068868
SNSYQ,0.5,3.33241375442
TSPMN,0.5,2.68069544686
TSSET,0.5,2.06493344355
TNSIH,0.5,2.2121195207
NTHVH,0.5,2.70647947263
DYEQA,0.5,2.31304842955
TEPVT,0.5,2.76118536472
PYPLT,0.5,3.59544816025
LTNTN,0.5,3.15266567049
CHQKP,0.5,4.34880819266
CHQKA,0.5,2.22105264546
TPDLN,0.5,2.75298943723
ITTTL,0.5,2.90847070191
PRPDH,0.5,3.30100080178
TALQQ,0.5,2.92457175654
HLFNP,0.5,2.32663140182
PRSTP,0.5,2.36973538062
QLLRT,0.5,3.45938661067
LTAQN,0.5,4.96468196991
PQPPS,0.5,3.4434450668
PTNTC,0.5,2.36278740346
RGMNP,0.5,3.09552176338
QEHAE,0.5,3.86479634001
QYTTH,0.5,2.73295168399
KKPPA,0.5,2.80189903771
SQSHP,0.5,2.15749626902
KCQTD,0.5,4.39821581281
TQSGT,0.5,2.13859048528
PYTRS,0.5,4.63107206997
TMTLD,0.5,2.98972709936
LLTTP,0.5,2.21974880892
LLTTD,0.5,2.00532395441
SAPMQ,0.5,3.39281899373
QITTH,0.5,3.4028030823
VKLQH,0.5,3.54653855977
AKKQN,0.5,2.06607798549
NNHQN,0.5,2.42036145368
HTRTR,0.5,3.732951684
AVIPN,0.5,4.723552986
CETAW,0.5,2.59544816025
HQTWH,0.5,2.08087498742
YYPSE,0.5,2.17836283232
FDTHH,0.5,4.07480047301
NPMSR,0.5,2.11124863646
HTSAM,0.5,2.03905481172
SDTLP,0.5,3.11002133307
PMFTP,0.5,3.25334218342
NLQNS,0.5,2.08087498742
TTLDH,0.5,2.92887189397
GRSTK,0.5,3.6829110015
THRSN,0.5,2.1610453361
TPPTQ,0.5,2.4434450668
TRQLP,0.5,4.02245830119
QPYKS,0.5,2.25703194257
GGQFP,0.5,2.09949066558
ITKTP,0.5,2.39978383801
RPFHT,0.5,2.85848256608
EQSTL,0.5,4.1190101163
TYAPH,0.5,3.7186249025
HSTQH,0.5,3.35152257736
HSTQY,0.5,2.72166587644
QTVDT,0.5,2.34946891859
ANEDD,0.5,2.42036145369
NYSRA,0.5,4.36098290661
NDISN,0.5,2.51744564825
THTHT,0.5,2.08848817153
HLNIT,0.5,3.3475206468
NTIQS,0.5,2.88495477744
PAHAQ,0.5,2.19551755336
NQSHI,0.5,2.01048565953
NTNQD,0.5,4.08087498742
KTSDN,0.5,2.51298600006
MLQWP,0.5,2.78448198464
LNMPK,0.5,2.4434450668
YVHHT,0.5,2.13150106049
RTYSN,0.5,3.33241375441
NTDLT,0.5,4.21837851116
TNWTT,0.5,2.42552315881
NMHLP,0.5,2.01636222586
PTNTH,0.5,2.90578828086
HPPSD,0.5,2.14388478495
SMSSN,0.5,2.99713610586
TSNLN,0.5,3.51298600006
TSRQL,0.5,3.01768116093
MESTD,0.5,2.29341962279
QSQQQ,0.5,2.30594154305
TSAMN,0.5,3.70124282427
IEKTH,0.5,4.60980345323
IEDTS,0.5,3.01336816806
CTLPR,0.5,3.40737581209
KPSTD,0.5,2.39784820036
TTTSF,0.5,3.00932172639
NLMNQ,0.5,2.46907087448
TTKAT,0.5,2.60945501824
ESTRA,0.5,4.34546990724
TRHNT,0.5,2.72341632185
HNRQT,0.5,4.48297343099
CTAHE,0.5,3.20344162962
AVYTN,0.5,2.05939526
KESTT,0.5,2.36098290661
SKQHL,0.5,2.59544816025
HLINT,0.5,2.35152257735
EPTWH,0.5,4.31791418472
INTND,0.5,2.30100080178
RHAQT,0.5,2.88495477744
CRRTH,0.5,2.48651378869
NQCQN,0.5,2.19951948391
QSTLS,0.5,2.03536032817
QSTLC,0.5,4.18041066097
QAMPH,0.5,3.66583748814
KSNNI,0.5,2.37305573891
QHLTQ,0.5,3.30326740875
SNNTH,0.5,2.59544816025
MSHPP,0.5,2.16248875297
PNHTD,0.5,2.31903472461
YTAAY,0.5,2.176222864
LCHQS,0.5,2.68380403467
TRHNN,0.5,3.07583939752
PAAVP,0.5,2.17164045134
LCHQH,0.5,2.32414613843
HNHTS,0.5,2.81541384419
NLSAS,0.5,2.59544816025
SSRNT,0.5,3.67561850893
PSRFN,0.5,2.33010359372
GSHTP,0.5,2.60742080191
YHTNL,0.5,2.11305539317
HKPTL,0.5,3.08087498742
TPDTY,0.5,3.30326740876
RSTQQ,0.5,2.24226913137
CQPNK,0.5,2.35152257735
SNYPF,0.5,2.32414613843
NHTQL,0.5,2.28474732078
LSLDP,0.5,4.89557188481
LRNAT,0.5,2.99841282722
MNNTN,0.5,3.19209246601
PHAQT,0.5,3.60934260191
MSPTK,0.5,2.88424566215
ERPMD,0.5,2.56630181459
HQNNS,0.5,2.88017763718
QATAK,0.5,2.31791418471
CTPKY,0.5,3.08087498742
PTHSP,0.5,2.0705330432
QPTLN,0.5,4.77602040589
ETNHS,0.5,2.43339140214
GSLLP,0.5,2.33765040277
QTSVG,0.5,4.27352006536
TSYNP,0.5,2.08087498742
QRTPK,0.5,2.50798531899
PILMT,0.5,2.03745270712
TLSSV,0.5,6.52618549781
HTIDD,0.5,2.4028030823
PVHWT,0.5,2.08710694113
PAYAP,0.5,3.98317831353
PAYAQ,0.5,2.02463975383
THTRL,0.5,3.56743378408
TQSTT,0.5,4.23699418934
KLYNI,0.5,2.6911315083
EAPEG,0.5,2.14798918328
PYKAP,0.5,2.81604729976
YATKP,0.5,2.56195124826
NCNQP,0.5,3.15266567049
NAVLA,0.5,2.22105264546
TDVST,0.5,3.07226185711
NNHTD,0.5,3.18912787807
HNNVT,0.5,2.68855756464
MYSHS,0.5,4.18041066097
PYATR,0.5,3.15986328356
PQSTH,0.5,3.11482231934
QSHIT,0.5,3.13150106048
NHWTP,0.5,3.14798918328
NEISN,0.5,2.66256235611
TLTHA,0.5,3.22105264547
TLTHP,0.5,4.77177093289
HTNTL,0.5,4.02354181235
AYYSI,0.5,2.05373885748
QNNHN,0.5,2.08087498742
PNNSA,0.5,2.59544816025
QKSSW,0.5,2.81408844672
RTRTE,0.5,3.46334462424
RTATA,0.5,3.23930435002
RTATK,0.5,3.16660486144
YTLHT,0.5,3.9739597835
DNHYI,0.5,4.06359699599
HSMHS,0.5,2.32414613843
ITPTT,0.5,2.38899728278
NYAHG,0.5,3.27352006536
LQTHT,0.5,2.08087498741
TCANR,0.5,2.23699418933
IRHTM,0.5,3.85848256608
RVNHP,0.5,2.64966855124
TKVPM,0.5,2.85848256608
VDLPQ,0.5,2.70647947263
NKPNP,0.5,3.01427723869
EPKTS,0.5,2.71535762398
PLTTP,0.5,2.77177093289
RSQHP,0.5,3.78809323819
SRNKS,0.5,2.3654425548
VTAHP,0.5,3.17930472374
WYNTA,0.5,4.4434450668
TISPL,0.5,2.00050157095
DQNTT,0.5,2.11176899536
DCKYT,0.5,2.22105264546
TQTQT,0.5,4.21837851116
SWDIT,0.5,2.80957296561
LFHTH,0.5,3.6192949022
LFHTA,0.5,3.34199980324
NTDYA,0.5,4.11002133307
CALNQ,0.5,2.36098290661
PSHAC,0.5,2.50731724997
MTNPH,0.5,2.0540333752
MTNPN,0.5,2.81408844672
STIAH,0.5,4.60264366165
IQHAT,0.5,2.38717684715
ASHTY,0.5,2.34390939325
QPHTK,0.5,2.57730081354
HMVTE,0.5,2.99174909694
VSTTM,0.5,2.4959124867
VSTTH,0.5,2.47515392653
QVQHP,0.5,2.51452816486
TVSTN,0.5,3.4434450668
GTDFA,0.5,2.73983806958
MSHHP,0.5,2.36098290661
FKNMS,0.5,3.23699418933
SSFSN,0.5,2.02840756752
HFKSM,0.5,2.79136837022
QKNHI,0.5,2.05112764402
DPTSK,0.5,2.33492061002
ATLHH,0.5,2.54653855977
NTQNA,0.5,2.96539776999
ATTQQ,0.5,2.10557542804
HIHEI,0.5,3.41102358912
AIKSV,0.5,2.84065556911
NTVPW,0.5,2.47515392653
QHCKW,0.5,4.11002133307
IRYNT,0.5,2.7248994117
SATPK,0.5,2.78307516343
IHLDP,0.5,2.12151697191
TASLL,0.5,2.04610956926
HNGTP,0.5,2.723552986
TKTWN,0.5,3.70647947264
TKNIT,0.5,2.19951948391
SIIDN,0.5,2.74482578428
NSAKT,0.5,3.32227937729
PTQQS,0.5,3.22105264546
NYTAP,0.5,2.86988732935
PFKSN,0.5,3.26447492576
PTQQL,0.5,2.7416689011
LPTTK,0.5,4.5365544712
IVISS,0.5,2.13150106049
CKNYH,0.5,2.22393803651
YHTQI,0.5,3.26254894753
LATKL,0.5,2.52727665761
HRITL,0.5,2.6192949022
KSMQP,0.5,2.15037183459
CAKKL,0.5,3.76994589148
GQLYS,0.5,2.54653855977
HVTEN,0.5,3.90578828086
YEPNR,0.5,3.34880819266
RDPTH,0.5,2.27352006536
KKSMS,0.5,2.50940832918
PCYHD,0.5,2.61232197881
ARHTA,0.5,2.71015981912
QMSTH,0.5,2.31791418472
YRPKS,0.5,4.12596287694
TQMYT,0.5,2.8095729656
TTISH,0.5,3.74925349632
CYYTQ,0.5,2.4661651433
TQHTL,0.5,3.82371714792
TQHTT,0.5,3.35693607355
KAQQS,0.5,2.21541711079
HLVTS,0.5,2.90155128797
QESAE,0.5,2.82810891704
STGSP,0.5,2.79562254224
DSPHY,0.5,2.03251196586
MRNRT,0.5,2.29059357872
RISGT,0.5,4.34676904739
HTNLS,0.5,3.84033521937
ANHTL,0.5,2.12318579227
NPTNG,0.5,2.85848256609
YKTSP,0.5,2.80403478205
DRLPN,0.5,3.05112764402
DCRPR,0.5,2.007345952
SIHGT,0.5,2.39905094744
YLPEN,0.5,2.75351300648
TGTVT,0.5,2.69882590008
VYTSR,0.5,2.59544816024
QQSPR,0.5,3.66284744553
ATASN,0.5,2.65993688669
LWNLS,0.5,4.18751754747
MFTKS,0.5,2.68855756464
YAPEQ,0.5,2.52448163889
KFHDG,0.5,3.21211952069
AHNNV,0.5,2.56176503399
EDARP,0.5,3.64989594427
RDRMP,0.5,4.25537271865
HMSTF,0.5,3.46991727816
CWPQH,0.5,3.71409265675
QTNFP,0.5,3.00287247542
NPYTN,0.5,2.19408559786
SVDPT,0.5,2.41647801921
RFHST,0.5,2.61055505264
NSSLP,0.5,2.20267982481
SWNNA,0.5,3.96002059254
TGFRQ,0.5,2.70138160499
QNCET,0.5,4.33960925582
NANKG,0.5,3.06493344355
NLPQS,0.5,2.79980665876
NTTLI,0.5,3.03251196586
PVSQA,0.5,2.59544816025
QPRRQ,0.5,3.61591226281
TLATQ,0.5,3.08943700092
TLATH,0.5,2.25276150519
ISPMA,0.5,2.50618082215
HPSIA,0.5,2.54100037622
MNKTP,0.5,3.4434450668
APDKN,0.5,3.49591248669
YQSHD,0.5,3.34390939325
ISDNN,0.5,2.4959124867
YTRSA,0.5,3.6192949022
YQNSS,0.5,2.15546430383
HKHNL,0.5,3.08087498742
DDPTP,0.5,3.34390939325
NAHTA,0.5,2.18912787807
ASHAH,0.5,2.54653855976
QSAAF,0.5,2.732951684
NDTLH,0.5,3.53183206095
QKTFS,0.5,2.39690248086
RATQF,0.5,3.27352006536
SDRHS,0.5,2.0406858973
TVILS,0.5,2.55362798455
HMTQC,0.5,2.27352006536
KTLMT,0.5,2.47863449526
SQRLN,0.5,3.47319241019
HKHQI,0.5,4.98087919744
TPKDA,0.5,2.11597878837
LPTLL,0.5,3.18041066097
LITTR,0.5,2.53655447119
TYGTT,0.5,3.732951684
KASKT,0.5,2.22771637575
TNSLP,0.5,4.07480047301
MKTSP,0.5,2.31534024105
TNFAD,0.5,3.1610453361
HQFTH,0.5,4.37505809182
NNLHH,0.5,2.08087498742
LWTSP,0.5,3.46182359611
IGTHN,0.5,2.05112764402
KSYKT,0.5,2.59544816025
LYRHT,0.5,2.29521513646
RPVTM,0.5,2.45039782744
LRTAM,0.5,2.18041066097
HSVHT,0.5,2.4959124867
SDTTP,0.5,3.58266200529
SSRQP,0.5,2.75733584263
TTHSV,0.5,3.64477587261
QMSLD,0.5,4.79708202142
QKLQT,0.5,2.65366277419
MTQNQ,0.5,2.21462637631
HHWSL,0.5,3.27352006536
TGSRL,0.5,2.49738387392
PSRSL,0.5,2.88085037911
SMLKP,0.5,2.98401344816
ARETR,0.5,3.77275269205
HTRSI,0.5,3.35840896295
MLSDM,0.5,2.480677973
MVRHT,0.5,2.82371714792
SKFAP,0.5,2.39690248086
GCAQD,0.5,3.37905447953
YKSKT,0.5,2.64275387503
PPQTH,0.5,5.30100080178
KYEND,0.5,2.55362798455
HHPPQ,0.5,2.04489569031
TTPKA,0.5,4.59028645513
TTVSP,0.5,2.27352006536
AVTTK,0.5,2.43271866021
THHNG,0.5,2.76921522798
SESHT,0.5,4.59544816025
QQSHP,0.5,3.51248671123
NWTLP,0.5,3.08628848361
NAYKP,0.5,4.87640447408
EHHNH,0.5,2.67561850893
YATTP,0.5,2.3384755072
INLTH,0.5,2.50381768478
LHSSN,0.5,3.56019731306
SAQET,0.5,3.14251405322
MQRVT,0.5,3.66583748814
YPPQS,0.5,2.59544816025
PEPRT,0.5,2.69978482006
LSPDP,0.5,2.47898918365
PVSWK,0.5,3.80601514619
SAGTH,0.5,4.7865896476
YQTTE,0.5,2.85848256608
TQSEA,0.5,2.27905824891
TGLLT,0.5,3.28847040683
PTRLT,0.5,2.04388077994
RYNQG,0.5,2.28350415394
MTLNA,0.5,2.40816959205
QANDN,0.5,3.03433240148
TQNTH,0.5,3.23957273343
PTTRE,0.5,2.73599855955
PMRSA,0.5,3.12857172945
GSVKT,0.5,2.80189903771
QPSHR,0.5,2.6909284691
KINST,0.5,4.50873652705
PAETL,0.5,3.04962405343
NLPYR,0.5,2.41345032651
IAPHT,0.5,2.87686109539
QHEKA,0.5,3.507985319
NITHN,0.5,2.28982187769
HPTQF,0.5,3.63426740913
NPDII,0.5,2.02559255192
QMTHC,0.5,2.59544816025
HGAKH,0.5,2.9797888623
DNNIN,0.5,2.88495477744
TTKLC,0.5,2.36973538062
EMHHN,0.5,2.33241375441
DNTLQ,0.5,2.11002133308
HSPKC,0.5,3.39049618686
PSMSN,0.5,2.11482231934
INTMA,0.5,2.28911692041
HLIQN,0.5,4.24752485683
QTRTA,0.5,2.10612566453
FVTAT,0.5,2.40127561256
CAMSS,0.5,2.4434450668
ASHYE,0.5,2.92559676194
NNSKC,0.5,2.54522880476
QSTQN,0.5,3.27074298069
ANQTP,0.5,3.43106134235
SSPMP,0.5,4.61591226281
TSPHG,0.5,2.02354181235
STHPC,0.5,2.62266962898
LNQGT,0.5,3.77602040589
NGTVL,0.5,3.12151697191
QVPQH,0.5,2.52277909255
MINMS,0.5,2.96383556623
QSSAN,0.5,2.32796784938
EGQHN,0.5,3.4028030823
PVRTK,0.5,3.03251196585
YTKTQ,0.5,2.681604804
TFNKT,0.5,2.68855756464
ATITR,0.5,2.56004282411
PYPSG,0.5,2.85848256608
SRPPQ,0.5,2.04751639047
TYLTT,0.5,2.02985098439
RSSVV,0.5,2.88017763718
FQTYP,0.5,2.9797888623
SYRKP,0.5,3.2253640272
INPSP,0.5,2.19160886757
PKKSM,0.5,2.46022077955
SAKSH,0.5,2.06706918789
RNKLI,0.5,4.26447492575
PEHTK,0.5,3.08087498742
HYGSP,0.5,2.27352006536
LKTAP,0.5,2.95801823963
HYGST,0.5,3.99598608983
VDQRP,0.5,2.59544816025
QTSNM,0.5,2.92377402634
IATSN,0.5,3.90079337094
DWRTN,0.5,2.14798918327
CSTHV,0.5,2.71712671683
TSKMQ,0.5,2.33241375442
ASGTK,0.5,3.01048565953
DIRTQ,0.5,2.40903503602
RPQIV,0.5,4.66583748814
EPVPT,0.5,3.05592863029
ENVNN,0.5,4.22771637575
LSAFT,0.5,2.30171695719
TWNRL,0.5,2.11934913523
PGRPQ,0.5,2.81784058159
CQTAK,0.5,2.16248875297
QSENP,0.5,2.18332225639
TSYSQ,0.5,2.20243696729
LSNNP,0.5,2.87838212352
MSNRS,0.5,4.18779019133
PLESN,0.5,2.28323522019
PYTDL,0.5,2.51452816486
ITPLP,0.5,2.03251196585
YATLT,0.5,2.0577913743
HHTSN,0.5,4.08087498742
PQSQQ,0.5,2.05230583522
HVSTP,0.5,3.37505809182
LMNNQ,0.5,4.19408559786
NNGSN,0.5,2.05112764402
HATNS,0.5,2.33055101039
DGNIT,0.5,2.78253371285
QMASN,0.5,3.40100980048
PAGVA,0.5,3.05112764402
NFNHT,0.5,2.17533967142
CYKSN,0.5,2.33241375441
GLPPN,0.5,2.34880819266
GATTN,0.5,3.24035320142
SKHLV,0.5,2.45887510737
YNSQH,0.5,3.59544816025
YNSQV,0.5,2.12499754065
PAVES,0.5,2.54814244547
NRPTR,0.5,2.48711553846
MLETW,0.5,3.48853295633
NHSIS,0.5,2.55892228422
SNRHT,0.5,2.78253371285
LNETD,0.5,2.24314641632
QYDFW,0.5,2.12151697192
VRHSL,0.5,2.49869492737
QNVHT,0.5,2.06011642725
SVVHP,0.5,3.82195669006
MTDYG,0.5,2.42326718487
IMNLS,0.5,2.21211952069
TYTKT,0.5,3.78307516342
PSGLT,0.5,2.50058897391
AITHH,0.5,2.54200890128
RYNYT,0.5,2.47082150573
TNNYE,0.5,3.89801093027
LIQTG,0.5,4.126971402
ITHDP,0.5,3.12734941721
TPHHG,0.5,2.71263169961
INDHA,0.5,2.22771637574
FTHTL,0.5,3.9774236388
DTNAD,0.5,3.31999449515
LCMTN,0.5,3.59544816025
NMKPE,0.5,2.19757121212
ACTTL,0.5,2.10359506391
MIQHP,0.5,2.4959124867
DPTPS,0.5,2.2319409616
CPQPR,0.5,2.8817523454
DNYSA,0.5,2.8817523454
SMTTY,0.5,2.09949066558
TYSPT,0.5,4.47515392653
GSKQT,0.5,2.98972709936
HPMTH,0.5,2.91397767867
HPMTR,0.5,3.83710891529
DTVWA,0.5,2.03905481172
QLYKT,0.5,2.88822990947
TLTHH,0.5,2.47863449526
TKNDA,0.5,2.29237909261
KPGIW,0.5,2.16660486144
HQPTK,0.5,2.06011642725
HQPTI,0.5,2.02928325498
HLLTN,0.5,3.16104533611
DRQLH,0.5,2.27352006536
LRTQS,0.5,2.08087498742
RATTK,0.5,2.16863349319
LRTQC,0.5,2.85848256608
TSSKT,0.5,2.90465274752
ACRHL,0.5,4.3106093841
SVSQT,0.5,2.39281899373
GNPRL,0.5,6.22771637574
YTKAH,0.5,2.15322583164
QLQSN,0.5,2.47833985725
MQHSM,0.5,3.70890621003
NLAST,0.5,2.22599169528
HNYYS,0.5,3.27352006536
CNKND,0.5,2.892429898
TPTSS,0.5,2.75991873159
QQTLS,0.5,2.41102358911
QPITD,0.5,3.39591669672
SNPRT,0.5,2.35938080201
MMPLP,0.5,2.5214475788
HVTFS,0.5,2.18041066097
YRHKV,0.5,2.47739239872
GLANP,0.5,2.08980811219
GRSAC,0.5,2.30914397509
VKPIW,0.5,2.90287668544
PSKAI,0.5,2.38899728277
TGHRT,0.5,3.59544816025
KTNLM,0.5,2.66346658368
TPISE,0.5,5.08087498742
CSAHH,0.5,3.4959124867
FTQQL,0.5,2.05112764402
QNTQN,0.5,2.38899728277
PGDTP,0.5,2.82711839517
QNTQP,0.5,3.55942893745
NCSTK,0.5,2.4028030823
PSSRR,0.5,2.01048565953
RESSH,0.5,2.46853604776
DVRFG,0.5,5.18840345172
PVHMT,0.5,2.8891793633
SRVSH,0.5,3.14798918328
LLRTK,0.5,4.341264672
ARFTD,0.5,2.18041066097
KTAQL,0.5,2.30326740875
PNWTP,0.5,3.38043526928
HARTA,0.5,4.05755391318
RMTSC,0.5,3.4434450668
NQPKH,0.5,2.26124173558
ITSWK,0.5,2.59544816025
NTTTM,0.5,2.12377294585
PTNYN,0.5,5.90578828086
NRFQP,0.5,2.46334462424
EPHSR,0.5,2.53448014296
QTQHH,0.5,3.01048565952
QTQHS,0.5,3.08680794317
WSNTQ,0.5,2.7900955911
SSNQQ,0.5,3.47365967985
NSSIT,0.5,2.53090790805
CQSLQ,0.5,3.47997094283
NLLAP,0.5,3.12499754065
TQTTP,0.5,2.11223915832
PFSKL,0.5,2.51055926266
IGSTH,0.5,2.23434946808
YAQIT,0.5,2.30914397509
DATTP,0.5,2.53729640746
DATTT,0.5,5.11002133308
FVTQV,0.5,2.01894723827
NNNLA,0.5,2.732951684
SYTKV,0.5,3.45938661067
GNNWH,0.5,2.28549270702
PKLKP,0.5,3.99313209277
QRLSG,0.5,2.42238345127
APTSS,0.5,2.94811977857
SNTMA,0.5,3.29458168089
SHHAN,0.5,2.76750890603
TPPLV,0.5,3.00144051992
TTTMS,0.5,2.53822329156
PFPTA,0.5,2.02416059642
NICHH,0.5,2.36340556888
CTTPT,0.5,2.33856359726
NAHWN,0.5,2.05779137431
KLTFN,0.5,2.38899728278
QHTTP,0.5,3.10641007953
PDWLQ,0.5,4.05487977888
SGLRT,0.5,3.13150106048
TVTAC,0.5,2.36098290661
PLAMG,0.5,3.31981371763
QETKQ,0.5,2.55892228422
LITSE,0.5,3.66179065507
SMNTT,0.5,2.67477061291
CNRYN,0.5,3.03905481172
ITRHT,0.5,2.13310494619
AANTP,0.5,2.39453546632
ITTRL,0.5,2.20842503713
ITTRV,0.5,4.12151697191
ITTRR,0.5,3.2249762134
QRPLP,0.5,3.36466795342
YDVSQ,0.5,2.90578828086
KSMTH,0.5,2.77602040589
TTHLS,0.5,2.1642909956
LYSQS,0.5,3.14798918327
YMNSN,0.5,4.38343775744
APRNC,0.5,2.15487556886
RSLQQ,0.5,3.480677973
YTSQT,0.5,3.29806224962
RKFSM,0.5,2.96654231194
QNYTH,0.5,3.84236290072
RMSQH,0.5,3.00687440597
HDFHP,0.5,4.12170422547
DPKTH,0.5,3.10809645615
HNKLN,0.5,3.34592856089
SGKPS,0.5,2.68855756464
LTVAP,0.5,2.89801093027
RDAAP,0.5,2.36098290661
LVISQ,0.5,3.9739597835
PCRAP,0.5,2.42326718487
TTLNL,0.5,2.08087498742
AYSHA,0.5,2.00545884245
HTNIS,0.5,2.14798918328
KTSQP,0.5,2.18827277874
TSTSN,0.5,2.5214475788
GSYAP,0.5,3.75894689253
DLSTH,0.5,2.45185730662
SVNND,0.5,2.18779019134
QHKET,0.5,2.67951242504
FLSTP,0.5,2.19951948392
PRNAI,0.5,2.41102358911
FDPPV,0.5,3.50381768478
LSDSP,0.5,2.57217838092
TAKIT,0.5,2.20162714688
RPTAP,0.5,2.27352006536
IHNHT,0.5,2.27352006536
QTNMA,0.5,2.14798918327
YGNTH,0.5,3.87177938869
GTNPN,0.5,2.08087498742
HSWES,0.5,2.46114706853
QMTPP,0.5,2.08980811219
HENNS,0.5,2.4434450668
ETGMP,0.5,2.80957296559
FATQL,0.5,2.35444006074
MKSHH,0.5,2.12151697191
ITHTR,0.5,2.58164236072
HDTTP,0.5,2.15487556886
TDDHA,0.5,3.07544110137
RNLNT,0.5,2.61300653163
LYHTQ,0.5,3.45232321815
NKTSH,0.5,3.90715641281
YNDDH,0.5,2.76828475711
KSHMP,0.5,2.4028030823
QSGKF,0.5,3.14293595555
PWMPP,0.5,2.23434946808
FNSNV,0.5,3.64275387502
APMAV,0.5,2.58408829808
ETNEH,0.5,3.11002133308
PIKNC,0.5,2.71646356121
HIYSL,0.5,2.40476459864
TDAHT,0.5,2.03905481172
QPVGH,0.5,2.19408559786
NYTSH,0.5,2.94594540733
AVRLS,0.5,3.59544816025
NDTAL,0.5,3.24133965961
SDSKQ,0.5,2.55892228422
QTTAA,0.5,3.08087498741
QTTAD,0.5,2.98776558303
LAWRG,0.5,2.36098290661
NPKMT,0.5,2.08087498742
TKNTA,0.5,2.69436318632
MDNDS,0.5,5.36321445391
KSNHH,0.5,4.58510621603
QIHDH,0.5,2.28787535833
NPRFP,0.5,2.1610453361
LSHPK,0.5,2.29905515747
NFCTP,0.5,2.35693607355
THSVT,0.5,2.42879829084
NYTTP,0.5,2.36466795342
DAPPS,0.5,3.19105790517
HFTTD,0.5,2.72418147437
STYKT,0.5,3.40654548399
TQPSR,0.5,2.40949773487
QPLTP,0.5,3.08087498741
PKKTH,0.5,2.02840756752
QSQHP,0.5,3.6398422796
CMHNT,0.5,4.04403821924
PRQHL,0.5,3.50381768478
VSHEV,0.5,2.43540774774
VPPTI,0.5,3.34126467199
KDHSQ,0.5,2.36340556887
QTSKL,0.5,2.32937330009
ATNAP,0.5,2.4434450668
DQAEL,0.5,4.24752485683
SPHPI,0.5,3.01581910383
AQPVT,0.5,3.20313073746
HTPEY,0.5,2.01894723827
SLTAN,0.5,2.340191105
IRNSP,0.5,4.37225401894
ASLQA,0.5,2.06706918789
YHLPT,0.5,2.65522938858
FRLTD,0.5,2.38899728278
TELSA,0.5,2.29588787838
HHVTH,0.5,2.7896835691
TQCTT,0.5,2.04403821924
SQTTL,0.5,2.37588178299
PDIWG,0.5,2.22461046487
SQTTK,0.5,2.01805887923
RENAQ,0.5,2.67041021793
CSRHF,0.5,3.01336816806
ECNYN,0.5,2.47997094282
SFMHP,0.5,2.02354181235
GHSQL,0.5,2.3654425548
QITRT,0.5,2.13265752951
HLHWP,0.5,2.20162714687
VSTTL,0.5,3.70579426956
AAHST,0.5,2.08087498742
TSQHA,0.5,2.732951684
SIHTT,0.5,2.25079998886
MNYHP,0.5,2.34390939325
RLPIN,0.5,3.59544816025
TYRKP,0.5,2.39361391085
CYKKS,0.5,2.52144757881
TQQTF,0.5,2.19105790517
NCTAS,0.5,6.32663140182
PWLNV,0.5,3.2397317519
KLKTN,0.5,2.92505018302
HMLGT,0.5,3.79289422445
YPPTS,0.5,2.9077260851
RRKPT,0.5,3.02075399498
SSALS,0.5,2.67561850893
PKHQT,0.5,3.21693653699
TIHTE,0.5,2.05487977888
NKSTL,0.5,3.82991341388
NKSTA,0.5,2.03905481172
QTDHC,0.5,2.03024891435
TYHNN,0.5,3.31791418472
HKYQS,0.5,4.23930435002
TDSEL,0.5,2.93648507808
NTTYQ,0.5,2.0079961075
NTTYE,0.5,2.39191476616
LGHMP,0.5,2.4028030823
DKNTA,0.5,2.55892228422
QLANP,0.5,2.85848256608
PRSRG,0.5,2.87442410995
PRSRS,0.5,3.28474732078
RSAMP,0.5,2.48297343099
RNCTK,0.5,2.42036145368
LRSET,0.5,2.85848256608
MESRT,0.5,2.4255231588
RAILT,0.5,4.15887749942
KPCKS,0.5,2.46334462424
TSTYI,0.5,3.39821581281
AKSHF,0.5,2.11854540539
HKSAT,0.5,3.82371714792
MPSAH,0.5,3.4661651433
YKTHT,0.5,2.69854165321
HSKLN,0.5,2.25079998886
CTANN,0.5,3.24927251911
NNSVT,0.5,3.50233875585
VQTLT,0.5,5.00144051992
DLHTP,0.5,2.06979148829
DLHTT,0.5,2.7152255151
HLTTT,0.5,2.94189857427
PDTMP,0.5,2.67292691293
IRSAA,0.5,3.18041066097
EVRQT,0.5,2.08087498742
ISTPH,0.5,4.38394405505
DTHTH,0.5,2.74907134936
TASYM,0.5,2.30746739728
QTLTV,0.5,4.12437662605
HYDFN,0.5,3.33241375441
FQSHP,0.5,3.76994589148
DTYMT,0.5,2.37305573891
QVPLS,0.5,2.4579446365
IIKST,0.5,2.59544816024
KTHAH,0.5,3.84751144826
PTAQA,0.5,2.27352006536
INCTK,0.5,3.87838212352
INCTQ,0.5,4.88822990947
HHSHN,0.5,4.10133908998
PDDAI,0.5,2.37305573891
SSTPA,0.5,2.25441124241
CPRNT,0.5,2.40816959205
QLYHH,0.5,2.74558850967
QIHQH,0.5,2.08675155375
LIEPT,0.5,2.30326740875
LMCHE,0.5,2.06607798549
PNRRP,0.5,4.45839540826
TIAKC,0.5,2.93648507808
RATWT,0.5,2.2387546472
TSSTR,0.5,3.4434450668
YRHSV,0.5,2.31702170399
HSYTL,0.5,3.88232930804
HETLS,0.5,2.4434450668
HNYTN,0.5,2.19105790517
TNFSN,0.5,2.11002133308
VVKTQ,0.5,4.63809249766
PQLQQ,0.5,2.36098290661
CQTNN,0.5,2.13334240731
QTHAN,0.5,2.08087498742
CLPQN,0.5,2.21837851117
HMPYH,0.5,2.89801093027
TAHAK,0.5,2.40597036139
RAPIP,0.5,2.14293595555
IMQPH,0.5,5.32663140182
TIQQC,0.5,2.43398473755
TTCRS,0.5,4.13859048527
MIGHP,0.5,4.28847040682
RMPDG,0.5,3.91737625513
RLHTM,0.5,2.22105264546
NCSQN,0.5,3.53338719211
QYHTN,0.5,2.8095729656
HHHDG,0.5,2.71409265675
LGVAD,0.5,2.0577913743
TLSHF,0.5,2.40597036138
TLSHH,0.5,2.13859048527
DFTKN,0.5,4.22771637575
KHNSL,0.5,3.50233875585
LTPLL,0.5,2.80076706822
KTMPN,0.5,3.16429099561
NYSHF,0.5,4.5044745002
SSNIS,0.5,2.77101972483
TTMSK,0.5,2.93648507808
YNTYH,0.5,4.74228954857
NTGLT,0.5,3.55645402863
TNMTN,0.5,2.46538761968
TQQAS,0.5,3.85346449131
LYINQ,0.5,2.19951948392
PRNVC,0.5,5.2934196228
PRNVT,0.5,3.55555543312
PKTPI,0.5,2.72198056618
QRHHQ,0.5,4.33652986289
RSNKT,0.5,2.10641007953
PRITY,0.5,3.04107397936
MVRTQ,0.5,3.85848256608
TSTQP,0.5,3.24350749629
TSTQV,0.5,4.83645625975
CTYNQ,0.5,2.0577913743
QMTET,0.5,2.60403565609
PTSPR,0.5,2.35247140676
TNQWQ,0.5,2.57730081353
TQTSY,0.5,3.10641007952
QNPYH,0.5,3.35598222555
QNPYP,0.5,2.49194358449
KIMAE,0.5,3.732951684
NSNTH,0.5,2.60850431307
TDTRT,0.5,4.5214475788
TCTES,0.5,2.75894689253
QNVSQ,0.5,2.37785672517
HDRWH,0.5,2.45907571852
IAQTH,0.5,2.62861502418
PKLNN,0.5,2.23329022057
LRHHS,0.5,4.5214475788
TQPTH,0.5,2.16660486144
RDNTS,0.5,3.20196680433
HVHSV,0.5,3.67561850893
NHYTE,0.5,2.216936537
RHLQP,0.5,2.27352006536
YTAKH,0.5,2.88495477744
HKSRN,0.5,2.31791418471
PALLT,0.5,3.35247140675
YMMST,0.5,2.18041066097
IQLQT,0.5,2.1006834685
LETTQ,0.5,2.22569154027
NAHRP,0.5,2.75298943723
RTPPI,0.5,3.21948022565
LARQP,0.5,3.27662597623
CKNFI,0.5,2.65598970218
RTKIG,0.5,2.27352006536
PKRSK,0.5,2.04610956926
KSMLS,0.5,3.10186001254
SSTHA,0.5,2.25624207393
WSRTT,0.5,2.59544816025
MHHHH,0.5,2.99598608983
PFKQT,0.5,4.51601369276
HPASQ,0.5,2.52833396439
PHKQT,0.5,3.74482578428
RTLKS,0.5,3.5214475788
LCPTT,0.5,3.58430760264
LCTRA,0.5,2.85848256608
PFAGN,0.5,2.55036027071
RSPAR,0.5,3.57730081353
QTPFS,0.5,2.4579446365
MCTYR,0.5,4.12318579228
HNTTL,0.5,2.90155128797
PGTTS,0.5,3.08087498742
QRETD,0.5,4.89801093027
KKYSA,0.5,2.13150106048
VTMTR,0.5,3.00532395441
TQSNY,0.5,2.04403821923
GSTTN,0.5,2.32414613843
PAMKT,0.5,2.547882477
PTFTE,0.5,3.29499979277
ESTND,0.5,2.71830490803
HSNHH,0.5,3.01305960319
AQAHT,0.5,3.30914397509
MLPTP,0.5,3.30326740876
PYSSS,0.5,2.27352006536
YATAP,0.5,3.36315727784
DGTRL,0.5,4.15050917525
DAHVT,0.5,2.16660486144
HPLLQ,0.5,3.4434450668
TAHTQ,0.5,2.49591248669
SKWHH,0.5,2.27352006536
IIHNT,0.5,2.78048005408
WSTMI,0.5,3.78448198464
QSKSW,0.5,2.2121195207
TTLSA,0.5,2.26220475213
SHSND,0.5,3.23287808086
HEPQH,0.5,3.4434450668
SLYQP,0.5,4.33241375441
PTKNQ,0.5,2.81148508654
HNSHS,0.5,2.37785672517
TDYHS,0.5,2.37305573891
RTSHH,0.5,4.08087498741
CEFKN,0.5,3.42238345127
KTSVI,0.5,3.91737625513
ENTQN,0.5,2.4434450668
TVPHG,0.5,2.76705953832
TAKNS,0.5,2.32188308692
HASLL,0.5,2.80566586764
MMHMT,0.5,3.51744564825
RSQFQ,0.5,3.18680843216
SNQNP,0.5,2.34390939325
EQTRV,0.5,2.681604804
ESPIY,0.5,3.36098290661
YRTNS,0.5,2.28787535833
QDHPQ,0.5,3.00144051992
PNTHS,0.5,3.84120457465
CTKLA,0.5,2.77602040589
PTSHK,0.5,3.68855756464
KIDST,0.5,2.88822990947
TQTKT,0.5,3.1981126627
LDTFT,0.5,2.37305573891
NNTRL,0.5,3.54298074035
RYNTH,0.5,4.05689612448
LDATR,0.5,2.81784058159
GHNVT,0.5,2.91923659716
KMCTT,0.5,3.1633371476
HPSKT,0.5,2.4434450668
HDTQH,0.5,2.32276358438
HGHQP,0.5,2.67951242503
AMRTT,0.5,2.95280994863
DNWHT,0.5,2.24035320142
KSQQQ,0.5,2.51167980256
RSKQQ,0.5,2.40391670262
SSSPC,0.5,3.18779019134
PNAIN,0.5,2.75156736216
APWTT,0.5,3.96281922589
KQGLN,0.5,2.17164045134
YRDPP,0.5,4.71977629525
AQTLC,0.5,4.14564524281
TPART,0.5,2.4028030823
RTKQL,0.5,2.61997047937
KHKHA,0.5,2.07737754318
PSLQT,0.5,3.49075078158
RPTVL,0.5,2.39690248086
QTKQP,0.5,3.21837851117
CNQHP,0.5,2.69673149608
CNNEQ,0.5,2.84120457465
RSKNQ,0.5,2.21541711079
NALYH,0.5,4.16833782867
MHNAS,0.5,6.56997747274
VFPQV,0.5,2.20425740292
HLFTQ,0.5,4.34390939325
LKTTA,0.5,3.82371714792
EAVSQ,0.5,2.16333714761
HTTTH,0.5,3.0079961075
RATGA,0.5,2.98623811328
STYTN,0.5,3.25441124241
STYTK,0.5,3.1729931894
RQQTP,0.5,2.02154084803
QDYHH,0.5,2.27352006536
TINIT,0.5,2.95159197047
AHDSA,0.5,3.34880819266
HIHRP,0.5,2.83046818991
VNVTE,0.5,2.5739149987
VNVTT,0.5,2.38104852966
GKKTS,0.5,2.10359506392
TSFAN,0.5,2.02075399498
AHPPM,0.5,4.06142262475
HPKTK,0.5,2.71646356121
ETQDT,0.5,2.37038160461
CTWTT,0.5,4.23287808086
KKPSE,0.5,2.75099813942
VKCTM,0.5,2.48111548477
YVTAS,0.5,2.88232930803
HPQQT,0.5,3.30914397509
HQQYQ,0.5,2.31791418472
TCDTN,0.5,2.0984333588
PKVLP,0.5,2.06201596017
HVTTI,0.5,2.39028713091
NPTDR,0.5,3.15266567049
RAPTH,0.5,3.61283023847
RAPTK,0.5,3.99598608983
CQNVT,0.5,3.4148759146
THQTD,0.5,2.03094976208
NSLHT,0.5,2.19408559786
QNMTF,0.5,3.05735226456
YNSNL,0.5,3.10133908998
LHRQT,0.5,2.74384000014
AQHSK,0.5,2.5365544712
LGAYP,0.5,3.4959124867
HMNIT,0.5,2.06937934858
HEATS,0.5,3.89090404377
GDSYR,0.5,3.90910863915
GIPKQ,0.5,2.732951684
RPSSL,0.5,2.85016729787
TATNT,0.5,2.23045134346
LTPAT,0.5,2.10094061047
QSPHR,0.5,4.48297343099
VTKTM,0.5,2.98776558303
LSMNP,0.5,3.36098290661
SHTKE,0.5,3.61591226281
SPAKH,0.5,2.94445578919
NTAIT,0.5,4.63107206998
QYKTL,0.5,2.44003040239
QYKTN,0.5,2.41102358911
YQTRG,0.5,2.14798918328
NSTRP,0.5,2.14994538024
HTHQV,0.5,2.48297343099
TTNSY,0.5,2.11901011631
SDVYN,0.5,2.87045520775
NATSC,0.5,2.88232930803
LTSGR,0.5,2.80872953089
HPPRS,0.5,3.51559485256
NHYDH,0.5,3.40005247129
QMDSE,0.5,2.20938972794
TRTTP,0.5,2.93344462376
SKSET,0.5,2.27352006536
IISHS,0.5,2.11482231934
HKPLH,0.5,3.93173154811
MRHST,0.5,2.70828962977
YRNSN,0.5,2.27352006536
SLDGH,0.5,2.42100767768
GKRPL,0.5,4.46991727816
PSQAP,0.5,2.32663140182
VSNTP,0.5,2.35152257735
TNTFS,0.5,2.26628849613
RSTKA,0.5,2.24181120563
QSTSY,0.5,4.15050917525
RHFPT,0.5,2.20162714688
NCLHS,0.5,2.7092170352
MVPSS,0.5,2.85848256608
YPTDK,0.5,2.00287247542
SANYQ,0.5,2.52144757881
DTYHS,0.5,3.78448198464
DTHQP,0.5,5.22771637575
RVMSH,0.5,4.02840756752
QKTHT,0.5,4.61138970411
PVNIT,0.5,4.76994589148
NGTHS,0.5,2.26058100965
GTQNY,0.5,2.57468960008
NRTYF,0.5,2.732951684
ISHSK,0.5,4.29905515747
MTSTE,0.5,3.48764487071
TTPSR,0.5,3.18341314913
PSLDP,0.5,2.61440009178
HETTL,0.5,3.810954196
QGTTL,0.5,2.49591248669
ATHPT,0.5,2.46991727816
ITNRT,0.5,5.10893890583
NNQII,0.5,3.01602384306
TSSQN,0.5,2.66054318846
HAATI,0.5,2.13366240178
QTSLR,0.5,2.732951684
KTKTP,0.5,2.10133908998
MNYAF,0.5,3.29905515747
ITMHT,0.5,2.18498339075
PIPKS,0.5,2.31932375497
GHPKH,0.5,4.01048565953
HHCKS,0.5,2.09552176338
HSIRT,0.5,2.4148759146
HSTND,0.5,3.23434946808
SQSQN,0.5,2.38541294543
PASPH,0.5,2.61591226281
MPHTK,0.5,2.60767446258
PTENT,0.5,2.02075399498
SQTQN,0.5,3.37971946919
NAQHP,0.5,2.18041066097
TDHRP,0.5,3.10133908998
QRQTT,0.5,3.94069732936
HWSTR,0.5,2.39841131319
AATQP,0.5,4.45010879709
MPTTK,0.5,3.65598970219
TCRSR,0.5,3.0705330432
TAHDN,0.5,2.57217838092
QTFSQ,0.5,3.51452816486
HAPRF,0.5,3.01768116093
TMVTY,0.5,2.80076706822
TIPPY,0.5,2.63916953768
NLHPL,0.5,3.31099477078
QAQHP,0.5,2.50233875585
QNNVT,0.5,2.64420747217
SIAEN,0.5,3.54653855976
QNNVI,0.5,3.37785672518
CRLTH,0.5,3.5365544712
TESLI,0.5,2.48911692518
SQQGP,0.5,2.98623811328
HLVHS,0.5,2.4164780192
PKHTN,0.5,2.77465097528
PNGEE,0.5,2.12362463487
QQVHP,0.5,4.63916953768
SSGQQ,0.5,3.71092537766
LKPTT,0.5,4.2121195207
KHIPS,0.5,3.02840756752
ICSTP,0.5,2.89242989801
QAHHT,0.5,2.26850199059
SEAGY,0.5,3.94189857427
IPISH,0.5,3.45674188942
