DLMDV,1,2.16197023619,20.5412432597,96.7185189636
VEIEV,1,3.15028843114,13.6941621731,127.91804121
FVYRH,1,2.01924495633,57.0590090547,243.356273521
FLYLP,1,4.32255737305,11.4118018109,240.236321297
HISLL,1,3.97761176943,18.2588828975,302.635365789
ISVFT,1,3.05577083236,11.4118018109,99.8384711883
WTAHP,1,2.81065833453,22.8236036219,168.47742013
QGNFP,1,2.872463619,25.1059639841,193.437037927
HKEVP,1,2.25216804516,13.6941621731,68.6389489419
MYHKH,1,2.36042093581,47.929567606,258.956034645
FEMYE,1,2.57933278842,11.4118018109,71.7589011666
YNPIP,1,3.65568367455,22.8236036219,302.635365789
HEKKR,1,2.00996714275,91.2944144875,386.874075855
HSKIP,1,4.20473621517,59.3413694169,1151.26237089
TYMSP,1,2.25684453237,127.812180283,642.710158275
QSAIL,1,2.1619702362,82.1649730388,386.874075855
ADFCS,1,3.15028843114,13.6941621731,127.91804121
EDAIH,1,4.20212736266,27.3883243463,530.391878188
GMPIP,1,2.83713054588,36.517765795,274.555795768
IQAVA,1,2.13258642941,36.517765795,168.47742013
FAHIP,1,4.07813864538,25.1059639841,446.153168123
TIMNT,1,2.50423133318,68.4708108656,408.713741427
KKLPN,1,3.25216804517,20.5412432597,205.916846826
TSSIL,1,2.9885632914,104.988576661,876.706575122
YTTED,1,2.85574622405,15.9765225353,121.678136761
DDMFE,1,2.18505384931,36.517765795,174.717324579
DDMFV,1,2.14323367361,22.8236036219,106.078375638
TTIIN,1,3.4569256184,70.7531712278,817.427482854
HETCQ,1,2.45861892263,59.3413694169,343.19474471
KTRHR,1,3.00996714274,11.4118018109,96.7185189636
PTQVS,1,2.09139474209,57.0590090547,255.83608242
VDMLV,1,2.86312575442,11.4118018109,87.3586622897
VDMLY,1,3.69962702213,13.6941621731,187.197133478
CWTVH,1,2.69962702213,36.517765795,249.596177971
YELEV,1,2.21058894141,36.517765795,177.837276804
YELEY,1,2.37769892725,18.2588828975,99.8384711883
QHDQK,1,3.4757310102,36.517765795,427.433454775
TSHVN,1,3.59444478544,146.07106318,1856.37157366
HYLMA,1,3.28458952285,13.6941621731,140.397850109
ETIFA,1,2.67048067647,45.6472072438,305.755318014
DSPIH,1,2.19483487009,47.929567606,230.876464623
TNRYE,1,3.83713054588,18.2588828975,274.555795768
SMHVP,1,2.3264736039,196.282991148,1035.82413858
VVMLE,1,2.1850538493,13.6941621731,65.5189967173
ELLMP,1,2.515202451,11.4118018109,68.6389489419
ELLMT,1,2.72347376409,27.3883243463,190.317085703
SASRF,1,3.10561938181,36.517765795,330.714935811
DDLEL,1,2.37769892725,11.4118018109,62.3990444927
YVIED,1,2.94063512164,25.1059639841,202.796894601
YNYQP,1,4.07813864539,11.4118018109,202.796894601
DYMAE,1,2.14323367361,11.4118018109,53.0391878188
YSQIH,1,3.36764526258,41.0824865194,446.153168123
DYLEV,1,3.61035968404,11.4118018109,146.637754558
VEIYE,1,2.07813864539,18.2588828975,81.1187578405
VEFEE,1,2.69962702213,11.4118018109,77.9988056158
HDIMP,1,2.09390596125,47.929567606,215.2767035
SANIQ,1,2.19327435611,57.0590090547,274.555795768
TRTYL,1,4.30580600877,41.0824865194,854.86690955
EYPLP,1,6.05577083236,11.4118018109,798.707769506
TTNVN,1,4.87594979478,11.4118018109,352.554601384
NYKIS,1,4.59686744771,18.2588828975,464.87288147
PQIVA,1,2.1325864294,18.2588828975,84.2387100651
VDIVY,1,3.22204805679,25.1059639841,246.476225746
VDIVD,1,3.37769892725,15.9765225353,174.717324579
SKTVN,1,2.12644168919,139.223982093,639.59020605
SNTVN,1,2.23567992237,54.7766486925,271.435843543
FDIED,1,2.07813864539,27.3883243463,121.678136761
EEMDD,1,2.69962702213,11.4118018109,77.9988056158
QYFEQ,1,4.33611982349,25.1059639841,533.511830412
CNLYN,1,2.69962702213,15.9765225353,109.198327862
QETIN,1,3.96787913724,52.4942883303,864.226766224
QETIQ,1,3.93228777892,18.2588828975,293.275509116
VDMDV,1,2.5560361685,43.3648468816,268.315891319
DEFYE,1,2.44808825514,11.4118018109,65.5189967173
DDMYL,1,3.26522419799,11.4118018109,115.438232311
CYYMP,1,3.95260776331,54.7766486925,892.306336245
PMMMT,1,2.49317614466,13.6941621731,81.1187578405
NSHIP,1,2.62562644069,18.2588828975,118.558184536
ETAVH,1,2.872463619,25.1059639841,193.437037927
STRIH,1,2.41722729143,20.5412432597,115.438232311
IRNYT,1,2.77001635003,27.3883243463,196.556990152
AIPVN,1,2.88504053084,79.8826126766,620.870492702
LYLEQ,1,2.41617307506,84.447333401,474.232738144
IQAIP,1,4.41478824598,27.3883243463,614.630588253
WSTVP,1,3.36082510868,98.1414955741,1060.78375638
QRQVP,1,2.12092351188,104.988576661,480.472642594
DLTHH,1,2.69962702213,36.517765795,249.596177971
WTLVT,1,3.01400830796,262.471441652,2230.76584061
LSQIQ,1,3.24747634983,95.8591352119,957.825332963
RVAIN,1,3.94844756875,38.8001261572,630.230349376
NYSVF,1,2.3036983458,68.4708108656,355.674553608
SETYY,1,3.05326397675,82.1649730388,717.589011666
YVIVE,1,2.31629838258,13.6941621731,71.7589011666
YVIVD,1,2.21420019497,15.9765225353,77.9988056158
DVLDV,1,2.67315481077,25.1059639841,168.47742013
MIAVN,1,2.11229750687,139.223982093,633.350301601
WNSFP,1,3.05229864045,29.6706847084,258.956034645
AYDVA,1,2.99240877136,73.03553159,611.510636028
DVMLV,1,2.86312575442,11.4118018109,87.3586622897
IRFVP,1,2.90019734102,134.659261369,1057.66380415
HTLLP,1,2.24276934716,31.9530450706,159.117563456
YDMEL,1,3.37769892725,11.4118018109,124.798088985
SEFHQ,1,5.07813864538,13.6941621731,486.712547043
AHLVQ,1,3.54762392869,38.8001261572,477.352690369
DDIDL,1,2.32523150735,15.9765225353,84.2387100651
YSIVH,1,2.80954471421,109.553297385,808.06762618
YVQEN,1,4.16280104246,63.9060901413,1204.30155871
EYSQY,1,3.60009134858,20.5412432597,262.075986869
TMTHV,1,3.57034400519,15.9765225353,199.676942377
HTTYQ,1,2.11000314404,70.7531712278,321.355079137
YYTHA,1,2.21420019497,15.9765225353,77.9988056158
DYFEE,1,2.04755032555,25.1059639841,109.198327862
FVIEE,1,2.81065833452,11.4118018109,84.2387100651
PTLIP,1,2.25943604563,123.247459558,620.870492702
QGTQY,1,2.12493285686,31.9530450706,146.637754558
SSTVS,1,2.86312575442,11.4118018109,87.3586622897
SSTVL,1,3.56149610327,52.4942883303,652.070014948
AYLAL,1,2.57563830486,77.6002523144,486.712547043
QTSIL,1,2.76596951696,116.400378472,833.027243977
LCNIN,1,2.52065688109,27.3883243463,165.357467906
PRAYS,1,2.69962702213,15.9765225353,109.198327862
IMYYP,1,4.52970202069,20.5412432597,499.192355941
DYTIN,1,5.84801886203,41.0824865194,2489.72187526
TYLHP,1,2.18285963589,429.083748091,2049.80861158
IEIIN,1,3.7200911247,15.9765225353,221.516607949
SENIY,1,5.28458952285,13.6941621731,561.591400434
FDTLY,1,2.11466452141,13.6941621731,62.3990444927
YVMLE,1,2.21420019497,15.9765225353,77.9988056158
HEFIP,1,3.13669082774,29.6706847084,274.555795768
YVLVD,1,2.77979737082,15.9765225353,115.438232311
YEMEF,1,2.05577083236,11.4118018109,49.9192355941
LIYLN,1,3.3473252782,27.3883243463,293.275509116
FQILQ,1,3.85882561698,27.3883243463,418.073598101
DDISD,1,2.09390596125,15.9765225353,71.7589011666
SNTIL,1,4.30053106672,41.0824865194,851.746957325
PYHCN,1,2.36021150052,189.435910062,1023.34432968
TSSIP,1,2.64232835264,257.906720927,1694.13405798
DVMFD,1,2.1850538493,22.8236036219,109.198327862
TSSIA,1,2.12772067424,50.2119279681,230.876464623
LTYTN,1,2.86312575442,11.4118018109,87.3586622897
DHKHP,1,2.79273642652,47.929567606,349.434649159
HSLSP,1,3.40589581907,43.3648468816,483.592594818
HSHQC,1,3.63643319565,15.9765225353,209.03679905
YEVHH,1,4.77001635002,13.6941621731,393.113980304
MFSVP,1,3.09782101125,127.812180283,1151.26237089
YYMAD,1,2.3036983458,11.4118018109,59.279092268
CVTYA,1,3.63776176655,184.871189337,2421.08292632
VMPNT,1,2.12092351188,52.4942883303,240.236321297
HCTML,1,2.35632527645,38.8001261572,209.03679905
DHMEE,1,3.37769892725,11.4118018109,124.798088985
DFLED,1,3.7562105505,11.4118018109,162.237515681
MSQEP,1,3.61610366657,36.517765795,471.11278592
DLLDD,1,3.64073333308,11.4118018109,149.757706782
ISAIP,1,2.61752594192,107.270937023,692.629393869
DVMDF,1,2.4772346008,15.9765225353,93.598566739
IAQIN,1,2.99240877136,18.2588828975,152.877659007
PWIMN,1,3.27078372333,15.9765225353,162.237515681
KSRKR,1,2.50698194419,18.2588828975,109.198327862
HYTLL,1,2.78578366588,59.3413694169,430.553406999
TELFY,1,2.39759848468,123.247459558,683.269537195
LQSIA,1,2.29363466246,120.965099196,623.990444927
HNYVP,1,3.13258642941,182.588828975,1684.7742013
LVNEP,1,3.44808825514,22.8236036219,262.075986869
CATIV,1,2.26522419799,22.8236036219,115.438232311
YDCVT,1,4.7115996638,13.6941621731,377.514219181
QHNIQ,1,2.52970202069,41.0824865194,249.596177971
VEMLE,1,2.37769892725,25.1059639841,137.277897884
LNNIA,1,3.14588325202,73.03553159,680.14958497
KKLKI,1,2.20366952747,25.1059639841,121.678136761
WQHRL,1,3.48920724246,31.9530450706,377.514219181
HHAAS,1,2.91375182748,11.4118018109,90.4786145144
VTMRP,1,2.69962702213,15.9765225353,109.198327862
ETMIT,1,2.27581931323,50.2119279681,255.83608242
EVNLW,1,2.69962702214,18.2588828975,124.798088985
TFKMP,1,4.01629939157,25.1059639841,427.433454775
ITTAL,1,2.1095028163,63.9060901413,290.155556891
SCLVH,1,2.31959597268,43.3648468816,227.756512398
DFMYE,1,3.00996714274,11.4118018109,96.7185189636
KNQIP,1,2.9060778996,29.6706847084,233.996416848
TIFTN,1,2.60476783579,50.2119279681,321.355079137
DHLII,1,3.2256958338,45.6472072438,449.273120347
YTQIP,1,3.54188755914,63.9060901413,783.108008383
DEMEF,1,2.42832500031,15.9765225353,90.4786145144
PSHES,1,3.21900118122,13.6941621731,134.157945659
VYMDV,1,2.54762392869,18.2588828975,112.318280087
PKTIP,1,4.83713054588,13.6941621731,411.833693652
LTSIA,1,3.25216804516,13.6941621731,137.277897884
YHSVN,1,4.16429528914,11.4118018109,215.2767035
SILVS,1,3.1850538493,11.4118018109,109.198327862
HTTIR,1,2.80396368195,18.2588828975,134.157945659
ARTVP,1,2.515202451,34.2354054328,205.916846826
TSYLP,1,2.56614401666,98.1414955741,611.510636028
NIQIN,1,3.2375212692,61.6237297791,611.510636028
HTLIH,1,3.98650816992,22.8236036219,380.634171405
NILQI,1,2.83713054589,18.2588828975,137.277897884
DTIKD,1,4.24559539124,11.4118018109,227.756512398
LSHIP,1,2.7562105505,22.8236036219,162.237515681
AYLQH,1,2.72562223067,25.1059639841,174.717324579
MNTVN,1,2.11076006696,84.447333401,383.75412363
HKILA,1,2.515202451,34.2354054328,205.916846826
WAPIM,1,3.57933278842,11.4118018109,143.517802333
TAVVP,1,2.38858724339,150.635783904,829.907291753
NSLII,1,3.9956764852,41.0824865194,689.509441644
DTFIH,1,3.91513305788,41.0824865194,652.070014948
LSTVT,1,2.25216804516,20.5412432597,102.958423413
LYSMA,1,3.515202451,102.706216298,1235.50108095
ANDRI,1,2.24443239639,38.8001261572,193.437037927
VTTIQ,1,5.3473252782,13.6941621731,586.551018231
TTLMH,1,3.94248354603,13.6941621731,221.516607949
IVLEP,1,2.74987521202,180.306468613,1276.06045988
PLTIN,1,2.37769892725,198.56535151,1085.74337417
VYFDD,1,2.3036983458,11.4118018109,59.279092268
TSKIN,1,3.92613555194,45.6472072438,730.068820564
TYAYN,1,3.66720554444,41.0824865194,549.111591536
YIHLP,1,4.28458952286,15.9765225353,327.594983587
DVMVY,1,2.88019926778,13.6941621731,106.078375638
PQDIF,1,2.28040172589,52.4942883303,268.315891319
VVMLD,1,2.04066393997,13.6941621731,59.279092268
PLTVM,1,2.81510423955,54.7766486925,405.593789202
TTLIT,1,2.56212349838,75.3178919522,467.992833695
VYMLD,1,3.10016495171,11.4118018109,102.958423413
FEIDD,1,2.57933278842,11.4118018109,71.7589011666
EVWTP,1,2.98775240893,86.7296937632,723.828916115
IYTIP,1,2.43355216198,86.7296937632,492.952451492
KQMPV,1,2.26522419799,22.8236036219,115.438232311
PHTHL,1,3.9943702877,34.2354054328,574.071209333
DYILE,1,3.24276934716,15.9765225353,159.117563456
SAHIP,1,3.44544353388,29.6706847084,340.074792485
TTYLN,1,2.13669082774,29.6706847084,137.277897884
HTTVD,1,4.73204849982,25.1059639841,701.989250543
HTTVN,1,2.41834091174,79.8826126766,449.273120347
HTTVI,1,2.46068829192,86.7296937632,502.312308166
WHSYH,1,2.02977562383,15.9765225353,68.6389489419
DVEIT,1,2.12772067423,25.1059639841,115.438232311
YHTEH,1,4.23950163333,29.6706847084,589.670970456
PELVC,1,2.72009112469,63.9060901413,443.033215898
STKVN,1,3.04445551913,45.6472072438,396.233932528
QSQIA,1,2.40626807944,57.0590090547,318.235126913
FDMVY,1,2.66310114611,18.2588828975,121.678136761
YDFEE,1,3.00996714274,11.4118018109,96.7185189636
ACYVN,1,4.30197160108,25.1059639841,521.032021514
KTLAL,1,2.74693273691,13.6941621731,96.7185189636
DEFDY,1,2.04066393997,13.6941621731,59.279092268
MIIQE,1,3.83713054588,11.4118018109,171.597372355
YAQMC,1,2.16777585787,54.7766486925,258.956034645
YSQVS,1,2.73844627103,100.423855936,705.109202767
NTMLN,1,4.90908038776,18.2588828975,577.191161557
STAIP,1,2.2256958338,11.4118018109,56.1591400434
NTLVN,1,2.72252742424,171.177027164,1188.70179759
MNVYT,1,2.60009134858,75.3178919522,480.472642594
STHIC,1,3.63251282627,25.1059639841,327.594983587
PTGIN,1,2.81065833453,22.8236036219,168.47742013
HQTMI,1,2.87412475336,31.9530450706,246.476225746
VDLDY,1,3.1850538493,11.4118018109,109.198327862
NPNIN,1,2.96266142797,15.9765225353,131.037993435
STNIP,1,2.31832038017,70.7531712278,371.274314731
GTAVY,1,4.73525093186,13.6941621731,383.75412363
PTTVN,1,2.98435649907,25.1059639841,209.03679905
STNVW,1,4.85882561698,13.6941621731,418.073598101
TCNVL,1,2.11466452142,34.2354054328,155.997611232
DVMEF,1,2.44808825514,11.4118018109,65.5189967173
DVMEL,1,2.72819617433,22.8236036219,159.117563456
LTTYY,1,2.14099866923,86.7296937632,402.473836978
MQTYP,1,2.89554723211,25.1059639841,196.556990152
QNIIV,1,4.23115026389,25.1059639841,496.072403717
QNIIP,1,3.12186002282,68.4708108656,627.110397151
YEILE,1,3.10016495171,11.4118018109,102.958423413
EHNIP,1,4.13258642941,50.2119279681,926.625810716
PRTKS,1,2.92789600981,15.9765225353,127.91804121
RSTMQ,1,2.86009169433,38.8001261572,296.39546134
VKHEL,1,2.34453206331,25.1059639841,134.157945659
RETIQ,1,2.92927525947,116.400378472,932.865715166
IHWIP,1,2.18505384931,27.3883243463,131.037993435
TLLYP,1,4.49609362804,43.3648468816,1029.58423413
VLMEE,1,2.52970202069,41.0824865194,249.596177971
FTWVP,1,2.00705554733,73.03553159,308.875270239
ETKCP,1,2.96266142797,18.2588828975,149.757706782
DEMQV,1,2.37769892725,11.4118018109,62.3990444927
FELEE,1,2.84718421054,29.6706847084,224.636560174
PIHNN,1,4.07813864539,22.8236036219,405.593789202
GTYVA,1,3.28458952285,54.7766486925,561.591400434
RTEES,1,2.28458952286,18.2588828975,93.598566739
LVIVP,1,4.27794114684,66.1884505035,1350.93931327
TYVPC,1,2.4365926163,41.0824865194,233.996416848
YDFED,1,2.23567992237,18.2588828975,90.4786145144
HELHH,1,3.68755418983,54.7766486925,742.548629463
HSCVN,1,2.52065688109,27.3883243463,165.357467906
AKKHY,1,2.81065833452,11.4118018109,84.2387100651
FDMEY,1,2.45570143925,20.5412432597,118.558184536
FDMEV,1,3.04066393997,13.6941621731,118.558184536
YTSEP,1,2.86048103316,89.0120541253,680.14958497
VVLDV,1,2.11466452141,13.6941621731,62.3990444927
VVLDD,1,2.07813864539,27.3883243463,121.678136761
WTTVP,1,2.09529919655,102.706216298,461.752929246
KSIVT,1,4.59401683417,38.8001261572,985.904902984
SHYYC,1,3.4365926163,20.5412432597,233.996416848
TISVQ,1,5.15905864078,22.8236036219,857.986861774
DEMHE,1,2.73133588187,20.5412432597,143.517802333
QWNIN,1,3.79555144213,36.517765795,533.511830412
DVLIP,1,2.23433475208,84.447333401,418.073598101
QHVIN,1,2.81379804205,77.6002523144,574.071209333
FEITY,1,3.11466452142,20.5412432597,187.197133478
YYMDL,1,2.14323367361,11.4118018109,53.0391878188
THTHF,1,2.88934475033,84.447333401,658.309919398
RTTIA,1,2.33189523763,182.588828975,967.185189636
VYMYE,1,2.56532593042,20.5412432597,127.91804121
DEMFD,1,2.74026900664,15.9765225353,112.318280087
FDIEE,1,2.02539718331,34.2354054328,146.637754558
WNLLN,1,2.48854469593,164.329946078,970.305141861
YEFEE,1,2.60799654667,29.6706847084,190.317085703
TSKIW,1,2.19586060426,43.3648468816,209.03679905
QLPAI,1,3.71754893013,18.2588828975,252.716130195
HKCTQ,1,2.05012426922,36.517765795,159.117563456
IYIIK,1,3.26034197661,18.2588828975,184.077181253
PFTIP,1,2.86708376799,29.6706847084,227.756512398
HCLVT,1,3.49317614467,13.6941621731,162.237515681
HPMPI,1,2.83713054588,36.517765795,274.555795768
ICHMQ,1,2.52656231316,52.4942883303,318.235126913
GIQVP,1,3.19379748237,107.270937023,1032.70418635
DTYYP,1,3.04649301877,89.0120541253,773.748151709
YTLAD,1,3.29372053461,95.8591352119,989.024855209
SRCIP,1,4.217475327,50.2119279681,982.78495076
YHIVS,1,4.41583405613,47.929567606,1076.3835175
EDMVE,1,2.515202451,11.4118018109,68.6389489419
EDMVD,1,2.20777392581,20.5412432597,99.8384711883
EHLII,1,4.1297714138,43.3648468816,798.707769506
QYTET,1,2.61332717574,70.7531712278,455.513024797
PTPVH,1,2.63508676994,73.03553159,477.352690369
PMMVP,1,3.56825526146,123.247459558,1538.13644674
VILEQ,1,2.45298705455,31.9530450706,184.077181253
PTAEY,1,2.58920303244,43.3648468816,274.555795768
CATVP,1,4.51072434588,25.1059639841,602.150779354
WHLQP,1,2.68080314784,246.494919116,1662.93453573
QTILN,1,2.16197023619,20.5412432597,96.7185189636
NDESG,1,3.08735717542,54.7766486925,489.832499268
PTVVC,1,2.03762348565,114.118018109,492.952451492
YSNVE,1,4.77001635003,15.9765225353,458.632977021
TQRIP,1,4.04445551913,22.8236036219,396.233932528
YVLED,1,2.54762392869,27.3883243463,168.47742013
HLRIP,1,2.46962141669,43.3648468816,252.716130195
YEMVV,1,2.4772346008,31.9530450706,187.197133478
HTNMQ,1,3.01815654056,38.8001261572,330.714935811
LNNNH,1,2.25216804516,61.6237297791,308.875270239
WSTLA,1,2.41164625917,47.929567606,268.315891319
DNHVH,1,2.96266142797,13.6941621731,112.318280087
ITYTN,1,2.00705554733,73.03553159,308.875270239
ITTIQ,1,3.48990843083,116.400378472,1375.89893106
QTNIY,1,2.4399832055,116.400378472,664.549823847
SALED,1,3.76236277748,20.5412432597,293.275509116
YYMLE,1,2.83713054588,13.6941621731,102.958423413
TQTHF,1,2.96266142797,50.2119279681,411.833693652
PLPTD,1,3.15905864077,54.7766486925,514.792117065
DVMHD,1,2.34117305122,22.8236036219,121.678136761
PQTIQ,1,2.77276172676,114.118018109,820.547435079
LSNID,1,5.0469777139,20.5412432597,714.469059441
DEMVL,1,2.86312575442,11.4118018109,87.3586622897
VSSIM,1,2.20241500996,134.659261369,652.070014948
LTSLL,1,2.61291538894,54.7766486925,352.554601384
HTLVP,1,4.98593120729,93.5767748497,3119.95222463
MNMVN,1,2.30596317365,152.918144267,795.587817282
LTTFA,1,2.19532218476,91.2944144875,439.913263673
FMHLP,1,3.62562644069,18.2588828975,237.116369072
TTTIR,1,2.66310114611,18.2588828975,121.678136761
DVIFD,1,2.88019926778,13.6941621731,106.078375638
IAHDR,1,2.04066393997,27.3883243463,118.558184536
TTPVA,1,2.81379804205,38.8001261572,287.035604666
VYCVA,1,2.99660875989,15.9765225353,134.157945659
TQYIS,1,2.21900118122,54.7766486925,268.315891319
TQYID,1,2.59214259546,89.0120541253,564.711352659
VDMFE,1,2.2256958338,11.4118018109,56.1591400434
LTAVN,1,3.75273835859,18.2588828975,258.956034645
LTNVP,1,2.69962702213,75.3178919522,514.792117065
ATHIP,1,3.06359033682,52.4942883303,461.752929246
ITTVA,1,2.61775001508,66.1884505035,427.433454775
MDTYE,1,3.64073333308,11.4118018109,149.757706782
IHLVA,1,3.24204382789,178.024108251,1772.13286359
NNLIN,1,4.57647879136,25.1059639841,630.230349376
VNSVC,1,2.39205422022,57.0590090547,315.115174688
QYTVT,1,4.20366952747,25.1059639841,486.712547043
DELQE,1,2.57034400519,15.9765225353,99.8384711883
FSTDA,1,2.62562644069,18.2588828975,118.558184536
HVTME,1,2.2256958338,22.8236036219,112.318280087
VEMYE,1,3.25216804517,20.5412432597,205.916846826
CRQIP,1,2.23658414994,251.059639841,1244.86093763
TYSIA,1,3.36562609495,34.2354054328,371.274314731
SSHFD,1,2.01373561256,84.447333401,358.794505833
TRYRN,1,2.45861892263,59.3413694169,343.19474471
FELHQ,1,2.29437054365,111.835657747,577.191161557
LEKIM,1,2.34117305122,45.6472072438,243.356273521
IETYP,1,2.55428765896,109.553297385,677.029632746
DDRDD,1,2.44808825514,11.4118018109,65.5189967173
YNTEQ,1,2.59492964347,45.6472072438,290.155556891
EQNIN,1,2.84900464618,150.635783904,1141.90251422
DYFVD,1,2.05577083236,11.4118018109,49.9192355941
VVLYD,1,2.4365926163,13.6941621731,77.9988056158
DVLYV,1,2.69962702213,11.4118018109,77.9988056158
DVLYE,1,2.4772346008,15.9765225353,93.598566739
QQLHP,1,2.86312575442,34.2354054328,262.075986869
VGSMM,1,3.03305075586,22.8236036219,196.556990152
YAMYP,1,2.31260389902,77.6002523144,405.593789202
DFMTP,1,3.14323367361,11.4118018109,106.078375638
VDYYN,1,4.07813864539,15.9765225353,283.915652442
LHSEL,1,2.61775001508,66.1884505035,427.433454775
TVRLP,1,2.52354979371,107.270937023,648.950062724
CKLIV,1,2.79916269568,31.9530450706,233.996416848
VLMDE,1,2.31629838258,13.6941621731,71.7589011666
QATIN,1,3.54063749837,104.988576661,1285.42031655
NKNVN,1,4.60376700673,15.9765225353,408.713741427
MTIPC,1,2.86245644564,175.741747888,1344.69940882
VYMVE,1,2.72819617433,22.8236036219,159.117563456
PTTVS,1,5.11995882108,38.8001261572,1419.57826221
YALYP,1,3.2914431939,63.9060901413,658.309919398
ATSIQ,1,2.80091035797,75.3178919522,552.23154376
VDMDL,1,2.44808825514,11.4118018109,65.5189967173
VDMDF,1,2.49317614466,13.6941621731,81.1187578405
PAVFL,1,2.25216804516,13.6941621731,68.6389489419
RATHQ,1,2.81827151864,15.9765225353,118.558184536
DHLDD,1,2.05577083236,11.4118018109,49.9192355941
TQLYP,1,3.62961730088,43.3648468816,564.711352659
HTWAV,1,2.20551795186,45.6472072438,221.516607949
DELYV,1,2.31629838258,13.6941621731,71.7589011666
DELYY,1,3.05577083236,11.4118018109,99.8384711883
DELYD,1,2.53077825724,152.918144267,929.745762941
VEMQE,1,3.00218979215,13.6941621731,115.438232311
DKRVQ,1,2.98341998813,52.4942883303,436.793311449
CQMIN,1,2.68101134397,356.048216501,2402.36321297
FDMHY,1,2.44808825514,11.4118018109,65.5189967173
YNEVQ,1,3.13134326255,98.1414955741,904.786145144
VVIED,1,2.69962702213,25.1059639841,171.597372355
MAYVA,1,2.82248376992,102.706216298,764.388295035
VVMEV,1,2.9012608833,27.3883243463,215.2767035
HTNVP,1,3.1907675005,82.1649730388,789.347912832
AFAWP,1,2.06575492093,20.5412432597,90.4786145144
NSLTQ,1,2.3036983458,68.4708108656,355.674553608
HATIF,1,4.33922477943,43.3648468816,923.505858492
YLIDD,1,2.1850538493,13.6941621731,65.5189967173
VEIDD,1,3.21420019497,15.9765225353,155.997611232
TCNML,1,2.42832500032,31.9530450706,180.957229029
CRMIA,1,2.40917715872,77.6002523144,433.673359224
RQVLR,1,2.57034400519,15.9765225353,99.8384711883
HNEVH,1,3.40517966367,29.6706847084,330.714935811
HTLHH,1,4.66837608815,15.9765225353,427.433454775
YNVYP,1,2.45861892263,59.3413694169,343.19474471
LYCAE,1,2.26222170983,29.6706847084,149.757706782
NTLYP,1,4.95058859567,11.4118018109,371.274314731
RLAWK,1,3.07813864539,18.2588828975,162.237515681
TYSQQ,1,2.2401954035,25.1059639841,124.798088985
KRSIN,1,2.40517966367,59.3413694169,330.714935811
KSSAF,1,2.5368975221,34.2354054328,209.03679905
EWIVQ,1,3.28458952285,27.3883243463,280.795700217
THYLP,1,2.52312936677,75.3178919522,455.513024797
KELYN,1,4.58715229288,22.8236036219,577.191161557
PTTEN,1,3.20502226554,93.5767748497,907.906097368
IQNIP,1,2.99240877136,18.2588828975,152.877659007
QTYTN,1,4.10352396381,29.6706847084,536.631782637
HTYYD,1,2.29363466246,120.965099196,623.990444927
LSTIQ,1,3.85935071073,187.153549699,2857.87623776
KKITM,1,3.1850538493,22.8236036219,218.396655724
INYQN,1,3.1721147936,36.517765795,346.314696934
NYYLT,1,2.72165332847,29.6706847084,205.916846826
QQTVQ,1,2.55438129486,162.047585715,1001.50466411
NQVIL,1,2.22097342356,155.200504629,761.268342811
PILVS,1,4.19175887318,104.988576661,2018.60908934
DDLDL,1,2.37769892725,11.4118018109,62.3990444927
FLENC,1,3.31260389902,77.6002523144,811.187578405
QSVNC,1,3.24019540349,25.1059639841,249.596177971
HASHL,1,2.290236086,38.8001261572,199.676942377
QRHLR,1,3.7562105505,45.6472072438,648.950062724
QTQIP,1,3.66204383932,79.8826126766,1063.9037086
MNQIQ,1,2.77458907982,68.4708108656,492.952451492
FSQEE,1,2.84401693147,43.3648468816,327.594983587
YVIYE,1,2.515202451,11.4118018109,68.6389489419
VYMFD,1,2.60009134858,13.6941621731,87.3586622897
TLAVP,1,4.67666587369,43.3648468816,1166.86213201
TNNRH,1,2.56212349839,25.1059639841,155.997611232
ESLTN,1,2.10016495172,45.6472072438,205.916846826
ITVNC,1,2.67886846197,31.9530450706,215.2767035
YLLEE,1,2.05577083236,11.4118018109,49.9192355941
ENYLP,1,2.45742611972,50.2119279681,290.155556891
DYLYV,1,2.00573014986,25.1059639841,106.078375638
DVIEY,1,2.11466452142,20.5412432597,93.598566739
PYKEN,1,2.52128978087,98.1414955741,592.79092268
DFIEE,1,3.83713054588,11.4118018109,171.597372355
STILL,1,2.37769892725,18.2588828975,99.8384711883
LQMEQ,1,2.86121616441,61.6237297791,471.11278592
PSRIN,1,3.84584776299,34.2354054328,517.912069289
SPINS,1,2.59271181822,31.9530450706,202.796894601
DYNEM,1,2.86955202357,36.517765795,280.795700217
VDMEL,1,2.65071742165,13.6941621731,90.4786145144
KEKRT,1,2.33705694275,20.5412432597,109.198327862
TTAVQ,1,2.93881468602,139.223982093,1123.18280087
NAYTP,1,2.15299264007,118.682738834,555.351495985
TMFKC,1,2.88019926778,13.6941621731,106.078375638
YKTIS,1,2.24276934716,31.9530450706,159.117563456
TTPIL,1,3.07018989227,63.9060901413,564.711352659
NFTSY,1,4.54762392869,15.9765225353,393.113980304
VVLVD,1,2.3036983458,11.4118018109,59.279092268
TNSAQ,1,2.12312610016,38.8001261572,177.837276804
EYMYD,1,2.07813864539,18.2588828975,81.1187578405
ITLIP,1,3.50259017507,107.270937023,1279.1804121
FENYP,1,2.40006674027,36.517765795,202.796894601
SCFNI,1,3.56752348613,18.2588828975,227.756512398
HDMDY,1,2.37769892725,11.4118018109,62.3990444927
GWSIT,1,2.90821364395,20.5412432597,162.237515681
DDLYV,1,2.25216804517,27.3883243463,137.277897884
TDCIQ,1,3.49743817152,29.6706847084,352.554601384
RCIEL,1,4.82773184788,63.9060901413,1909.41076148
HSLCI,1,2.93409227577,38.8001261572,311.995222463
RIFHR,1,5.57100685613,38.8001261572,1940.61028372
TMLLN,1,2.11240854748,292.14212636,1329.09964769
YYMVV,1,2.77979737082,15.9765225353,115.438232311
DDIEF,1,2.05577083236,11.4118018109,49.9192355941
DDIEL,1,2.37769892725,11.4118018109,62.3990444927
SYSYP,1,2.79665147653,52.4942883303,383.75412363
PMQVT,1,4.37769892724,11.4118018109,249.596177971
TYTAN,1,3.4399832055,38.8001261572,443.033215898
QQRIP,1,2.36865378764,182.588828975,992.144807434
DHTEL,1,4.19903807874,50.2119279681,970.305141861
WKMTP,1,2.36121080446,100.423855936,542.871687086
FTKYT,1,2.03666200941,86.7296937632,374.394266956
PSEEP,1,2.59560395759,52.4942883303,333.834888036
YVIDV,1,2.69962702213,11.4118018109,77.9988056158
MSTLK,1,3.24559539124,45.6472072438,455.513024797
TTHYL,1,2.75273835859,73.03553159,517.912069289
NSHDM,1,2.32523150735,31.9530450706,168.47742013
RTTLN,1,2.63822647747,54.7766486925,358.794505833
QYLKN,1,4.3036983458,11.4118018109,237.116369072
PTHVP,1,4.85882561698,68.4708108656,2090.3679905
YELYD,1,2.74026900664,15.9765225353,112.318280087
YELYE,1,2.74026900664,15.9765225353,112.318280087
YELYV,1,2.05577083236,11.4118018109,49.9192355941
YHMVS,1,2.81308507192,50.2119279681,371.274314731
ISSLF,1,2.14323367361,11.4118018109,53.0391878188
WSTYP,1,2.35553727733,187.153549699,1007.74456856
NTCIM,1,3.87412475337,15.9765225353,246.476225746
DLIVN,1,2.4365926163,27.3883243463,155.997611232
NCNVK,1,4.72165332846,29.6706847084,823.667387303
WNTYP,1,2.48203558706,45.6472072438,268.315891319
QITLQ,1,3.50698194419,18.2588828975,218.396655724
DQPIR,1,2.07813864539,27.3883243463,121.678136761
LQTEN,1,3.36638361402,36.517765795,396.233932528
YSAYE,1,2.49526852363,120.965099196,717.589011666
YITMC,1,2.10809186749,50.2119279681,227.756512398
HDTVP,1,2.05380931602,104.988576661,458.632977021
HEMED,1,3.15028843114,13.6941621731,127.91804121
CSCVN,1,2.98256098541,27.3883243463,227.756512398
EQNYL,1,6.12365330464,13.6941621731,1004.62461633
DHKIR,1,2.2401954035,75.3178919522,374.394266956
PVLQQ,1,3.32523150736,15.9765225353,168.47742013
ETYKQ,1,2.96266142797,36.517765795,299.515413565
NLFTA,1,5.40006674027,13.6941621731,608.390683804
DEIKE,1,3.00996714275,57.0590090547,483.592594818
WHAVT,1,4.69962702213,11.4118018109,311.995222463
ETPIP,1,3.13512862397,47.929567606,443.033215898
TYSIH,1,3.13851126337,41.0824865194,380.634171405
SAMEN,1,3.64073333308,11.4118018109,149.757706782
TKTIP,1,3.21420019497,15.9765225353,155.997611232
DEIVV,1,2.20366952747,25.1059639841,121.678136761
DEIVY,1,2.05577083236,11.4118018109,49.9192355941
TYSVP,1,2.50512399797,253.342000203,1513.17682895
EYTDP,1,2.31629838258,13.6941621731,71.7589011666
STLVN,1,4.15905864077,18.2588828975,343.19474471
CDLVP,1,3.72486431363,38.8001261572,539.751734862
DIIFC,1,3.71556856601,20.5412432597,283.915652442
PTKVS,1,3.60009134858,13.6941621731,174.717324579
EHKVD,1,2.66893022491,130.094540645,870.466670673
HSIVP,1,3.29862735626,171.177027164,1772.13286359
IKTML,1,2.48503297136,280.730324549,1653.57467906
CEKIS,1,2.24645439397,104.988576661,524.151973738
VPKST,1,2.07813864539,36.517765795,162.237515681
LANVQ,1,2.0756703898,102.706216298,455.513024797
HWLEP,1,2.60009134858,13.6941621731,87.3586622897
SRYRR,1,2.20777392581,20.5412432597,99.8384711883
QTYIA,1,2.82064242309,36.517765795,271.435843543
QTYIP,1,3.48079242021,61.6237297791,723.828916115
NELVH,1,5.0891938339,11.4118018109,408.713741427
TSYIP,1,3.38390407677,66.1884505035,726.94886834
PEFVP,1,2.29417557169,91.2944144875,471.11278592
PSFAR,1,2.33951573336,152.918144267,814.307530629
DYKDD,1,2.37769892725,11.4118018109,62.3990444927
VLIEE,1,2.515202451,11.4118018109,68.6389489419
WEWLQ,1,3.49076159173,52.4942883303,620.870492702
PKIVP,1,2.77001635003,136.941621731,982.78495076
ITYAH,1,3.46516176849,13.6941621731,159.117563456
RSIIP,1,2.0965171747,109.553297385,492.952451492
RSIIC,1,3.77001635002,18.2588828975,262.075986869
LMTVA,1,2.640017533,191.718270424,1257.34074653
LKSVL,1,2.01241446316,86.7296937632,368.154362507
RCQMK,1,3.78708986338,18.2588828975,265.195939094
DYFDE,1,2.11466452141,13.6941621731,62.3990444927
WETLP,1,2.79620028183,59.3413694169,433.673359224
ASAVP,1,2.78578366589,178.024108251,1291.660221
VDMEY,1,2.86955202357,36.517765795,280.795700217
DVILE,1,2.29523676706,20.5412432597,106.078375638
CHTVR,1,2.87046772975,79.8826126766,614.630588253
EYINR,1,2.41332283698,22.8236036219,127.91804121
HTRMW,1,2.61473812455,47.929567606,308.875270239
VLMVD,1,2.05577083236,11.4118018109,49.9192355941
LETIM,1,2.63726114117,118.682738834,776.868103934
DYMEL,1,2.92789600981,15.9765225353,127.91804121
DEMDL,1,2.83713054588,31.9530450706,240.236321297
HYDIN,1,2.41722729143,20.5412432597,115.438232311
KTHHK,1,2.21420019496,31.9530450706,155.997611232
QYSQL,1,2.11466452141,75.3178919522,343.19474471
NGCSV,1,2.00573014986,25.1059639841,106.078375638
IQSVN,1,2.58414980472,29.6706847084,187.197133478
MYTKL,1,2.0386102812,84.447333401,365.034410282
LTAIG,1,2.6282423889,66.1884505035,430.553406999
LTAIT,1,2.4757310102,73.03553159,427.433454775
QTKVW,1,3.23567992238,18.2588828975,180.957229029
CSLVP,1,4.37422673534,59.3413694169,1294.78017322
LTQVQ,1,2.72486431363,77.6002523144,539.751734862
RSYVW,1,3.00616306661,111.835657747,945.345524064
EEWKP,1,2.54762392869,18.2588828975,112.318280087
TTHIV,1,2.99660875989,15.9765225353,134.157945659
YYLYE,1,2.01512884787,20.5412432597,87.3586622897
TCFSN,1,2.51905477649,38.8001261572,233.996416848
YYTHY,1,3.59069265058,25.1059639841,318.235126913
PTQIQ,1,2.10016495172,296.706847084,1338.45950437
VDMHY,1,2.86312575442,11.4118018109,87.3586622897
SYRFN,1,2.3455185215,77.6002523144,414.953645876
KMLEH,1,2.25216804516,20.5412432597,102.958423413
FQTVD,1,3.96837507916,47.929567606,789.347912832
WTIEN,1,3.25216804516,27.3883243463,274.555795768
ITNEN,1,5.23567992237,18.2588828975,723.828916115
YRQVP,1,4.20212736266,54.7766486925,1060.78375638
PMPIL,1,2.80654222605,29.6706847084,218.396655724
IMKRS,1,2.57409614005,54.7766486925,343.19474471
ETFHP,1,4.20551795186,11.4118018109,221.516607949
PYYVQ,1,3.64073333308,57.0590090547,748.788533912
FAQVN,1,3.21420019497,159.765225353,1559.97611232
INHQN,1,3.68147967542,54.7766486925,739.428677238
TRIIP,1,3.6545391326,59.3413694169,786.227960608
WSMHP,1,2.48812291694,50.2119279681,296.39546134
YTFTN,1,4.08665014524,29.6706847084,530.391878188
YTFTP,1,2.38390407677,132.376901007,726.94886834
DHHLN,1,2.88866084652,22.8236036219,177.837276804
DLIYD,1,2.4651617685,18.2588828975,106.078375638
MQPML,1,2.33189523763,18.2588828975,96.7185189636
TYQMH,1,3.52274926005,59.3413694169,717.589011666
EEMED,1,2.83713054588,22.8236036219,171.597372355
THLIC,1,3.34220024602,82.1649730388,876.706575122
QKIMC,1,2.14821708113,38.8001261572,180.957229029
HSMIP,1,2.75912803388,43.3648468816,308.875270239
DEMLV,1,2.92789600981,15.9765225353,127.91804121
VVIEE,1,2.81827151863,31.9530450706,237.116369072
IYTHA,1,2.3036983458,34.2354054328,177.837276804
EINIT,1,2.23567992237,18.2588828975,90.4786145144
AYLVT,1,5.28828400641,29.6706847084,1219.90131983
TTADF,1,2.0177591039,312.68336962,1332.21959992
HLTEL,1,2.19712668161,38.8001261572,187.197133478
HTLHF,1,2.16296007845,107.270937023,505.432260391
AWTIC,1,2.99989433417,116.400378472,979.664998535
HANHL,1,2.34453206331,25.1059639841,134.157945659
DEIFE,1,2.2256958338,11.4118018109,56.1591400434
WYYDA,1,2.06575492093,20.5412432597,90.4786145144
LLYIP,1,3.57563830486,77.6002523144,973.425094086
NRCVP,1,2.75273835859,36.517765795,258.956034645
PKMVQ,1,3.54762392869,50.2119279681,617.750540477
PTLQL,1,3.45010742278,77.6002523144,892.306336245
EINVQ,1,2.29071562565,321.812811069,1656.69463128
RYNRC,1,2.4651617685,27.3883243463,159.117563456
SSPHK,1,2.17376804176,125.52981992,595.910874905
SNIVL,1,2.92789600981,15.9765225353,127.91804121
NEHVP,1,4.02155511702,13.6941621731,233.996416848
YTKSQ,1,2.04195033777,134.659261369,583.431066007
HITIQ,1,2.97264551654,54.7766486925,452.393072572
PSLKL,1,2.04607743616,63.9060901413,277.675747992
EDMED,1,2.29523676706,20.5412432597,106.078375638
DEFEV,1,2.7562105505,11.4118018109,81.1187578405
VWMQN,1,2.25216804516,20.5412432597,102.958423413
PYYES,1,3.19936168598,98.1414955741,948.465476289
AATVQ,1,4.9825609854,13.6941621731,455.513024797
TSYVH,1,3.94063512164,25.1059639841,405.593789202
YFILD,1,2.14323367361,11.4118018109,53.0391878188
CTIQP,1,3.02155511702,18.2588828975,155.997611232
TICIR,1,3.60311904128,38.8001261572,496.072403717
DVFED,1,2.69962702213,13.6941621731,93.598566739
VYIEY,1,2.14323367361,11.4118018109,53.0391878188
CINVK,1,2.50698194419,18.2588828975,109.198327862
STPVM,1,3.67886846197,15.9765225353,215.2767035
PLLEP,1,5.85343235821,18.2588828975,1110.70299197
PKNIH,1,2.28458952286,45.6472072438,233.996416848
DFMVE,1,3.65071742165,13.6941621731,180.957229029
HYASH,1,2.1850538493,31.9530450706,152.877659007
VFMDE,1,2.04066393997,13.6941621731,59.279092268
WESYH,1,2.71617819839,118.682738834,820.547435079
TGLIW,1,2.16197023619,20.5412432597,96.7185189636
PTRCP,1,2.40006674027,73.03553159,405.593789202
RYLAD,1,2.77979737082,15.9765225353,115.438232311
VYMYV,1,2.69962702213,11.4118018109,77.9988056158
YITIP,1,2.35497885075,36.517765795,196.556990152
RNTIM,1,3.17416553316,43.3648468816,411.833693652
AVTIA,1,3.19361586281,54.7766486925,527.271925963
YFIVD,1,2.14323367361,11.4118018109,53.0391878188
PSTVF,1,6.72347376409,13.6941621731,1522.53668562
PSTVL,1,3.9012608833,45.6472072438,717.589011666
YTQED,1,4.65780684644,15.9765225353,424.31350255
DDIHE,1,2.88866084652,45.6472072438,355.674553608
YMYVS,1,3.1850538493,15.9765225353,152.877659007
WQPIQ,1,2.54762392869,63.9060901413,393.113980304
SYTVA,1,2.91375182748,11.4118018109,90.4786145144
LYEAK,1,4.35955158054,11.4118018109,246.476225746
QTLVS,1,2.23899265641,136.941621731,680.14958497
WSSIL,1,2.57933278841,79.8826126766,502.312308166
ETLTN,1,2.51697371585,84.447333401,508.552212615
CTTEQ,1,2.44182926467,25.1059639841,143.517802333
PQHIP,1,3.49496497942,141.506342456,1678.53429685
LTQIN,1,5.19295904739,29.6706847084,1141.90251422
YDILE,1,2.00996714274,22.8236036219,96.7185189636
SHLHA,1,3.34968455108,59.3413694169,636.470253825
YTTLL,1,2.3981630298,79.8826126766,443.033215898
QYTLD,1,3.34117305122,68.4708108656,730.068820564
TELYC,1,3.16429528914,22.8236036219,215.2767035
PQVIN,1,2.15299264007,59.3413694169,277.675747992
HTSIP,1,5.79648856139,20.5412432597,1201.18160648
YTYMH,1,2.73384273747,57.0590090547,399.353884753
KCLIG,1,3.24711481744,29.6706847084,296.39546134
WTMHP,1,4.21900118122,13.6941621731,268.315891319
WTQMA,1,3.04066393997,61.6237297791,533.511830412
CMQYY,1,4.53612828985,15.9765225353,389.994028079
LQAVQ,1,2.56356547256,45.6472072438,283.915652442
PMHVP,1,3.67666587369,43.3648468816,583.431066007
PAHIP,1,4.91375182749,22.8236036219,723.828916115
HSLVS,1,3.93569438037,20.5412432597,330.714935811
TWISP,1,2.77624830374,25.1059639841,180.957229029
YKTIC,1,2.49553541754,107.270937023,636.470253825
TVFIP,1,2.79965584046,89.0120541253,652.070014948
RSNEL,1,3.85882561698,13.6941621731,209.03679905
VSTIC,1,2.63403868051,20.5412432597,134.157945659
DYMFV,1,2.64073333308,11.4118018109,74.8788533912
NYWLD,1,2.35497885075,36.517765795,196.556990152
DEMAD,1,3.14323367361,11.4118018109,106.078375638
LEHMC,1,4.10561938181,27.3883243463,496.072403717
TYTLA,1,2.50265719768,479.29567606,2857.87623776
LTTMM,1,2.16959073192,152.918144267,723.828916115
QSNVH,1,3.87246361899,25.1059639841,386.874075855
YEFDE,1,2.21420019497,15.9765225353,77.9988056158
HTTEW,1,4.9825609854,13.6941621731,455.513024797
HTTEH,1,4.0965171747,13.6941621731,246.476225746
YTQHQ,1,4.14588325202,18.2588828975,340.074792485
FDIYE,1,2.09390596125,15.9765225353,71.7589011666
FELED,1,2.1325864294,18.2588828975,84.2387100651
MATIA,1,2.90876841998,114.118018109,901.666192919
LRIIH,1,4.57409614005,13.6941621731,343.19474471
YDIDV,1,3.08819231005,25.1059639841,224.636560174
YTAVY,1,2.64900094906,66.1884505035,436.793311449
DDMEF,1,3.67048067647,11.4118018109,152.877659007
YYIVE,1,2.4651617685,18.2588828975,106.078375638
FSTVP,1,2.89227210007,79.8826126766,623.990444927
RTHPL,1,2.01660023507,79.8826126766,340.074792485
KTNWQ,1,3.04066393997,13.6941621731,118.558184536
HNTVE,1,2.17025684737,127.812180283,605.270731579
TGVVI,1,2.23014173883,41.0824865194,202.796894601
PHQMH,1,2.00996714275,45.6472072438,193.437037927
NELYN,1,2.73888645258,66.1884505035,464.87288147
NELYP,1,3.37769892725,47.929567606,524.151973738
SSRIP,1,2.90424474174,47.929567606,377.514219181
YTNTK,1,2.01512884787,20.5412432597,87.3586622897
NTEVE,1,2.77624830374,25.1059639841,180.957229029
PTLMP,1,3.34893993426,43.3648468816,464.87288147
NAVTN,1,2.515202451,57.0590090547,343.19474471
LTLMP,1,3.6828837583,59.3413694169,801.827721731
LTMIQ,1,3.78369128692,22.8236036219,330.714935811
SSKIQ,1,2.72562223067,25.1059639841,174.717324579
GTTIP,1,7.72778811464,29.6706847084,6617.41866845
NMRTQ,1,2.65071742166,27.3883243463,180.957229029
VVMVD,1,2.23567992238,36.517765795,180.957229029
VVMVV,1,2.86312575442,11.4118018109,87.3586622897
TYAEP,1,4.47815910903,29.6706847084,695.749346093
QSYYP,1,4.58157126062,15.9765225353,402.473836978
YEIEL,1,2.515202451,11.4118018109,68.6389489419
YDMYF,1,2.02977562383,15.9765225353,68.6389489419
SGCVF,1,2.68964293356,66.1884505035,449.273120347
QYAWP,1,2.42832500032,47.929567606,271.435843543
LQSVQ,1,2.33189523764,91.2944144875,483.592594818
PTRTY,1,2.79620028183,59.3413694169,433.673359224
VDMYV,1,2.4365926163,27.3883243463,155.997611232
PSHIP,1,3.56752348613,73.03553159,911.026049593
KTYKP,1,2.1325864294,18.2588828975,84.2387100651
SCQPK,1,3.12020270495,59.3413694169,542.871687086
SYSLQ,1,3.12493285687,15.9765225353,146.637754558
DATIQ,1,2.38436265753,123.247459558,677.029632746
YTHEW,1,4.21058894141,27.3883243463,533.511830412
TTKVP,1,2.7814211133,54.7766486925,396.233932528
LQIQC,1,2.9982853377,45.6472072438,383.75412363
VDIYV,1,2.25216804516,13.6941621731,68.6389489419
VDIYE,1,2.45570143925,20.5412432597,118.558184536
QSTYN,1,2.24559539124,45.6472072438,227.756512398
PESIT,1,4.9012608833,11.4118018109,358.794505833
WYTHQ,1,2.86151470451,73.03553159,558.471448209
HYCEK,1,4.89427445299,20.5412432597,642.710158275
YTKLN,1,2.25639263102,70.7531712278,355.674553608
LEIKP,1,2.32878932677,34.2354054328,180.957229029
THLLP,1,3.08465195234,77.6002523144,692.629393869
VYHAV,1,3.03481121372,29.6706847084,255.83608242
STVVN,1,2.33705694275,61.6237297791,327.594983587
STVVL,1,2.44182926467,25.1059639841,143.517802333
DYMHV,1,2.11466452141,13.6941621731,62.3990444927
DTMQR,1,2.06050875136,43.3648468816,190.317085703
FTNVL,1,2.07941367423,198.56535151,882.946479571
DELVY,1,2.37769892725,11.4118018109,62.3990444927
MLFQN,1,3.11466452142,20.5412432597,187.197133478
FMYAQ,1,3.52454031557,31.9530450706,386.874075855
SQNVH,1,4.19439171388,25.1059639841,483.592594818
PYTQL,1,2.35073187965,61.6237297791,330.714935811
YAIIP,1,3.26100270254,84.447333401,851.746957325
RSLIS,1,2.12312610016,38.8001261572,177.837276804
YDLEV,1,2.74026900664,15.9765225353,112.318280087
PLGIH,1,4.08819231005,50.2119279681,898.546240695
VYLVD,1,2.37769892725,18.2588828975,99.8384711883
TMLLP,1,2.28270241331,116.400378472,595.910874905
VYMEY,1,2.79273642653,13.6941621731,99.8384711883
CWSIP,1,2.7976021817,84.447333401,617.750540477
WTQFQ,1,2.02155511702,18.2588828975,77.9988056158
TQHVP,1,2.31959597268,43.3648468816,227.756512398
YTLCH,1,3.62019255464,63.9060901413,826.787339528
PTMIN,1,3.14552548512,84.447333401,786.227960608
DVLEY,1,2.37769892725,20.5412432597,112.318280087
DVLEV,1,3.05577083236,22.8236036219,199.676942377
DVLEP,1,2.05012426922,73.03553159,318.235126913
DVMAE,1,2.37769892725,11.4118018109,62.3990444927
TWMIN,1,4.69582545197,43.3648468816,1182.46189314
DHMYD,1,2.05577083236,11.4118018109,49.9192355941
HTLMH,1,2.83141689469,52.4942883303,393.113980304
TTEIT,1,3.44808825514,34.2354054328,393.113980304
VDFYD,1,2.05577083236,11.4118018109,49.9192355941
ATMFA,1,2.48959180732,70.7531712278,418.073598101
TYDLA,1,2.25216804516,54.7766486925,274.555795768
QVAHL,1,2.50108134275,63.9060901413,380.634171405
FDILY,1,2.92789600981,15.9765225353,127.91804121
YYTIQ,1,2.17416553316,43.3648468816,205.916846826
QDIYY,1,2.85163011558,20.5412432597,155.997611232
EHTVF,1,4.3036983458,22.8236036219,474.232738144
ITFQD,1,3.08968686632,152.918144267,1369.65902661
THSNK,1,3.25216804516,34.2354054328,343.19474471
HTDTN,1,2.05577083236,57.0590090547,249.596177971
SQIYA,1,2.16619482205,25.1059639841,118.558184536
SAYVQ,1,2.83226479071,61.6237297791,461.752929246
AVNVE,1,4.49317614466,13.6941621731,324.475031362
QVSVH,1,2.53524020423,59.3413694169,361.914458058
DELEL,1,2.57034400519,15.9765225353,99.8384711883
FRMQN,1,2.23014173883,41.0824865194,202.796894601
SPQIL,1,2.34117305122,22.8236036219,121.678136761
TTYYD,1,2.60009134858,34.2354054328,218.396655724
YVLYY,1,2.28458952286,18.2588828975,93.598566739
TLTMM,1,3.31914674489,50.2119279681,527.271925963
PKHVP,1,2.52232249033,335.506973242,2027.96894601
DVMYY,1,2.96266142797,20.5412432597,168.47742013
VSTLA,1,2.2401954035,25.1059639841,124.798088985
HTLEN,1,3.13258642941,54.7766486925,505.432260391
TNMEP,1,2.34732527821,82.1649730388,439.913263673
QSTIM,1,2.32055502014,235.083117305,1235.50108095
QSTIE,1,2.12616016025,57.0590090547,262.075986869
ALNPK,1,3.39150472677,29.6706847084,327.594983587
DHMDE,1,2.515202451,11.4118018109,68.6389489419
HDLQY,1,3.37769892725,15.9765225353,174.717324579
DDFVD,1,2.37769892725,11.4118018109,62.3990444927
RTTVQ,1,2.05577083236,159.765225353,698.869298318
TIELV,1,2.83713054588,59.3413694169,446.153168123
QHRIP,1,2.78578366588,29.6706847084,215.2767035
RVTLM,1,2.81308507192,50.2119279681,371.274314731
PMTVM,1,2.93023995028,205.412432597,1647.33477461
NALVQ,1,2.08551817575,171.177027164,764.388295035
DLLED,1,2.83713054589,18.2588828975,137.277897884
PRKHY,1,2.15530650591,15.9765225353,74.8788533912
LTRRM,1,3.88866084652,57.0590090547,889.186384021
DDMHE,1,3.91375182749,11.4118018109,180.957229029
DDMHY,1,2.82248376992,20.5412432597,152.877659007
VTRIP,1,4.72766732717,244.212558754,6807.73575415
TECVN,1,3.7200911247,15.9765225353,221.516607949
HYLWP,1,2.21822071324,98.1414955741,480.472642594
KNLTD,1,2.30107764564,66.1884505035,343.19474471
WHSIP,1,3.85882561698,13.6941621731,209.03679905
YVSLL,1,3.74966770463,38.8001261572,549.111591536
PKYIN,1,3.91743217398,61.6237297791,979.664998535
YHRHP,1,2.2256958338,22.8236036219,112.318280087
VSLKN,1,2.25216804516,20.5412432597,102.958423413
NVNIP,1,2.81827151864,15.9765225353,118.558184536
DFMEV,1,2.86312575442,11.4118018109,87.3586622897
YEIYY,1,2.32523150735,15.9765225353,84.2387100651
TTLVN,1,2.24090708404,346.918775053,1725.33358022
SVSID,1,3.34293350909,47.929567606,511.67216484
HTVIN,1,3.29969641524,86.7296937632,898.546240695
KTTIP,1,4.36042093582,47.929567606,1035.82413858
PTMYP,1,2.59271181822,63.9060901413,405.593789202
TDYEN,1,2.93920245514,70.7531712278,570.951257108
DVMQD,1,3.37769892725,13.6941621731,149.757706782
THMIP,1,2.91375182749,22.8236036219,180.957229029
PAHSV,1,3.61473812455,47.929567606,617.750540477
FHTIM,1,4.21900118122,13.6941621731,268.315891319
VYMEV,1,3.21420019497,15.9765225353,155.997611232
LDTIT,1,2.53997035614,47.929567606,293.275509116
NNYRT,1,3.61291538894,27.3883243463,352.554601384
CSTIT,1,2.07813864539,91.2944144875,405.593789202
HCAIK,1,2.79273642652,47.929567606,349.434649159
VFIDD,1,2.1850538493,13.6941621731,65.5189967173
YTHHL,1,3.3932957823,52.4942883303,580.311113782
YFMDV,1,2.02977562383,15.9765225353,68.6389489419
TYTVA,1,4.62705839618,120.965099196,3144.91184243
TYTVN,1,2.55354876265,123.247459558,761.268342811
PSLVS,1,4.3567393086,89.0120541253,1918.77061815
QISID,1,2.69962702213,20.5412432597,140.397850109
STPNK,1,6.29342108982,43.3648468816,3578.58520165
RHYQP,1,3.63643319565,15.9765225353,209.03679905
HSTIP,1,4.77491514944,31.9530450706,920.385906267
YSLTP,1,2.77001635002,392.565982296,2817.31685884
CWLQS,1,3.76016856407,15.9765225353,227.756512398
SHKHM,1,3.02679176539,25.1059639841,215.2767035
LYTQL,1,4.44544353388,29.6706847084,680.14958497
FDLED,1,2.07813864539,18.2588828975,81.1187578405
FDLEE,1,2.515202451,11.4118018109,68.6389489419
TTIVQ,1,3.10809186749,25.1059639841,227.756512398
YDMQD,1,2.81827151864,15.9765225353,118.558184536
VEMEL,1,2.96266142797,11.4118018109,93.598566739
PQACL,1,2.45570143925,41.0824865194,237.116369072
SWKVP,1,3.57409614005,54.7766486925,686.389489419
NIAIV,1,5.54092927611,13.6941621731,670.789728296
HTNIP,1,4.00867382572,41.0824865194,695.749346093
QALYN,1,2.71873584508,68.4708108656,474.232738144
TSHKS,1,2.19483487009,47.929567606,230.876464623
THGKQ,1,2.77624830374,25.1059639841,180.957229029
QMQLP,1,2.90821364395,20.5412432597,162.237515681
GATDI,1,2.48732341842,43.3648468816,255.83608242
ETTYA,1,3.69962702213,15.9765225353,218.396655724
HDMEE,1,2.96266142797,13.6941621731,112.318280087
HDMED,1,3.07813864538,13.6941621731,121.678136761
DLMVD,1,3.81510423955,13.6941621731,202.796894601
LSMIP,1,3.14637338114,123.247459558,1148.14241867
KHQIE,1,3.1850538493,31.9530450706,305.755318014
QSRYS,1,2.34453206331,50.2119279681,268.315891319
YYGKK,1,3.05577083236,22.8236036219,199.676942377
FFNIP,1,2.80903823886,75.3178919522,555.351495985
YQTYS,1,3.28916225264,47.929567606,492.952451492
PMRVN,1,2.03559295042,102.706216298,443.033215898
HSVIN,1,2.37769892725,31.9530450706,174.717324579
WQTVH,1,5.07813864539,27.3883243463,973.425094086
DEIDV,1,3.02155511702,27.3883243463,233.996416848
PYQEL,1,2.34855258159,57.0590090547,305.755318014
QQFLK,1,3.3036983458,22.8236036219,237.116369072
YNLIP,1,2.05012426922,146.07106318,636.470253825
HAHVR,1,3.60955167783,86.7296937632,1113.82294419
YYIEV,1,2.1325864294,18.2588828975,84.2387100651
DYIVV,1,2.77979737082,15.9765225353,115.438232311
DYIVE,1,2.98435649907,25.1059639841,209.03679905
GTVYC,1,5.03591041,18.2588828975,630.230349376
YVMDY,1,2.42832500032,31.9530450706,180.957229029
YLTFP,1,2.01157102845,66.1884505035,280.795700217
FYTMA,1,2.12312610016,116.400378472,533.511830412
FDMLD,1,2.57933278842,11.4118018109,71.7589011666
FDMLY,1,2.69962702213,11.4118018109,77.9988056158
TTTIL,1,4.11793965345,50.2119279681,917.265954042
PVIIS,1,2.58157126061,63.9060901413,402.473836978
PTCIT,1,3.57409614005,13.6941621731,171.597372355
MANIN,1,2.40744627064,27.3883243463,152.877659007
LAFHP,1,2.4772346008,15.9765225353,93.598566739
PTQVV,1,2.30779691402,84.447333401,439.913263673
PRAIN,1,4.26522419799,34.2354054328,692.629393869
ITYHT,1,2.81308507192,50.2119279681,371.274314731
ITYHN,1,3.57409614005,27.3883243463,343.19474471
YFSEN,1,3.22415366899,59.3413694169,583.431066007
MTLIP,1,3.17915324786,79.8826126766,761.268342811
GILEN,1,4.52454031558,15.9765225353,386.874075855
YVIHP,1,2.56212349839,25.1059639841,155.997611232
LTYVS,1,2.54339934282,173.459387526,1063.9037086
VETLP,1,2.1983752278,175.741747888,848.6270051
DLIVD,1,2.11466452141,13.6941621731,62.3990444927
DEILY,1,2.14323367361,11.4118018109,53.0391878188
DYLVE,1,2.73525093186,18.2588828975,127.91804121
DYLVV,1,2.54762392869,18.2588828975,112.318280087
QNINC,1,3.97595825058,20.5412432597,340.074792485
ISKLP,1,2.28458952286,18.2588828975,93.598566739
DDKYD,1,2.14323367361,11.4118018109,53.0391878188
QTWIQ,1,3.36121080446,25.1059639841,271.435843543
MATIY,1,2.77914736178,136.941621731,989.024855209
PHNVP,1,2.34375159532,196.282991148,1048.30394748
FELDD,1,2.2256958338,11.4118018109,56.1591400434
LITCA,1,2.14323367361,11.4118018109,53.0391878188
CKTIK,1,2.46830147603,61.6237297791,358.794505833
NALIP,1,4.72846815002,118.682738834,3310.26931034
DHIYD,1,2.11466452141,13.6941621731,62.3990444927
YEILD,1,2.3036983458,11.4118018109,59.279092268
CKYVP,1,2.05952296722,54.7766486925,240.236321297
VDMQD,1,2.57034400519,15.9765225353,99.8384711883
ECMQQ,1,2.26522419799,22.8236036219,115.438232311
DMTVP,1,3.53474263739,57.0590090547,695.749346093
QIGKQ,1,2.50481084515,43.3648468816,258.956034645
KSSVM,1,2.36193161139,104.988576661,567.831304883
ESHYP,1,3.94995037622,43.3648468816,705.109202767
QSSIA,1,3.41903972263,98.1414955741,1104.46308752
FDTVY,1,2.96266142797,11.4118018109,93.598566739
QVYIP,1,2.02720168016,116.400378472,499.192355941
GSLIQ,1,2.44120186955,114.118018109,652.070014948
NAVNC,1,3.30369834581,11.4118018109,118.558184536
VVLED,1,3.03305075586,22.8236036219,196.556990152
VVLEE,1,2.43214671127,29.6706847084,168.47742013
PQLLD,1,3.2484159103,79.8826126766,798.707769506
LTGYP,1,3.24276934716,15.9765225353,159.117563456
PITIT,1,2.27951853331,43.3648468816,221.516607949
VDLLD,1,2.7562105505,11.4118018109,81.1187578405
VHYEP,1,3.10016495172,91.2944144875,823.667387303
HMTII,1,2.04755032555,50.2119279681,218.396655724
DVLVV,1,2.44808825514,11.4118018109,65.5189967173
HSVYS,1,2.63251282628,50.2119279681,327.594983587
VDLVD,1,2.88019926778,13.6941621731,106.078375638
TKHHV,1,4.56532593043,20.5412432597,511.67216484
YTLQN,1,2.82568052514,104.988576661,783.108008383
YTLQP,1,3.64073333307,79.8826126766,1048.30394748
YRLTP,1,3.17025684738,63.9060901413,605.270731579
VDILE,1,2.3036983458,11.4118018109,59.279092268
DDIYL,1,2.515202451,11.4118018109,68.6389489419
DFMYV,1,2.1850538493,13.6941621731,65.5189967173
DYIFE,1,2.37769892724,13.6941621731,74.8788533912
DVIYV,1,2.65071742165,13.6941621731,90.4786145144
QEKVD,1,5.15530650591,15.9765225353,599.03082713
EELEE,1,2.1850538493,22.8236036219,109.198327862
ESLKQ,1,4.1987287862,34.2354054328,661.429871622
YYYEP,1,2.12244187201,253.342000203,1160.62222756
THYHH,1,2.66720554445,20.5412432597,137.277897884
YQTYR,1,3.46068829192,43.3648468816,502.312308166
LQLMT,1,3.67048067647,22.8236036219,305.755318014
TSLIT,1,2.09296945031,152.918144267,686.389489419
NTLFH,1,2.23184806078,89.0120541253,439.913263673
DKKET,1,2.21420019497,15.9765225353,77.9988056158
HTYES,1,2.00996714275,45.6472072438,193.437037927
HTYEN,1,2.1850538493,13.6941621731,65.5189967173
SRKTK,1,2.79273642653,13.6941621731,99.8384711883
ETIYN,1,3.74026900663,15.9765225353,224.636560174
STACP,1,2.5297020207,20.5412432597,124.798088985
VELDD,1,2.96266142797,20.5412432597,168.47742013
DQIRI,1,2.27078372333,15.9765225353,81.1187578405
QCNIQ,1,2.30554914149,93.5767748497,486.712547043
LKFQH,1,3.94617330518,100.423855936,1628.61506126
IQPRK,1,3.1850538493,13.6941621731,131.037993435
ASSIN,1,5.39562083524,11.4118018109,505.432260391
FFMDD,1,3.00996714274,11.4118018109,96.7185189636
YTLYQ,1,3.49871432821,68.4708108656,814.307530629
FKTVS,1,4.47815910903,29.6706847084,695.749346093
NTMIS,1,4.52065688109,47.929567606,1157.50227534
YVMYE,1,2.81827151864,15.9765225353,118.558184536
QTTYY,1,2.15380291532,91.2944144875,427.433454775
HTQIP,1,2.89227210007,31.9530450706,249.596177971
HAVLQ,1,4.99240877136,13.6941621731,458.632977021
DEIYV,1,2.96266142797,13.6941621731,112.318280087
NERHL,1,4.07813864539,18.2588828975,324.475031362
DFFDD,1,2.3036983458,11.4118018109,59.279092268
INIVQ,1,2.98485717408,98.1414955741,817.427482854
DTPVP,1,3.11014904028,109.553297385,995.264759658
HYTRT,1,2.88866084652,22.8236036219,177.837276804
LTTIL,1,2.04881807172,148.353423542,645.830110499
TYTIQ,1,2.28640309323,120.965099196,620.870492702
DTTIP,1,2.24443239639,232.800756943,1160.62222756
HESVP,1,2.23695495122,178.024108251,882.946479571
SSLVY,1,4.83713054589,15.9765225353,480.472642594
REYLA,1,2.62562644069,45.6472072438,296.39546134
YDLDV,1,2.29523676706,20.5412432597,106.078375638
QFRYN,1,2.49317614467,34.2354054328,202.796894601
EDMDE,1,2.28458952286,18.2588828975,93.598566739
EDMDV,1,2.44808825514,11.4118018109,65.5189967173
QGEST,1,3.11793965345,50.2119279681,458.632977021
EDMDY,1,2.3036983458,11.4118018109,59.279092268
DDIFV,1,2.31629838258,13.6941621731,71.7589011666
TYSIQ,1,4.15905864077,36.517765795,686.389489419
KTMYY,1,3.81510423955,13.6941621731,202.796894601
YYRYP,1,3.83713054588,38.8001261572,583.431066007
YSFAD,1,3.46516176849,13.6941621731,159.117563456
YSTCP,1,3.33922477943,43.3648468816,461.752929246
YVMVV,1,2.57933278842,11.4118018109,71.7589011666
ATYLP,1,3.53202707363,70.7531712278,861.106813999
SIHIP,1,3.7500844477,134.659261369,1906.29080925
PQYQP,1,3.00218979215,13.6941621731,115.438232311
YEMYV,1,2.54762392868,13.6941621731,84.2387100651
PHHVP,1,2.32602289247,308.118648895,1625.49510903
YTFEP,1,2.84718421055,148.353423542,1123.18280087
YEMYY,1,2.83713054588,13.6941621731,102.958423413
NVHHF,1,2.1850538493,41.0824865194,196.556990152
VYIDE,1,2.11466452142,20.5412432597,93.598566739
HHHIW,1,2.02155511702,54.7766486925,233.996416848
SIHII,1,2.2675160095,38.8001261572,196.556990152
VYIDV,1,2.37769892725,11.4118018109,62.3990444927
ANHEL,1,2.08957354045,66.1884505035,296.39546134
ITLMP,1,2.34236585414,70.7531712278,377.514219181
DQPML,1,2.47530972387,57.0590090547,333.834888036
MSKVP,1,3.67315481077,50.2119279681,673.909680521
VFMEE,1,2.02155511702,18.2588828975,77.9988056158
STTML,1,2.98435649907,25.1059639841,209.03679905
GSIHY,1,3.77405186326,38.8001261572,558.471448209
PYFIT,1,4.25023801807,38.8001261572,776.868103934
CRTIA,1,2.35497885075,36.517765795,196.556990152
RLKYL,1,2.99660875989,31.9530450706,268.315891319
FTMIA,1,4.87826924068,25.1059639841,776.868103934
ISNIY,1,3.25216804516,89.0120541253,892.306336245
VQLWD,1,2.07813864539,18.2588828975,81.1187578405
PYFTN,1,2.37769892724,52.4942883303,287.035604666
DYMQD,1,3.03305075586,22.8236036219,196.556990152
DYMQE,1,2.06957663189,29.6706847084,131.037993435
DEIAE,1,2.04066393997,13.6941621731,59.279092268
RTTCK,1,2.13060606528,61.6237297791,283.915652442
TNTFD,1,3.04512358816,38.8001261572,336.95484026
WSYQN,1,4.13258642941,18.2588828975,336.95484026
YTHVT,1,2.60341170687,70.7531712278,452.393072572
YDIVE,1,2.32523150735,31.9530450706,168.47742013
IWNEN,1,3.4651617685,31.9530450706,371.274314731
SIYIP,1,4.4651617685,20.5412432597,477.352690369
EQCVD,1,3.85343235821,18.2588828975,277.675747992
HDLMH,1,4.24119692735,20.5412432597,408.713741427
PRTVH,1,2.55162585924,182.588828975,1126.30275309
HQKVP,1,2.06575492093,20.5412432597,90.4786145144
VEIDE,1,3.16429528914,22.8236036219,215.2767035
NMQIN,1,2.49317614466,13.6941621731,81.1187578405
TALVN,1,2.04465480017,130.094540645,564.711352659
DDMND,1,2.11466452141,13.6941621731,62.3990444927
MTQVP,1,2.12135917398,98.1414955741,449.273120347
YYLEE,1,2.98650816992,22.8236036219,190.317085703
YYLEY,1,2.18505384931,18.2588828975,87.3586622897
WHTFP,1,2.09139474209,57.0590090547,255.83608242
HNTIL,1,4.69962702213,29.6706847084,811.187578405
PETVA,1,2.86222152685,130.094540645,995.264759658
PETVP,1,2.27078372333,31.9530450706,162.237515681
YEWHS,1,2.22960028826,93.5767748497,461.752929246
SSLVN,1,3.16911230543,29.6706847084,280.795700217
LNHIP,1,2.9440457498,118.682738834,960.945285187
CLHIQ,1,3.20212736266,27.3883243463,265.195939094
SWTIP,1,2.00509669429,152.918144267,645.830110499
DLMYD,1,2.99240877136,18.2588828975,152.877659007
VVMDV,1,2.96266142797,13.6941621731,112.318280087
HVSHN,1,2.1850538493,22.8236036219,109.198327862
TSDIP,1,2.36638361402,73.03553159,396.233932528
YLIED,1,2.64073333308,11.4118018109,74.8788533912
YLIEE,1,2.79273642653,20.5412432597,149.757706782
MSLLP,1,2.69201383802,173.459387526,1179.34194091
