VLQSA,0,2.42226995398
MANSV,0,2.5474833066
TNMSC,0,3.50134152496
QCHDL,0,4.84332727219
PRRQT,0,4.39276071181
TCAMT,0,2.26687627133
RHPPM,0,4.3763351639
QTEPA,0,3.52613398641
RHPPA,0,2.59974522903
TEFQS,0,4.02941268954
RHPPT,0,3.40036243454
RPMSH,0,5.63813207858
PQCMS,0,3.7523030985
HQHAV,0,4.48820749729
NHSGF,0,2.44619997077
HLPKP,0,4.15669335358
QRHGS,0,2.17941343008
SNYSS,0,2.40734403495
TSRNT,0,2.82011848273
WSNNA,0,2.56296064323
RASTM,0,5.98902080386
LTTWH,0,3.6344666082
HKNNT,0,2.1305038296
NTPDF,0,3.39115860722
IPPES,0,2.224711777
QPNGT,0,3.6326598515
FSNRT,0,2.14288755405
IFNGT,0,2.83476525869
PMRDQ,0,4.08133135366
LDTSD,0,2.87832162468
KHQHP,0,2.16734059777
SPTRT,0,3.40734403496
SPTRW,0,4.41207418686
QCTNS,0,2.9393886511
RIAPP,0,2.50134152497
KLSTS,0,2.70525452569
QVHTI,0,2.72661645484
NDQQS,0,2.95902336165
QTEPG,0,4.2397490933
YAKPT,0,2.34495999101
YTHNG,0,3.14430962912
QSNQA,0,3.02239226187
HKSWN,0,3.57173085286
RTTTW,0,2.67482434582
EHRNQ,0,2.86995468715
QNRPS,0,2.67813707986
CTDAL,0,3.26475309943
CTDAK,0,2.43302458202
NICNP,0,4.58767239673
RLGNS,0,2.22962487603
PNAPI,0,3.06693870081
ASHHA,0,2.88115816417
TSRAP,0,3.51172354349
VNADQ,0,3.33726559922
SSNTS,0,2.41486200423
TSPYN,0,4.30869644702
NPRPT,0,2.84617002196
DRQNS,0,2.52991067715
PASTR,0,2.06620281963
NHFPN,0,5.55723128316
PTSAT,0,2.47219517931
THANM,0,4.41526811122
FLNNT,0,2.34933843152
NTSAC,0,2.19576291826
QARPP,0,2.39146390719
ASPKY,0,3.39479067562
SNPPE,0,2.40180585141
SGPSM,0,2.1518275984
QRNTL,0,4.22708268147
HPRAP,0,2.18792331038
HPRAQ,0,2.20089315749
SKPHG,0,3.67382904047
NMNST,0,2.57173085285
IMPNH,0,2.89750101403
NMCIN,0,5.75835214317
VRSSS,0,4.26661104566
KYHTQ,0,2.48221393513
PYSPA,0,3.41207418687
MSQPH,0,2.16983445327
PARAP,0,2.75122846526
HEPIF,0,5.76987572794
DSPIH,0,3.91276777069
RNNSL,0,2.50614251123
RNNSQ,0,2.5290264019
QHHPS,0,2.79935992255
PSSPA,0,3.2397490933
AMPPN,0,2.83476525869
ITTDI,0,6.12700166864
RGHHT,0,3.44619997077
SSNNT,0,2.24980275797
TGCIH,0,5.11769922196
SSNNH,0,6.63536913875
GTTNP,0,2.00936978107
ATIPT,0,5.34572717797
IPVPT,0,4.2854266677
NNRPE,0,5.14057368822
PHISN,0,4.80810750362
NISGQ,0,2.41859043571
DTQPS,0,4.95024247611
DTQPN,0,2.50614251123
SAQRC,0,2.24980275797
SNKYS,0,2.62419827275
NDPPP,0,4.62247975552
YDQQS,0,2.05715768003
TKHSQ,0,3.49138874454
SVNGT,0,3.1408019808
SRTDA,0,2.94477426347
KIPDS,0,2.97825685228
STTPS,0,3.71492548869
NCHHS,0,3.14865603451
QPRSQ,0,2.20399906835
NNNKS,0,2.12106944385
CDAPN,0,2.10735849295
HPSFE,0,2.87429362287
YPHHR,0,3.90642624382
YPKTT,0,2.02941268954
HNCSH,0,5.32590573705
QARLG,0,3.27702422671
STANG,0,5.80097694523
KDPTR,0,4.21942910893
ANSHT,0,3.78585565821
KCYSI,0,5.69525659905
YSNVE,0,3.02473620234
SSPSM,0,3.1884022133
TTPAQ,0,3.54353396102
WPHSP,0,3.17580217653
DTNPT,0,2.83476525869
IFPNH,0,4.95024247611
QPPSN,0,2.11282185514
RNAHS,0,2.5738665972
DACRA,0,2.10276164719
KVQPD,0,5.43302458202
TSSAQ,0,2.35810237331
NNTGL,0,2.4721951793
LHCTI,0,2.82530492944
CMNPS,0,5.43302458202
IGRQS,0,6.44182153026
PTLAE,0,3.2697023154
QFNDH,0,2.31691695382
DKDNR,0,3.55236552799
FLTTP,0,3.41972775941
YNNSM,0,2.83476525869
KANPM,0,3.56991499983
ASPSP,0,2.22649538448
KAAPE,0,5.03854200186
NPFQP,0,2.20089315748
SHATR,0,3.2712217416
HPHSQ,0,3.10716944819
CQNNT,0,4.35040669891
LMPTQ,0,2.65982218248
LFPLT,0,2.15312673856
LRTKP,0,2.1197422174
NWGPT,0,4.59010938217
TSHPD,0,2.33406426044
QEADH,0,4.16468614433
NAPAN,0,2.33726559921
TCSHR,0,5.12972630598
TAYNV,0,3.51033030819
KPTYG,0,2.22555521172
DSSQS,0,3.16126608337
ADKSS,0,3.06014153846
WNNST,0,6.03407406691
WNNSF,0,3.51154384678
RHTVQ,0,4.98375960226
QNHSC,0,2.02818827952
ANNAT,0,2.95902336165
PIDQH,0,2.20916077347
HTTMP,0,2.45625363544
LPAIP,0,4.58300196519
VLNNS,0,2.29102542069
TENYP,0,4.34407766266
GKPTG,0,2.79037113933
SESQL,0,4.10606728051
RVTQY,0,5.97317928738
SHNST,0,2.89750101403
PEPST,0,5.0730992239
PTGSQ,0,3.22380754944
LPATN,0,2.74860861494
QNQFT,0,2.06424710482
LYRAT,0,4.17695219256
PTKPP,0,3.30075394541
STNSG,0,2.24980275797
HTRYN,0,4.5560878751
AELMT,0,4.41303310683
LESTS,0,3.89750101404
DAEKS,0,3.30146487779
PTSGR,0,3.90005671895
PYVQT,0,4.04920892691
PTNHS,0,2.07791624019
MTYTQ,0,4.39819459786
ALSWT,0,5.05224218961
KGHTQ,0,2.0036421707
ISPDK,0,5.03116247149
PMKTT,0,4.15717178005
HPTPF,0,2.1884022133
RNDPN,0,2.9987409938
TSNHH,0,2.02424305756
LEPHT,0,3.57173085286
RYNNT,0,3.36954200224
SWVWG,0,5.2587915412
SNNRP,0,2.17036829047
QQHPT,0,4.0433518805
TDKPD,0,2.53053916553
LNPNT,0,2.02239226186
LYKHS,0,2.15960494899
QSTPT,0,2.24980275797
NDHPN,0,3.09779966452
ADNNS,0,4.5749332849
NYFNA,0,3.26177539963
QQNTQ,0,4.90515458658
GSARN,0,3.97064868677
MIECI,0,3.44505904937
HESSN,0,2.84617002196
TSPTC,0,4.16126608337
CESTQ,0,2.65622712694
AAPTT,0,2.83476525869
PANNL,0,2.93604859452
YNQSA,0,4.63753291125
QQTGT,0,3.05186338035
QAAPM,0,2.96695987105
RSPSC,0,2.03048972956
QRTTH,0,3.75916763979
QTHGS,0,5.57173085285
PPPYH,0,4.22089006605
QRCAK,0,2.98676835213
TAHKP,0,3.00526469575
NSPST,0,4.10667781587
NTCHS,0,3.33469165555
PPKSA,0,2.44445018882
QHNQH,0,4.40180585141
SMAYM,0,3.36527997539
PHPTL,0,2.44471444288
DSPDV,0,3.58976477569
YNTKA,0,2.41972775941
TPPPM,0,5.06287133122
ATRTT,0,3.37160759536
DLSNL,0,4.52991067716
NAQEN,0,5.60825672888
LIPPA,0,3.30869644701
STGGV,0,2.24980275797
RVNSS,0,3.73037721993
TYNTH,0,4.49169135493
SKGQT,0,2.91908154462
SDDDS,0,3.36527997539
NPNPT,0,4.78585565821
QTDNI,0,4.29419687732
SIHIP,0,2.33254318897
RTGKP,0,2.75794966163
HSSRP,0,3.4295087802
THRHF,0,3.55792505333
QNQNH,0,2.49081085747
TTAQS,0,2.6344666082
VTHGT,0,4.15026708442
SSDRS,0,4.44619997077
RTSVW,0,2.67919555022
HSRPL,0,2.43116791104
QPYTT,0,2.48757040519
ARPMP,0,3.29871235846
NSRSD,0,3.50853702637
RWDPQ,0,4.31049868965
PRSPS,0,2.75728650601
PTNPD,0,3.61903656763
SAPAT,0,2.48569102179
SAPAF,0,3.5636935338
KEPTH,0,3.29797004043
QSPRT,0,2.12188528304
AKITY,0,4.9473941138
ELSSQ,0,2.73884083869
SITLN,0,2.16185505869
KDLPR,0,3.51569681794
LQSTS,0,3.77336471403
HPPGG,0,3.18700763123
NHITI,0,4.41526811122
QDHNP,0,5.64925871605
SNHTS,0,2.03198874488
ASNNI,0,2.59219495542
SPTQI,0,3.89264617476
CALRP,0,5.38269702846
FWPTQ,0,2.86298513233
LYPPP,0,2.46709731166
LPRPA,0,2.57590652882
NSMHP,0,5.92928285747
NNTDY,0,5.07180445598
MAHTT,0,3.6660749129
RVLPG,0,2.86647411842
NNNGN,0,3.802343781
QTASS,0,2.84617002196
IAKPT,0,3.60343971258
TCNPH,0,3.83476525869
APNQT,0,2.9644005391
SADRS,0,3.34575448131
ANPTK,0,2.49671749844
TRMFT,0,4.07762178259
MDNNL,0,4.93536919963
TTNKT,0,3.22283571037
TTNKP,0,4.07987775652
SAHTL,0,2.77037467142
KNNRT,0,3.02941268955
CTDLH,0,5.3632968891
NYPKT,0,3.39819459786
QKNDT,0,2.20916077347
QYSHP,0,3.90584835675
ATLTL,0,3.14483319836
YAGNN,0,3.64973336486
RSHPM,0,4.43962731684
PRPPH,0,2.27781713414
TCVPT,0,4.83614648909
QSWDC,0,4.0685624433
TMPSR,0,2.61237283735
VTPTS,0,2.20598652568
VTPTW,0,3.29287147986
PIQTS,0,3.67979059871
IPHST,0,3.53797044695
ENRPT,0,3.94237423277
PIPNE,0,4.10778375309
NLAPY,0,4.81183886184
YNHTN,0,3.20807563236
LATGC,0,3.164509007
TPSHR,0,2.40304901826
ITNLT,0,2.83337067662
NPQSV,0,3.49652450867
MPIQT,0,2.61080041753
SIENH,0,3.65478659258
HLANS,0,3.05049394974
QDPMT,0,3.81984583886
KPTIL,0,3.39276071181
CTQPT,0,3.42457715907
LYRTT,0,6.26475309944
NSSEH,0,2.12427187588
DDHTS,0,3.36527997539
PCRSV,0,3.06119319326
MSPKP,0,3.26687627133
EITTE,0,6.82672793962
PTGRY,0,5.53657440744
LASTT,0,4.48501921966
KSDQG,0,2.41286103992
KSTDS,0,2.9987409938
LVTSA,0,3.93536919963
LTLAN,0,3.95225882171
HTNPE,0,4.32305174
SDQLI,0,3.13298909298
LRRPP,0,3.34432035674
HALPP,0,3.35786250382
LTPNF,0,3.68114206958
RTRPT,0,2.0585590352
SSNKS,0,4.27955010136
RRMPT,0,5.42639148969
SPKYA,0,5.18421441634
SNPPT,0,2.45925612359
ITPPF,0,2.46130686316
QQSTI,0,4.59294733876
VLPLM,0,3.48837510636
NSIVT,0,2.04761390736
TSEPP,0,2.25665642901
SNPYS,0,3.17637083835
DTQSA,0,3.09907132176
AMQTL,0,2.41972775941
YRTPH,0,4.61125921704
FGSVA,0,3.97873103307
SSNPT,0,2.43037500361
QILPE,0,4.39954987747
HTRDP,0,3.27781713414
LQQPK,0,2.41972775941
PAHPS,0,2.77336471402
PTRPT,0,3.23252476653
CKLTA,0,3.40064191828
HSHLS,0,4.36527997539
SLRPT,0,5.41303310684
KTPTV,0,3.26475309943
TNNPK,0,3.10778375309
RQMAT,0,3.09779966452
HPISS,0,6.15545975364
SYNPA,0,3.07083261692
HGPEC,0,4.26387794317
KKKPP,0,2.04950410748
APTTT,0,2.31465390232
KCIKS,0,3.86123747005
SAHDP,0,4.32892147508
LPHHP,0,2.44724882217
DPSMS,0,3.59248941302
AQNGY,0,2.51550635058
IKMSG,0,2.74012838455
KLNNH,0,2.27955010136
KAPQS,0,3.33042121818
PTLYI,0,2.90876584013
ALSSN,0,5.85466481612
HPHKS,0,3.79869600398
SHRSN,0,3.78283746664
RNQTL,0,3.92141964094
DTPPP,0,3.01230344424
RRQSA,0,5.04990794095
HGTNN,0,2.41269416756
PTPQG,0,2.91276777069
PPCMI,0,2.40559743058
MIQTT,0,2.54156888234
NTPRP,0,2.93430093224
HRQHQ,0,4.64212018074
NLNAS,0,3.64538789458
SLSSS,0,8.25355489283
DAVTQ,0,3.3866009798
TPSPT,0,2.84496102579
PWNPS,0,2.31934369122
HRIPG,0,2.87429362287
PSELT,0,3.70568530952
NAGND,0,2.57678408058
HPHPT,0,3.23638224221
SNPKD,0,3.29797004043
TAPDS,0,3.37533364005
MSTRH,0,4.94199848201
MWSSS,0,3.04950410748
PSHTT,0,2.31560481636
QYLSH,0,3.81458737675
VAPST,0,3.88293254115
RRGTT,0,3.17356717214
AHSTI,0,3.10844690872
YNEHY,0,2.63608126426
HTQPS,0,2.87429362287
TQHPS,0,2.39146390719
HQNPN,0,3.48501921966
HPKTQ,0,2.17503498957
RNNTP,0,4.5128371638
RNNTD,0,2.36527997539
VITNG,0,2.65579511764
LAYNQ,0,3.6776642976
RHGNP,0,3.85921830241
DRLTT,0,3.37413089297
QPQPT,0,2.26240279475
SHSPL,0,3.35413941778
SPATH,0,3.92357452565
HTAPN,0,6.7785824233
HPKQH,0,2.28632863399
QNNDT,0,3.26846660222
KNTSI,0,2.99925929632
SMATA,0,5.32916054958
FKPYT,0,5.19219878139
HEHFS,0,5.07423119339
KTSPA,0,4.02824498811
QPCPS,0,4.15766453842
MPPTG,0,4.06368572302
HCNLG,0,5.90801424072
RTIPC,0,2.88723267858
RSRNA,0,3.02689646484
HASND,0,4.95024247611
SSQNA,0,2.10962509992
SSQNW,0,2.27955010136
NECSI,0,3.70149872782
RSQDP,0,4.29816577953
SNHTI,0,3.32980208003
SRESN,0,2.89417874419
NQSAQ,0,2.53930937516
HVTYP,0,3.06303424636
HTHKT,0,2.13432554054
ATADT,0,2.38998041602
QPSLA,0,3.72842346298
NTQSC,0,3.20197423288
ALPTR,0,2.12972630598
NSPLQ,0,2.69960567541
QIPPT,0,2.93261258208
ATNPT,0,3.21942910892
TMQES,0,5.72733618298
HPGIA,0,2.05529973381
ISNGL,0,3.54669430191
TRTRN,0,2.29459067971
NKNKT,0,2.12427187588
KSAPT,0,2.27056131813
AEHHH,0,2.80989059005
SSPTR,0,5.18141578299
RFHTH,0,3.86123747005
AWSPN,0,4.24226908528
KTPKS,0,3.08517205619
CMPNK,0,2.86995468715
VTRPS,0,2.74012838455
QPNQQ,0,3.40823212057
NSKST,0,4.05353736434
APTGR,0,3.33469165555
QPQPQ,0,2.7503730714
NASAS,0,4.62703822454
RPTTT,0,2.16468614433
CPTNV,0,3.05285754259
CVTPN,0,2.2593888068
TRNMV,0,2.01682558599
RSDNN,0,4.07083261692
NPREN,0,2.02703222234
IAHKP,0,4.75999749029
NGTRC,0,3.06096929398
NGTRT,0,2.19257788927
NTATQ,0,3.74521367371
NRSSY,0,2.41972775941
GHQTP,0,4.07762178259
PMSTG,0,2.59682183382
QLLQT,0,3.83671880677
PQQTH,0,4.02053908878
LPAAQ,0,3.20263764988
ADNPQ,0,4.92222809994
QADSA,0,3.76637828371
PAPKH,0,3.79037113933
HDKPT,0,2.27955010136
PPLKP,0,4.31253851332
TALPS,0,2.18840221331
GNVTI,0,3.9416804626
QNLPT,0,2.19494082293
PPCSR,0,5.89365894774
RYPQN,0,4.28933112215
RYSQE,0,2.36527997539
PSKPS,0,3.44911156619
PSKPP,0,3.03019063242
RLIHS,0,2.34495999101
TPSGI,0,2.65352494401
NNEND,0,3.16734059777
DKKTT,0,2.69379163094
PTHTQ,0,2.12261074151
RPETI,0,3.71891693
MPNDS,0,4.67606751267
AAPSQ,0,3.62677221641
GHSPD,0,5.22555521172
NKLTN,0,3.73522958514
HWPHS,0,2.74313478323
IDSDS,0,2.2837500899
YYPPT,0,2.14620886784
VWPTS,0,4.7651597912
KNETS,0,2.02911464284
RVTNT,0,2.13825610532
CKSGG,0,2.40900135282
RELPT,0,3.14792314395
QINPY,0,5.2303503953
QWNAT,0,2.18840221331
NQHTH,0,3.27237051488
SESSM,0,3.06338963374
SITTT,0,6.65514686104
SPPFP,0,4.35413941778
TQNHT,0,3.30869644703
TPCDG,0,4.46750348397
HHTLR,0,3.40437979507
SMRPT,0,2.40016549303
NATQM,0,2.2815116177
SKCNS,0,3.66484025724
PDRAP,0,3.51172354349
HLNSS,0,2.7523030985
RNSHW,0,6.00112364511
TSRPQ,0,3.12555712768
TSRPT,0,4.11109648714
NHPTL,0,2.77873122377
VPTPT,0,4.96862100542
YPNGP,0,2.07083261692
DEYRQ,0,3.82858668376
YNPSC,0,3.73167176573
PTSYS,0,2.880346293
THTPE,0,2.51964234171
KQNNH,0,3.27056131813
THPQY,0,4.94282500455
NGQNL,0,3.9458838775
KIHNH,0,2.37755830517
QTRPK,0,2.46234739335
HHSRY,0,4.04566204119
QTAPN,0,6.31732675216
QTAPW,0,2.26523279853
QTRPT,0,2.96252080588
WACSH,0,2.2304374331
HKTTA,0,3.51374766875
LALIT,0,3.28375008989
RDTNG,0,2.46553144902
NKTGY,0,2.57173085285
KNNQI,0,2.35786250382
NLTHY,0,4.05165120372
RSTPN,0,3.87273310889
KLSDA,0,2.24498574167
MPRET,0,2.7523030985
ITNTS,0,2.05715768003
HGTQT,0,2.97642640792
EKNDS,0,3.83476525868
LTHSH,0,4.61086924676
KPPNP,0,2.03257204174
HLLPA,0,3.27217057099
APSQR,0,2.60292547446
FAQGH,0,5.2854266677
TPTPG,0,2.33090118326
CNTGQ,0,2.79412327419
MPANI,0,2.38730628172
RHKKL,0,4.30529787056
TKPPH,0,2.58044806995
QPIPN,0,3.24346123109
TAPSS,0,2.17941343007
KPHPE,0,6.11995113279
AKKHY,0,3.44094424532
PHNNS,0,2.74749143743
TANTS,0,4.31533972065
QMPSH,0,2.7237339463
GRINS,0,2.75676274668
TFPNH,0,2.74663434842
MTRNC,0,3.00518038925
ATRSS,0,3.25280524613
ITPHS,0,3.73202391864
HPSQV,0,3.26212603641
HNQMI,0,2.39276071181
GINRT,0,2.2697023154
KSEPT,0,2.1740754318
QNAHP,0,4.37581064288
LMTTK,0,3.04544425946
GAHNS,0,2.77446474842
KNRTR,0,4.15210608408
SVPPL,0,2.30869644702
NSSPN,0,2.25779554873
LESAS,0,2.03707343398
NSSPT,0,5.25211291865
HREPL,0,3.56500498966
CSGQP,0,5.28375008989
SPPNN,0,3.67979059871
PYANS,0,3.12427187588
FCADA,0,4.62897480469
HPTQP,0,3.16734059777
NVSPM,0,5.53520497684
SNRTT,0,2.36527997539
SNRTN,0,2.01682558599
TIRPK,0,2.93430093224
CRFKS,0,4.78170401494
ENPTQ,0,2.60471926481
KKHNT,0,3.82134474292
QYNPT,0,2.00187524452
YSNKP,0,5.02877587866
SLQSP,0,2.46346036932
IPSKS,0,2.33110286007
PTSQP,0,3.51033030819
TQTPT,0,3.88723267859
SPSNV,0,3.23558889875
PWHTL,0,4.24980275796
RSENS,0,2.65190120154
ATSTH,0,3.20916077347
ISQHT,0,2.44572296794
ASRTQ,0,3.24346123109
IKPPP,0,3.86224599511
QTTRC,0,2.50134152496
HCQPN,0,5.77336471403
NSYPT,0,3.57173085286
HTMPI,0,4.16734059777
QGQEH,0,4.33726559922
TASPS,0,4.14835749441
AQNDS,0,3.96862100542
HSQTT,0,2.26401661719
QNSPL,0,2.78535306456
WQNPY,0,2.29287147986
NEKPY,0,2.51989192134
SMTHH,0,2.05911919636
SPNND,0,2.5955775948
RTPSA,0,2.26134437985
INDSG,0,2.67766429761
TNPNS,0,5.63702231311
EQHPS,0,3.18567242054
CLKWS,0,2.06243262207
EQHPK,0,2.50614251123
HPMPH,0,2.2988100987
RTQSH,0,2.91557730428
RTQST,0,2.7697093751
TSPGA,0,3.05089868955
LTQPM,0,2.9502424761
QNSMH,0,4.82471159402
THESA,0,2.82188396739
IHPAN,0,2.76720197488
FNTTE,0,4.07025333764
TTHGV,0,3.20481530319
PSRTA,0,6.09779966453
KNNLG,0,2.66484025725
ILTSQ,0,2.28316135491
KTKNG,0,2.26360855749
PTQPS,0,2.13961984022
PTEDE,0,2.88723267858
PMSAT,0,5.4480723851
DYTTQ,0,2.35892448035
YHTPQ,0,4.50918938679
AWNRP,0,4.18840221331
PENNS,0,3.66484025725
PENNY,0,2.4721951793
YVSSQ,0,2.46002046536
GCQAH,0,2.07547257741
MPNTS,0,2.09482809799
TSGLT,0,3.15108470702
KGSSP,0,2.26687627132
HVGQP,0,3.91276777069
PNCAA,0,2.03116247149
QNPNP,0,2.45857189544
KTDSD,0,3.64538789459
HIYNN,0,2.16126608337
FAQTQ,0,2.74208325618
HLATE,0,2.87928392547
NVNEH,0,2.13196626767
PETGP,0,2.40979864217
NEPPH,0,2.70331440506
LTEPT,0,3.3836585047
STGTT,0,2.33603515561
SKAPP,0,2.56296064323
APVPT,0,4.44774213558
RKYNN,0,4.08499188822
APPLS,0,2.98409421784
QIEQT,0,3.02629671632
NGPDQ,0,2.95434687444
PLGPH,0,4.34197260189
RTSIS,0,4.62934157602
QPSTC,0,2.62934157602
HSMQP,0,3.15026708442
PDDWY,0,5.3767939634
HNNDT,0,2.38730628172
WTPTS,0,3.46069954047
RPGPT,0,2.06693870081
EQPTS,0,3.44545032407
SNQMT,0,3.70375924654
LNNST,0,3.39276071181
YPYTG,0,4.24226908528
LSPKT,0,4.26281181853
PPTQP,0,2.57950820345
QKPTK,0,2.70375924654
GLYNV,0,4.50918938679
HTHHS,0,4.07577335819
MIRPP,0,2.22671914485
IKNNS,0,2.94494817644
NRFNN,0,3.2222169263
PSNRS,0,4.13732802871
CPGPN,0,2.22777645163
TNDAG,0,5.59557759481
DDATQ,0,4.62636610943
HTNKT,0,4.55236552799
PQNDI,0,3.2311870798
SYGAT,0,5.77754039
SMSYH,0,5.01651569553
MCNNN,0,2.7822978388
NMSSW,0,5.30869644703
RSKPK,0,4.47953715464
NNNHH,0,3.5007643315
FDSNM,0,3.1617465813
NKNNQ,0,2.52613398642
TATVT,0,2.95024247611
ANFPT,0,3.83734841969
THCPG,0,3.34666429722
PNQST,0,4.53425614743
KTPNT,0,6.50719060066
LQQNM,0,6.0887065159
NRSKH,0,3.45143661914
TTNTT,0,3.21847944677
QPNTS,0,2.53585381652
PSQHH,0,3.51494482676
LPRFT,0,2.4949152558
RCLPT,0,2.21706597156
HIPAD,0,3.7237339463
TNSPY,0,2.50690483359
KLNAS,0,3.68837577171
NNITH,0,2.28933112215
DTHHP,0,4.33159684913
SANPQ,0,2.55236552798
SANPT,0,3.7305071749
INSNT,0,2.36527997539
ISKPP,0,2.31560481636
HMTPI,0,4.16421720395
MHNNT,0,3.17338964245
YESTT,0,2.81119678755
NTASQ,0,2.8516673186
KLTQT,0,3.29640317083
NNPDN,0,2.00415043036
QHTKQ,0,2.65478659258
GTHTT,0,2.10022640191
PWNWL,0,3.37739081285
LSLNG,0,4.35134078443
IHLVA,0,3.58346014543
NDSNT,0,2.66484025725
YIPTP,0,3.06768834752
MNTHH,0,4.06768834752
QKANH,0,4.05715768002
TQMNS,0,2.44362602711
CTGHP,0,3.19622171776
RYPTH,0,2.38552076782
SQIPQ,0,2.5128371638
PPDPT,0,2.48926869266
PANDQ,0,2.90642624382
LLWMP,0,4.49662939761
DSTPP,0,3.38306928882
QHSSA,0,3.6344666082
TYGLR,0,7.02239226186
HVSMT,0,3.40096683129
LNCTR,0,2.61385632853
HPNYT,0,4.53487167544
CMQHT,0,2.569383098
LPSYA,0,3.10778375309
TSHGT,0,4.15167527881
TTVPL,0,4.09110501195
TIPYA,0,2.44244783591
DWQPS,0,2.58164632172
RTSAK,0,4.1884022133
ARPPT,0,3.12427187589
SWTPT,0,4.39276071181
LVSNV,0,3.73679009913
NVTTQ,0,3.03407406691
GATPT,0,2.65797571594
TAENH,0,4.63753291125
AAAET,0,3.80292917157
NDYDP,0,3.36962544567
NPHTS,0,4.92167332391
YGNPA,0,3.2311870798
PNNYT,0,3.57173085286
TSQTC,0,3.28933112215
RSNTS,0,3.14792314395
PDVNI,0,2.14288755405
HATQT,0,2.4413342156
TTGTA,0,2.98225287101
ATQNA,0,3.02660861666
YSDAS,0,2.50278349914
NATTG,0,3.32780526997
SAPPP,0,2.0733051026
SRRPS,0,2.5955775948
TYLTP,0,5.56515819893
GSNIL,0,3.02941268955
KTEPK,0,4.11192348345
KLHTP,0,3.23469586558
HPYKT,0,3.50986559727
HPSPS,0,4.07762178259
NNNPT,0,2.7955439489
KENPQ,0,3.40677210432
KSGGQ,0,2.92060142817
HPTRG,0,3.61479957475
KPSRP,0,3.39819459786
KCSPQ,0,2.20089315749
LLMGP,0,2.91915744597
MTIPC,0,4.7643759308
IRATT,0,3.30310098413
SVINA,0,3.01847721186
ARNLT,0,4.99004348417
HIPYT,0,2.53401118691
ASNTT,0,2.13098209747
MTNNC,0,2.61701173216
QQKPT,0,3.22555521172
TELND,0,3.29211356282
ITAKQ,0,2.43928055683
QSSPY,0,2.64346660646
QSSPQ,0,3.43345147803
KPNTH,0,3.51374766874
LNPLD,0,7.01798708274
TAPHT,0,2.36527997539
APNKT,0,3.03987968859
NKGPI,0,4.1077837531
TTQGQ,0,3.08179495952
GTHWR,0,4.96496398181
NSWPY,0,2.05507436552
TQATF,0,3.34556174077
PTPFN,0,2.83476525869
QGTYT,0,2.34291216236
VQSPI,0,5.11229923422
RTPDF,0,4.02360512032
PYPRP,0,3.95024247611
DKRKP,0,5.11879674582
AIHSS,0,2.99782354064
QGTSN,0,2.07681795678
LVTQV,0,2.77673313731
YPLST,0,3.2661045703
RVCPT,0,3.31253851332
PHASR,0,3.19802021587
TSSPL,0,2.68114206957
QLQTM,0,5.37219938933
YNRQP,0,3.14792314395
AEPSS,0,3.96983795619
YAQHH,0,3.20916077347
HHPNQ,0,2.56458878361
HHNET,0,2.15026708442
HNYPG,0,3.64669291053
QFTKH,0,2.62302008155
YCEPN,0,4.38496234125
QTSPG,0,3.40900135282
PCISG,0,2.32146374309
DRNSA,0,3.00344709328
YDSAT,0,2.88921304271
DTTHH,0,3.30548689054
ENRTF,0,2.1837135675
CPKGM,0,3.62007038713
ISSQD,0,2.06571969352
PHNKS,0,3.77704976083
PTHNP,0,2.39832528267
YNTMT,0,4.87887361097
QHSDP,0,5.67606751267
QQNAS,0,2.37081815893
HNKSI,0,2.20399906835
HNKSH,0,2.05311084696
HDKKP,0,2.8480620813
QQPGP,0,2.70586752551
PPTAG,0,3.61385632853
TSQQD,0,3.54892096995
CVYPT,0,3.65881646962
PITMC,0,6.39615928828
AYNDT,0,2.15026708442
CMKTP,0,3.5887289292
SVPST,0,3.17790983948
PNDLA,0,3.09110501194
RTSTH,0,2.66998356052
HEHPT,0,2.61540132451
YNTPE,0,3.88207097347
ETDSG,0,5.18447651009
YNTPP,0,2.83476525869
PMHTQ,0,4.29505383906
TNMPH,0,4.92411274429
QTIAA,0,4.17416832012
TYQPK,0,2.86689787963
QYNKS,0,2.53930937516
HSWQN,0,2.73092944771
NSRQS,0,2.47219517931
QKQQQ,0,4.24271333318
DTKNQ,0,3.48450844075
TRMPG,0,4.20621348942
NHNHH,0,2.39755637841
NLLNA,0,2.02741033663
QVHNT,0,5.7092343766
TNGTP,0,2.7092343766
KTCNP,0,3.20621348942
LPQPK,0,2.99553856176
SPTSQ,0,2.32019208586
NLPKS,0,3.34626559746
TCTAP,0,2.45173107674
PQTDI,0,4.09701366884
QHPAP,0,2.16734059778
FPTTT,0,5.39276071181
WTSQY,0,2.09226148099
HTRGG,0,5.16309112478
APNSA,0,4.06693870082
PNKPA,0,5.45056516333
PCPWA,0,2.42440728035
KSNDH,0,3.86414906547
RKTSG,0,2.19019326882
MTPWR,0,2.18421441635
CLTHN,0,2.86647411842
SEQIS,0,3.57173085285
SPTNV,0,2.78457950152
CTDNT,0,4.51033030819
QPGKT,0,3.26069107411
RQQLP,0,2.47219517931
HDQST,0,3.19436377155
SNNAC,0,2.21942910892
SHRIH,0,2.50614251122
RNQRP,0,3.54936303983
YTATA,0,3.57173085285
PIASS,0,2.96252080589
FANNA,0,4.13022114221
TTQRY,0,5.0418097157
AAPNC,0,4.06358394918
HGTTT,0,2.10778375309
PNSHT,0,4.36745434662
KNNKS,0,3.57706429716
TLTPK,0,3.22283571037
SLTMP,0,3.03567795261
CTQMG,0,3.54398586237
PTQSQ,0,4.65352494402
TPRHT,0,4.16866599524
MLPPD,0,2.67838678909
ASVTP,0,5.17628883365
LHHNP,0,5.55965802056
NTYTK,0,2.52498259366
NAGDY,0,3.74730241744
ATHDP,0,3.49773027141
YVSPY,0,6.00913616517
TACNQ,0,6.08437914877
YACNS,0,5.06571969353
TGNPK,0,2.75230309849
QDPKS,0,3.74663434841
TLGMT,0,4.12930746578
KPTKF,0,3.21327688194
YPRTS,0,3.41160902644
HAKPN,0,4.11487317788
TPNSS,0,2.62911833501
WNFPT,0,3.17580217652
AGAAP,0,4.02239226186
NESSE,0,2.09779966452
SRWPN,0,2.48858961755
SLPNS,0,2.24517130924
KNSSG,0,2.55846895345
HACTK,0,3.32780526997
TANEA,0,2.27364949993
DNKSH,0,2.95551741815
LQAHP,0,2.15250555661
HKSRC,0,4.4644456797
NTGHT,0,2.17470130272
NTGHI,0,2.92222809994
ILSAT,0,4.26574430184
RTNTA,0,5.17263489745
NSITQ,0,2.04498296608
NSDTS,0,2.39523319748
STNAT,0,2.03567795261
TPPQW,0,2.1518275984
QRSTA,0,2.8423784428
HSAPA,0,3.32980208003
PQCTG,0,2.22445990985
LSPNT,0,2.65449831303
QRGNN,0,5.91845140919
DTAPK,0,2.57173085285
DTAPY,0,4.53657440744
SNCPN,0,2.58272586011
RPSGQ,0,5.00307016446
TKHTQ,0,2.44182153026
ISAQQ,0,3.21942910892
SSNRH,0,2.52733673349
NHHTH,0,2.29710847275
KYSKT,0,6.15401921928
HKTNL,0,2.32434971133
NTGSN,0,2.72684991952
QDHTN,0,2.35289625093
TNQSE,0,3.70457600949
NSNPT,0,2.28933112216
HHKSP,0,2.08630402569
HNDTW,0,3.0360960645
NLPSH,0,2.82672793962
QPNLT,0,3.39819459787
QPNLP,0,3.57037557324
SYMPK,0,2.63884504871
NHYPS,0,2.98676835213
RFNHS,0,3.2311870798
TVRPP,0,2.02941268954
GCNSN,0,3.12427187588
RPTIA,0,4.09222294695
LTDPH,0,2.25665642901
APTRN,0,4.41207418687
SANHS,0,2.78493410274
ETNLV,0,3.93261258208
ARTPT,0,2.90187945455
HHIST,0,2.10778375309
NTQTA,0,2.5584033212
LYRGP,0,2.06768834752
TNSSQ,0,2.86277963486
DTNSI,0,3.06243262207
IQSSH,0,2.58540578975
DTNST,0,2.69090255383
NWASA,0,3.40508098345
CPTPP,0,3.57173085285
GTRTT,0,5.7271245355
LTANQ,0,3.35671796188
PNRNP,0,4.64388063861
PPSSS,0,2.09201151216
PPFQT,0,2.16884184145
PTPSW,0,3.49410995573
YKPNN,0,2.98676835213
RTQEP,0,2.19733533808
ATTPY,0,2.07201563875
TMNSN,0,6.84723461065
TANTM,0,3.70046416697
PCTLH,0,2.32780526997
NLRPD,0,2.49265928187
VVPKT,0,3.30425054199
QSQGT,0,4.16202679788
CLNDT,0,2.05715768003
QNKTK,0,3.77152945739
WYPTV,0,4.76967023046
YKPSQ,0,4.15455444282
PSATK,0,2.03987968859
TFNPN,0,2.30425054199
CTPDQ,0,2.62302008155
NMCPT,0,2.14288755405
TGPNY,0,2.75881640545
HPCTH,0,2.17941343008
RCART,0,2.03540312738
TDNPR,0,2.57678408058
NARPT,0,2.18268856211
PDSHT,0,2.20916077347
STHTH,0,3.91597257402
STHTV,0,5.30869644702
TCDPH,0,4.66032477612
CVMTH,0,2.89750101404
QTHPV,0,4.67233479379
NNHTA,0,2.78031747467
QTHPC,0,2.51129499899
MQAQL,0,2.4819762001
QWPTS,0,3.08630402568
THQHS,0,3.24118962766
QVLPP,0,4.01533750433
CTRPR,0,2.09946848488
RTGHT,0,4.78585565821
QPSQR,0,3.10743088651
NADQT,0,2.65531748313
HLVTS,0,2.83476525869
HDGPQ,0,3.05715768003
EPRTD,0,3.39819459787
ESGPK,0,4.94612636764
EPRTT,0,4.02824498811
CAYMH,0,5.64388063861
SKRPT,0,5.83476525869
KSPLT,0,2.36527997539
KEPFV,0,6.05858821563
AETSA,0,4.25868090931
QWSPT,0,2.65478659258
HSAPT,0,3.1884022133
PVPQH,0,3.32019208586
CTSKN,0,2.54794459999
PTKQD,0,2.0829836674
PTTPT,0,4.29710847274
QCHHH,0,3.53223630672
LHNLT,0,4.06628869178
HASAA,0,5.98145455224
RHAGA,0,2.76637828371
NHSSI,0,2.24980275797
LNPTM,0,5.32019208586
NTPPP,0,2.39339361159
SPSPE,0,2.43990564135
HTKST,0,4.34224900674
NSGSA,0,2.27955010136
CTAGN,0,2.28375008989
QYYNN,0,2.10224556955
NRSNA,0,2.09226148098
DAQAC,0,3.27364949992
LAIPW,0,3.77475794933
QPPTI,0,2.32780526997
IYTPT,0,2.7700595693
LIQNE,0,3.79012873068
AAHFS,0,5.79412327419
QQHST,0,4.86451260208
CPTHN,0,4.09415188751
MHGSN,0,2.33469165555
ATHST,0,2.33397252533
TPQTM,0,3.19445972412
TPQTI,0,3.66484025724
AQSTC,0,2.82912972402
PTAHP,0,3.3017548376
ATHTT,0,3.55884956156
YISST,0,2.64973336486
VNVPN,0,4.26309958058
SRPRS,0,3.88027991794
KASAW,0,2.93785875165
TMTTH,0,2.20916077347
NNARP,0,2.4721951793
HNGAY,0,2.59557759481
EYGAH,0,2.11414765861
VNIHT,0,4.22555521172
QATDA,0,6.44357450137
TIHLS,0,2.47219517931
RSGTP,0,2.11109648714
LTCPN,0,3.21601444451
NRAPN,0,2.72466441717
KHNSE,0,6.44882067093
QLFPI,0,3.53200457454
QHYNN,0,3.93162679794
ETPNI,0,4.89044939127
NAGYT,0,2.0433518805
QPTAS,0,3.93287534414
RQLPH,0,2.07035498241
KGSAN,0,2.27781713414
RSPPA,0,3.19208726011
RSPPI,0,3.49442512669
CPLPL,0,5.13081472176
KPTFA,0,2.82711168615
TAAST,0,2.13516019203
TIPTN,0,2.91818126688
TNEPV,0,2.51003853044
RKNTT,0,2.62148388805
RGVRT,0,4.48276442101
LPLNN,0,3.86812385563
DYPTG,0,2.24980275796
YVPKT,0,2.62831438122
TENRT,0,2.11124192743
PIKPS,0,4.54135720381
RNVPT,0,3.28835599874
CSAQS,0,3.93261258208
ALTTR,0,3.76036286829
KDSFH,0,2.52833825734
PKHPQ,0,5.38183115165
PKHPS,0,3.33726559922
KPLPN,0,2.24980275797
KPLPS,0,5.05715768002
PRMAQ,0,4.55561118749
LMSPP,0,3.82630367994
PPPGS,0,2.84474934726
AMNKP,0,3.50696059747
NPSLQ,0,5.15110691856
PPNTP,0,2.56606210277
SVNTQ,0,2.29342969036
QPTKL,0,4.28044203031
TQNNS,0,3.43037500361
TQNNN,0,3.43566930328
PTNSQ,0,4.15669335358
PTNSH,0,3.36930985242
HISHH,0,3.89863744185
DLNNT,0,2.56346323687
DPNAA,0,3.55019769131
TQDPT,0,2.32019208586
VNQGE,0,2.39182176285
TEDPQ,0,2.24980275797
YPNSN,0,2.76637828371
AAWPE,0,5.57173085286
TLRSW,0,2.80867602982
YINAT,0,3.34495999101
FMDHH,0,3.95024247611
ARSTG,0,4.65867927262
TNHQG,0,3.50614251123
YGHHT,0,2.65901117844
LLNNS,0,2.22708268146
SCHKD,0,2.62261202186
VQNPE,0,2.28375008989
KACEA,0,3.17439535531
TVHPN,0,2.13614597617
YPAMN,0,2.42975991298
MPKSQ,0,3.14419257001
LNKST,0,3.93430093224
SAHSQ,0,3.05715768003
DQQND,0,5.9664709379
ARNRT,0,3.27955010136
TTDPD,0,4.91276777069
GKTMN,0,4.53696543469
TFLLT,0,2.40180585141
SISSQ,0,4.33233751572
PLHPF,0,2.12705969325
HNHSS,0,3.03407406691
PDNRT,0,5.12128801745
TWGST,0,2.44013397007
KMPTS,0,2.03829865277
AAPKT,0,5.12972630598
PIATG,0,3.1884022133
RGSNS,0,3.7523030985
PIKPG,0,2.26045000216
TLPPL,0,4.21144895006
SLTHN,0,5.35289625093
YTTAK,0,5.33943997045
TRLPN,0,3.20197423288
LDRPT,0,3.74208325618
TTCNS,0,2.60969870305
PGAHT,0,3.43383470561
KTKPD,0,2.23558889875
CTQNI,0,3.36874383068
PYSGA,0,3.05388254799
QRQPP,0,2.94829420432
ITFPD,0,3.26866178522
HSNTG,0,2.24980275796
HSNTD,0,4.49941664805
PLNTD,0,4.13153987635
QPTIA,0,4.08550230572
PQLPQ,0,3.58860467142
FNRTQ,0,2.46392756332
FLSNQ,0,2.98332926817
LASNT,0,2.51989192134
KPTNP,0,3.03241101768
KPHRP,0,3.4721951793
YPKTA,0,2.98676835213
SRDYS,0,3.06144503842
SRNRS,0,2.71447102497
HLHHH,0,3.05257041053
SNGNF,0,2.24980275797
YTNQH,0,2.06693870081
CNPPA,0,2.53719243415
DPAPS,0,3.43037500361
GTSGI,0,2.87169182769
QAPNG,0,4.00953965979
TRNTN,0,6.7370685848
KTNNS,0,3.50134152496
CSHTQ,0,2.98676835214
CAHNL,0,4.36100532029
NCNNA,0,3.01968297461
TWDNN,0,2.57173085285
CQTTP,0,2.06537818683
HLASQ,0,2.13614597617
ANHYT,0,2.20503288784
QTQQQ,0,2.06693870082
HTNSH,0,3.57173085285
HTNSQ,0,3.5019425227
TSVTT,0,2.08283107391
PNDAS,0,3.81458737675
PMYNI,0,2.17330462049
QYQVI,0,6.42639148969
QANRT,0,3.08334161183
RRNQT,0,2.59375715918
NSSRS,0,3.86451260208
LPKSS,0,2.28933112215
TPCNN,0,3.92536780747
HSLSE,0,4.01675121835
TKSVA,0,5.7611161683
QQASW,0,4.73570658797
PQDGP,0,7.59202561507
KHPPP,0,2.31312869334
QMNPN,0,2.61237283735
YPSLH,0,2.853143788
MNRTR,0,4.14057368821
HTVTA,0,3.31393309539
HTRMW,0,5.16582436533
NSNSQ,0,4.1418200771
NSNSA,0,2.29211356282
IPPIL,0,3.4145475203
HSQPT,0,3.23296474672
HHLPN,0,4.24980275797
PTSSR,0,2.16009995502
SSCQQ,0,2.2043597872
VQDNS,0,4.85921830241
TLNSS,0,4.73172673705
TLAQV,0,5.62313707738
CNQTG,0,4.73808923928
QVHPS,0,3.35942724914
HTQPV,0,3.56754305589
QASNS,0,2.95762200648
RTTPY,0,4.07364580282
YSNRS,0,2.21327688194
PSCPT,0,3.26475309943
NGTDT,0,4.19125057562
YTRTI,0,4.59820306422
LQPNP,0,4.64835213446
NTQSL,0,3.12427187588
HNPPS,0,2.55075672376
NLWPT,0,4.2397490933
LINAN,0,4.0033195284
RTKHT,0,2.17729025818
TNPLA,0,2.16888276258
PDPTT,0,2.4047591688
PPMLP,0,3.31494038818
QATTL,0,8.09005616055
MATQN,0,2.28777060817
DPCNN,0,3.4171810773
GPPTI,0,2.47593758099
KTRTR,0,2.91276777069
CSKRA,0,4.57401902945
TLLPV,0,2.83476525869
RPQGS,0,2.40180585142
SYLPS,0,6.39427217873
QLFST,0,2.61731188716
SSEAS,0,2.35289625093
HVSNI,0,5.01230344424
HTPSS,0,2.01533750433
HMPPN,0,2.95024247611
HMPPM,0,2.29710847274
TKGPE,0,4.04401230397
LMPPA,0,2.83876718925
WPNSQ,0,2.90061170838
DQSSN,0,6.16866599524
NPTPT,0,2.89750101403
NPTPS,0,3.29766239675
SDTQT,0,5.17385390473
QWPLT,0,3.21400203654
TCHTH,0,3.49542748554
NLVSG,0,3.10072454143
GLRHC,0,3.7237339463
GKSGL,0,3.70046416697
TQHQT,0,4.82929012862
RIPGW,0,3.78585565821
HLQGN,0,2.88115816417
QTCAH,0,2.77175546116
CSNKM,0,2.64466237531
QQPPS,0,3.9473941138
KNSTI,0,2.09779966452
PISTH,0,3.71891693
PNILP,0,2.91818126687
LLQPQ,0,2.33537848968
SQMPI,0,2.49395569804
PNTTE,0,2.90072852107
QQSMA,0,3.45224057293
SQHHA,0,2.90801424072
LHRNP,0,2.52991067716
DKNGY,0,5.17790983948
HPCPT,0,3.67886072755
SAPPE,0,2.48501921966
NMSLW,0,3.00936978107
NGSVA,0,2.80045089416
PTKTG,0,5.09946848488
VATYH,0,4.25926308721
ATQPQ,0,4.41486200424
QMTRL,0,4.95270651606
TTALS,0,4.38479942611
NRPGH,0,4.18583969924
TNHAQ,0,2.53405364971
ITGNA,0,2.07342273439
CYQRN,0,3.43037500361
STCAH,0,3.1103997013
QIPSL,0,4.45491718787
STSNN,0,3.29773723503
STSNM,0,2.10541284863
TQDGN,0,3.42860591075
QHPLY,0,4.40540808809
DNKAN,0,3.99575713536
LTSND,0,2.00824807955
NPIQS,0,2.46760790981
YHPQT,0,4.26687627132
PHSGE,0,3.16734059777
EKPGA,0,3.24626240027
HGHPT,0,3.7309294477
VRNPP,0,2.25836477147
SNAQH,0,2.76793375021
VRNPD,0,3.43868591712
KSNQS,0,2.88723267858
LEPTG,0,2.71320327881
HSKVT,0,2.77063492127
NSGPM,0,5.41303310684
HAKPL,0,2.58131690169
HAKPI,0,4.45082152851
QPAPT,0,2.53425614744
NTANT,0,2.85663975831
QDWPP,0,2.14338069883
TEHDG,0,2.96440053911
TEAPS,0,2.77175546116
GQNHD,0,2.96108170847
INPKT,0,4.61080041753
RTKPY,0,3.8254874451
CANTP,0,2.640592711
QPPGS,0,2.63884504871
LSVHP,0,3.08245170019
PCKTH,0,4.08269277213
KPPPL,0,3.7523030985
GAPDH,0,3.41486200424
RFINP,0,5.35261356355
VAIAG,0,4.0373944252
NRTRV,0,4.3966441463
QNYWH,0,3.7092343766
THSTQ,0,2.19498987334
DPLPT,0,2.27252283447
FWDTD,0,5.16354702462
YHNST,0,4.66484025725
YHNSA,0,6.36296610955
NHPNP,0,3.14792314395
IAYTQ,0,2.10341327098
QGQPP,0,3.26218648244
NQKPN,0,2.91276777069
MSADG,0,3.22962487603
TRCDA,0,2.52664296333
PPCPL,0,3.00569808067
CAPYG,0,3.68549972781
SVHPP,0,2.2077386984
HNDAP,0,2.97711818211
SVTLE,0,3.47904885034
GMTPT,0,2.63577221466
LPNST,0,4.69605898786
NTSPY,0,3.32019208586
NTCQM,0,4.62213580629
EAPPT,0,2.95024247611
PASIS,0,2.72816619262
TQSGY,0,2.2048153032
MTHNH,0,4.23772992567
MPTSA,0,3.56754305589
MPTSS,0,2.98676835213
TESPN,0,3.13614597617
KANSH,0,4.2397490933
LADDH,0,3.59433228179
ITPNN,0,4.76917691706
YPKAT,0,3.1401782668
AVIPS,0,2.3675430269
LPIMS,0,3.69164031659
MHPNH,0,3.05089868955
RIRPA,0,2.48300193426
SQPHQ,0,4.79869600398
WPQSG,0,6.02629671632
TSQNS,0,2.91965415628
DHNNM,0,4.26687627132
NGPNE,0,2.06923051232
PLTPL,0,2.81027069676
RLITT,0,2.48501921966
RMHYT,0,3.3763351639
LHNPT,0,2.56157098664
VSPKQ,0,4.66484025725
KEHNN,0,6.20744225624
KEHNT,0,4.09110501195
SGTPR,0,4.62831438122
HTADT,0,3.0433518805
YRSSH,0,5.88723267858
SVNSQ,0,3.06119319326
PSQTH,0,2.77587156964
GPEPA,0,4.49941664805
HTPNN,0,3.7374088832
SWNAS,0,2.75999749029
NTDLP,0,5.00469026013
CNHPN,0,3.08587649714
PRSTV,0,2.3966441463
CRDST,0,5.20117578949
PTNTI,0,3.05715768003
RSQPT,0,2.51783784486
QMDPG,0,3.0360960645
LTYPQ,0,2.01847721186
LTYPS,0,2.8268600606
NEHNQ,0,3.07423119338
SAQAS,0,2.85387408164
HLNRT,0,2.78240985363
LGNHP,0,2.89974528991
QMDPM,0,6.08074450034
TSNLS,0,2.34291216236
CTLPQ,0,4.8668474384
RASMS,0,2.01533750434
KCNRS,0,3.69550739349
KPSTA,0,5.5901923887
THPPS,0,2.09334001633
WAKST,0,3.45274281664
ALYST,0,2.26818128728
SQVQW,0,3.03407406691
FTKPR,0,4.11946555815
TPNKT,0,2.68384121918
PDTKQ,0,6.97044604683
HAWPT,0,2.4037541232
KPNRT,0,2.90046850574
CPIHA,0,5.61709615706
RNADD,0,4.65352494402
ACNMH,0,3.6459317947
QLYQS,0,3.24636367399
QVQPQ,0,2.6344666082
MSHPM,0,3.17263489745
PVKSA,0,2.12427187588
KNKTK,0,3.00062236122
RATNS,0,2.31208703622
RRLGT,0,4.07987775653
HNHTV,0,4.32952995044
GMNNP,0,3.33386702276
GSHTP,0,5.85026635223
NSQHS,0,3.77704976083
AGCHS,0,4.71650237707
WRSPT,0,2.63945493882
RPANT,0,5.23607577486
YISNP,0,3.99982450496
SKIPY,0,4.39276071181
TPDTE,0,3.77336471402
SGSGT,0,3.1039518915
RNKAP,0,3.14792314395
NHTQL,0,2.4507154519
RKGPN,0,2.26818128728
RDPKV,0,3.54748330661
TVNHT,0,4.99575713536
HQNNS,0,2.28933112216
QATAT,0,2.32195254372
SLNQT,0,2.86062732199
CTQKK,0,3.63062454191
RFPSN,0,2.51450598416
LKNKT,0,4.09110501195
HEDQG,0,2.93785875165
DKHGI,0,3.72990371355
HHPPK,0,5.09334001633
NAATY,0,5.09946848488
NCPAA,0,3.57173085285
QTGPN,0,2.2697023154
TACPN,0,2.49671749844
HRSSS,0,3.67301418869
TCSPS,0,3.34291216236
HVLPN,0,3.8480620813
EVSPY,0,2.04950410748
QTHCP,0,2.61055010174
ASQGR,0,3.17941343008
LTTNV,0,4.89845993401
TRNYT,0,3.12003488299
NSPWG,0,2.70923437661
IENET,0,2.15772717306
PTHHP,0,2.80779821109
ATCSH,0,2.03782695257
PSKDH,0,3.7895360047
NAPPP,0,2.43949814148
QTHPI,0,4.13732802871
ITCTY,0,2.11330075806
CNSHT,0,2.07987775653
NNGTN,0,4.50355935022
HNPEV,0,2.02392135055
TARTS,0,3.33968826148
PHNRS,0,3.73604720774
QNNHN,0,2.36527997538
LPSNT,0,4.66107833845
KVSGI,0,3.59557759481
NTGNG,0,3.55236552799
SEVPP,0,7.48820749729
CSDPL,0,3.68276216524
LRDPH,0,2.49671749844
EPKTS,0,3.71408377627
HMISQ,0,2.43742976114
LTTPT,0,2.54936303983
ALDAE,0,3.95592238518
LTTPM,0,2.67681289891
QNHPS,0,3.01061509408
ISNVT,0,3.41972775941
NHIPE,0,3.46002046536
ATPYS,0,2.2150373398
QKQSC,0,3.87477492231
PFPNQ,0,4.0373944252
YSRNF,0,6.85663975831
FSYST,0,3.44873620647
RFTTA,0,3.36527997539
RTTHQ,0,3.85019529925
EHNNS,0,4.4721951793
NCHPQ,0,2.23709170622
HSEPH,0,2.86995468715
AMTTE,0,6.336322353
MPQFT,0,2.08707325793
ANASN,0,2.24980275797
HDTGL,0,4.11605136908
MPKTS,0,2.73053788981
HKSTV,0,4.38014230739
ANPPV,0,2.7559881453
QLSNQ,0,2.15026708442
THCYN,0,2.4197277594
CTNTK,0,6.09779966453
QEPDQ,0,2.27883180658
QKNHS,0,2.37379147524
QPVPN,0,4.85861200064
MSSPT,0,2.71842991444
NNQEG,0,2.96740302727
RPNQI,0,3.9046092473
TYATV,0,2.91276777069
RPNQP,0,2.27149782907
PRPTN,0,2.45143661914
TIYPN,0,2.05891813789
TIYPP,0,2.01533750433
GTQPK,0,3.93162679794
IVDSH,0,3.36527997539
DNSHD,0,4.78896156907
LCDHT,0,2.4721951793
TSFPK,0,2.89457465392
PFKSP,0,2.50008646178
TPTVP,0,2.73522958514
TQYPS,0,6.7092343766
TPSTA,0,2.80439160964
KATSS,0,2.44244783591
KHTPT,0,3.29531741722
PYKTG,0,3.20089315749
PTQNT,0,3.65952645735
SASNT,0,2.70381148876
HGPDA,0,2.91722741889
CQGTN,0,3.40468835994
ADWPL,0,2.90090761547
QMSTC,0,3.54476380525
HTCPH,0,3.81458737676
HSNNH,0,4.57173085286
PYTYQ,0,2.76287234021
TTQNP,0,4.34933843151
PLRNN,0,3.28933112215
NNPNH,0,5.54748330661
PMLPK,0,2.74915654318
RLCPN,0,2.38473233805
RTNSA,0,4.46043720843
GSSNQ,0,3.66484025725
RMPNV,0,3.16734059778
HHNTW,0,4.09779966452
NVNDT,0,3.98676835214
NCNIT,0,3.20709830701
RNNPG,0,3.09617956885
SDNNN,0,2.84926482838
SDNNQ,0,3.15669335358
CSNHH,0,2.20916077347
DAHTT,0,4.11330075807
NFANS,0,6.78566720611
TTPSN,0,2.91882952347
TRNNI,0,2.82902888914
SVPYV,0,3.60930831067
LQTPQ,0,2.86214169763
NAKQT,0,3.32780526997
ATASN,0,3.13481023567
EPHPA,0,4.19562171981
NWHDG,0,2.7628723402
QSCDK,0,4.77800360883
IFVST,0,2.50355935021
NQNHT,0,4.91698002198
LTMTY,0,3.5908396758
HMSTT,0,4.4171810773
PRGPG,0,5.73288564467
QTNFT,0,3.85070680256
NPNAP,0,2.61903656763
DADHS,0,3.37449850542
QLNGS,0,2.17157759066
NPYTP,0,4.70748459466
PINTS,0,2.40900135282
SVDPT,0,2.85921830242
QDENV,0,3.65090106629
NTGQV,0,4.55792505333
PSNSS,0,3.06768834752
QNPGS,0,3.67579471414
HKNQT,0,2.17580217653
STDLH,0,2.02239226186
ITGSV,0,2.40900135282
PTNAP,0,3.54012885547
DSCWD,0,3.58797149386
LTCPD,0,2.03987968859
NNSDS,0,2.78513449096
IPTYT,0,2.9550594924
RHKTT,0,2.29710847274
PQTNP,0,5.88953106212
QACTT,0,4.12427187588
YQSHD,0,2.50729898026
SSPPT,0,3.70408188884
TTKTL,0,4.68720807027
HIPNT,0,3.55884956156
RWCDH,0,2.38104729125
QNYHT,0,3.78031747467
INNSQ,0,5.9175056897
NAHTH,0,3.21942910892
NAHTL,0,3.3570359813
HEQPN,0,2.07987775652
EPNST,0,2.49953702811
RPAPN,0,2.51855081499
YPTNL,0,2.7237339463
NIQMP,0,3.44911156619
PDPQS,0,3.92711354724
SEHQH,0,2.76357421084
TPKDT,0,3.48985384581
NLNMS,0,2.99476114289
WIMPS,0,4.09650634749
TNSLG,0,2.04730989407
HFTSG,0,2.98676835214
NCPQS,0,3.83328024051
LHHPA,0,3.49773027142
LTNQQ,0,4.00534977787
VPAPA,0,4.26687627132
VHRTI,0,2.35237249161
RCIEL,0,4.9759073595
LPNTT,0,5.36064852666
YSSAR,0,3.3040724205
WYQPT,0,2.67540949896
NTENI,0,2.23469586558
CTGGN,0,3.10284531807
RCAPY,0,5.59113625203
HNPHC,0,3.44619997076
QTSDA,0,3.48543100645
QTSDM,0,3.68021548313
MLCKQ,0,2.1932192296
QHRPT,0,7.84599251411
QHRPP,0,2.87429362287
HPKHT,0,2.78896156907
SAYPN,0,2.85466481612
NESIM,0,3.44619997077
VNNNS,0,3.07722330308
VNNNA,0,2.55236552799
NKVNT,0,5.12427187589
TTPKN,0,3.16541057068
FAYPS,0,3.71064394685
SPAPA,0,5.63350705044
GTCDT,0,3.63753291125
PSYSD,0,3.09415188751
ITKQQ,0,4.65806172462
PTHSA,0,3.99230653567
HSSNS,0,4.51033030819
PMNTT,0,6.51970864051
RTNNQ,0,2.08379280653
NVTSH,0,4.6457314343
RVHTT,0,2.71546633032
YLNSV,0,4.24626240027
VSIAT,0,2.74012838455
SGRII,0,5.69090255383
QTNST,0,2.86647411842
LSDPQ,0,3.54936303983
LSKPT,0,4.78229783879
NQHPT,0,2.61177901349
SVCPT,0,2.4002702525
NLSNP,0,2.6344666082
NSTPM,0,4.38199737033
GNKTG,0,2.19733533808
SQHRG,0,2.32780526997
RTHKH,0,3.08334161183
PSTNN,0,2.44116828368
QPSHK,0,2.86414906547
ASKQG,0,4.3128125555
CDTKT,0,2.8480620813
STMPT,0,3.07342273439
ETGPL,0,2.79999984053
TPFPV,0,2.31465390232
SYGNF,0,2.48359994258
CNHSI,0,2.00187524452
ISNKT,0,2.70525452569
HPTQT,0,3.4721951793
PNPTI,0,3.34522232305
PNPTH,0,4.79823938266
RASNS,0,5.57972364361
VPTTQ,0,4.61125921704
FGHTP,0,4.30227017786
NMTRQ,0,2.67218223259
TGSPH,0,3.27955010136
IEQIP,0,3.2397490933
HGYPT,0,3.16946064965
LDTYA,0,5.06437117026
MTDQA,0,2.09655649767
DDYPH,0,2.02177480196
EMPPS,0,2.74208325618
MYRPT,0,2.74903538466
KMTPA,0,2.92787466308
HMASD,0,2.63682588108
QSTQQ,0,2.20683665691
KSNKT,0,2.66064026871
SNNSA,0,4.18054009553
HVPSM,0,2.05224218961
QIANG,0,3.83476525869
IAWKP,0,2.42506120372
NDTDH,0,2.32557026558
QPPNL,0,4.14165395412
SQNTL,0,2.76233678552
LCHTG,0,2.34765008136
YGQPH,0,3.8830204273
PNVGS,0,4.1884022133
LPTDT,0,2.36184362194
CSPSH,0,3.5448796332
TDRAH,0,5.74068401523
SRPPT,0,3.52383616275
NTLPE,0,4.65579511764
NHTRH,0,3.72553618893
YWPPT,0,2.02509647079
QPHPH,0,2.16104060942
MNDLQ,0,3.18141578298
KDNNT,0,3.18421441634
NHPSA,0,3.33072275335
NDSGN,0,4.76076467725
NSATT,0,2.30869644703
NSATM,0,4.13004651351
PSANT,0,3.84863743327
FKHDP,0,2.17580217653
FVPTT,0,3.51245904952
NTSKL,0,3.69560251102
TFFHT,0,4.55723128316
HHNDT,0,2.3188444024
QQTDA,0,6.11605136908
PTHPK,0,3.32195254372
QSQPN,0,2.41303310683
NVNTS,0,2.70394007693
TLTPP,0,3.72897059467
LHNSS,0,2.82095945916
KSTPR,0,3.78229783879
TGIDH,0,3.04603430155
MTHTQ,0,2.34291216236
ADLPD,0,2.77587156963
RLHST,0,4.41207418686
HIYPD,0,2.64907294139
QHNPT,0,2.30484412153
KPMPI,0,5.04854454972
HNNKP,0,2.61903656763
HTNYT,0,2.09110501195
TLCTD,0,3.78585565821
KYAHT,0,3.06693870082
NNGSQ,0,2.36235658019
NNGSD,0,3.57173085285
QSPNN,0,3.66484025725
VTQGQ,0,2.81992476738
VSIYP,0,4.34040530675
GAHRS,0,4.90056731708
SGRAQ,0,2.28222423566
TIPMP,0,2.65505923645
PNNPG,0,4.05715768003
QNNKH,0,5.52747761481
PIEPS,0,3.57609604541
NLIWT,0,5.62450132811
LQTGH,0,3.11696707526
RTNLS,0,2.54215773747
ANPTY,0,2.06537818683
TYRSD,0,3.24377897034
HHTHS,0,2.60087719851
CVIYK,0,4.4842680116
YQTIQ,0,3.42792491238
PNKNN,0,4.53520497683
PTVHT,0,3.58860467142
FPDQT,0,5.67830251705
NGHHG,0,4.24498574167
RYTPK,0,4.13614597617
LPRQT,0,2.64929940635
KLHHS,0,4.09270179688
LLVTS,0,3.01918982982
TTKDH,0,4.21942910892
LLYTM,0,3.7523030985
TYTKT,0,2.08437914876
SPTPP,0,2.99454570273
KLPPA,0,3.09389822684
NNSSG,0,2.23883164014
NNSSQ,0,2.41820028967
KDKHN,0,5.97524648224
KPEKG,0,3.46676129325
YTHPV,0,3.92320322336
HSQPL,0,2.94391287317
NGTNI,0,2.04950410748
SPCNA,0,4.60343971258
QPQAT,0,2.39276071181
HICSA,0,3.02602778259
DANPP,0,2.09997896258
TDPLP,0,2.36169563803
THIGQ,0,3.31732675216
STESP,0,3.7523030985
LTNAT,0,3.03987968859
RNQSH,0,2.24980275797
TMNAM,0,2.44244783591
PRPQA,0,2.91276777069
HQPTI,0,2.40337314656
RSCAT,0,4.58370349452
LRPPN,0,4.28865869379
QTPPT,0,3.49773027141
HAANS,0,2.36527997539
LPTQL,0,5.20658222936
QLQSQ,0,2.14288755405
TITPN,0,2.69232099367
LVNFS,0,3.76737841896
PCTIT,0,4.77127233507
TLMTL,0,2.48064024756
AADNM,0,4.70923437661
SAKNS,0,2.61562728277
RNNHT,0,3.13563173805
SNLPL,0,5.08690502342
AKTPT,0,4.25557123843
KPHTS,0,2.69458760065
QWTYE,0,4.88921304271
QSLPP,0,3.19778054563
TGNHT,0,2.77568602593
QCMSA,0,5.15989578562
SSRNN,0,2.98676835213
MGQDT,0,3.55066923733
YSSTS,0,2.24980275797
YLRHG,0,4.99575713536
SIQTG,0,4.1884022133
PGKTH,0,4.39931629939
TCEEM,0,4.11330075807
PKPSP,0,3.3270457569
PKPSS,0,2.05969987459
HNNSS,0,2.43742976114
PVHMT,0,5.16468614433
EVNPD,0,3.73092944771
SASPN,0,2.69826325878
YCRNN,0,3.70046416697
QTQSI,0,2.38277662324
RNPPM,0,2.01006497205
RNPPI,0,6.1044633948
RNPPE,0,3.21290317516
TTPPY,0,4.00936978108
TTMPP,0,5.14381206228
NSSTG,0,2.99982450496
RTASS,0,2.06923051232
LHTPM,0,4.19125057561
SNKTI,0,3.68473981469
RPGTG,0,2.60673730268
PKHAT,0,5.40630724365
ASKAT,0,2.18567242055
QRSSI,0,2.13196626767
HPYTP,0,2.65579511764
QTQHH,0,2.9644005391
RPPNH,0,3.49941664804
RSHRH,0,3.30869644702
RSNHT,0,2.46629457786
TQNAP,0,2.82403885209
HLPQQ,0,2.64835213445
QILQQ,0,3.2467167781
ANWPA,0,2.82075840069
NKEGP,0,2.2697023154
PAHSA,0,2.03680903463
NTDRN,0,3.36044682165
QMRTQ,0,5.42860591075
TQTTC,0,2.64835213445
RTCSP,0,2.4627964813
WHKPI,0,4.3128125555
DSLPT,0,2.14057368821
STSPK,0,3.86871259061
YPDAQ,0,5.08024129313
CDSPY,0,3.7309294477
KGQPT,0,2.2150373398
KMSNL,0,3.7614981267
PKQPQ,0,2.55019769131
QSTAH,0,4.24118962766
TATRQ,0,2.21290317515
HKPQS,0,3.70297538614
YQNPS,0,2.86123747005
SDRPL,0,4.1740754318
DCQTH,0,4.09589007451
TTNPT,0,2.41169044034
PAQNA,0,3.07083261692
MTPHP,0,2.51260278884
NAMPA,0,2.64388063861
KISDH,0,3.2336830926
YSPSA,0,3.4721951793
GYSSA,0,2.80989059005
HLPPG,0,3.34130111246
SKIGT,0,4.42734094352
PKRTT,0,2.56334306736
NPEAV,0,2.06693870082
NQLPA,0,3.01356841148
TSMHT,0,2.75075928343
NQFNN,0,2.66484025725
TSLNQ,0,2.6344666082
HINGW,0,2.56467609532
QFVEP,0,2.03639911986
PSNEG,0,4.62368293249
HRHSH,0,4.38445228466
TPSSS,0,2.41972775941
PWNSS,0,2.91782099842
SAAPI,0,2.26430232766
ITNGA,0,2.35652497211
LTRGY,0,2.73400228176
SPGQT,0,2.83476525869
YRQTT,0,3.04171894875
HKAQG,0,2.16734059777
PTFSQ,0,3.65697813947
TDNST,0,2.67789641007
QNAAI,0,2.33051455722
HHNIP,0,3.05089868955
ATPPK,0,4.61237283735
NAAFN,0,3.57173085285
TETNA,0,2.0036421707
EHPSP,0,4.37489797795
TDQPT,0,4.60471926481
PLDPY,0,2.25779554872
TINPK,0,3.23469586558
HPKWE,0,3.82711168615
HLAPT,0,2.62831438122
LYTQM,0,4.28755767996
HPSSQ,0,2.5546573395
VSQTA,0,5.07292499588
RDAAP,0,4.19881882925
TISPY,0,2.08437914876
YKTHS,0,3.52733673349
MNMYL,0,3.82284209131
RTSET,0,2.33726559921
QPSPS,0,2.99434157184
NNYNV,0,2.70525452569
LVPPL,0,2.77336471402
NNGFP,0,3.26687627132
HQGTN,0,2.24980275797
FDPPV,0,5.52282125237
TMQYT,0,3.15669335358
SNHSH,0,3.28933112215
RPSHA,0,2.77475794933
TKIQS,0,2.80378960878
QAAAS,0,2.7523030985
NQSNM,0,2.57173085285
NQSNN,0,3.09415188751
SAQTG,0,4.1277191775
QANAH,0,2.09270179688
NYMSH,0,4.04388532293
SNDQQ,0,3.53841077965
SNDQD,0,3.40392590329
HTHTS,0,2.85963060702
MPVGT,0,3.19535497395
AAQET,0,3.33072275335
HNSHY,0,4.13196626768
MMVSQ,0,4.33577598107
TDDHA,0,3.61903656763
DQHPT,0,4.27955010136
NNNTG,0,3.35926873736
NNNTH,0,2.41207418686
HWNTN,0,5.94612636764
HTKPI,0,3.7523030985
YKYQP,0,2.99741559634
HTGRS,0,4.40252701865
QPNPT,0,2.47464665829
NYEPS,0,3.01061509409
CPWTP,0,3.34432035675
NASNQ,0,2.10828617171
ASNPL,0,2.56100444626
HFQPW,0,3.32780526997
KANLG,0,3.33321876615
PQQHA,0,5.69605898786
SANTS,0,2.22962487603
SNAHN,0,4.89161111909
HKHTP,0,3.54156888235
TQAPD,0,3.60343971258
MSITN,0,2.60343971258
HTCTS,0,3.17073118697
SWSYP,0,4.28444890077
SPSTH,0,2.65141974149
CRHLQ,0,3.71546633032
TQPST,0,3.46881253991
QPLTT,0,2.61903656764
PTLGS,0,2.98034208297
CHKNN,0,2.61903656763
NNQNQ,0,7.1193451948
VPPTY,0,3.18840221331
RPQQT,0,3.15026708442
QAIPT,0,5.45274281664
RGTSY,0,2.79729055327
RGSEQ,0,4.4452281317
GLVTQ,0,4.34291216236
NSAYS,0,2.10437231844
QNKSF,0,3.00546444584
RCHKV,0,3.05715768003
PARSQ,0,2.24620949324
CSRHF,0,2.32019208586
VNNKT,0,3.09482809799
QSRSQ,0,3.5918384263
NNHSF,0,2.5918384263
HWRSG,0,2.49555917237
YDSMT,0,2.70923437661
QTHYG,0,3.78822267275
CPSPD,0,2.02392135055
ACYHP,0,4.40074465604
QNNST,0,3.29162293366
QNNSS,0,4.83476525869
LASTS,0,5.99874099379
PTGHP,0,3.49237306124
RQSNT,0,3.89365894774
TQQTG,0,4.81864559333
STPPQ,0,2.0481688968
LHRTT,0,3.20822365421
HCNGT,0,3.94494817644
QAFQQ,0,2.08630402568
AKHKP,0,2.82922707515
QSYTS,0,4.33726559922
CIKPQ,0,4.74068401523
QSPKT,0,3.002709896
TTGPT,0,2.74730241744
GNGST,0,3.28049955518
TFPTR,0,3.97743048755
NTNSH,0,2.98676835213
NGHPA,0,2.34458098272
VTRVP,0,3.55561118749
NATPM,0,3.05049394974
HINDT,0,3.49773027141
DKNTA,0,4.21503733981
EAKHT,0,3.26309958058
STTNE,0,3.42891108158
RSRPT,0,3.98676835214
HISGT,0,4.31589194843
HCTTN,0,5.02239226186
YPNPA,0,3.03896456326
FCNNR,0,2.99252762143
RPMTA,0,4.16069528413
NEQGG,0,3.47219517931
SLLPN,0,5.01356841147
NHNTD,0,2.93785875165
SSMGP,0,2.52795845083
YPTMS,0,4.82011848272
NQHNT,0,2.98098599954
TSNNW,0,4.61903656763
YRNPT,0,3.27955010136
YMSSA,0,3.17470130273
AHAPT,0,3.70761428093
WWRHH,0,4.10691071522
ETHDS,0,2.76917691707
HSPNS,0,3.97226878244
ETRPP,0,2.86173230629
MYNSN,0,2.40734403495
PTGKS,0,3.91276777069
QTRSP,0,4.46185323508
KPNPM,0,5.88336313212
LANQT,0,3.52282125237
KSAFG,0,4.29943352569
RSKAV,0,2.01809468632
HTKGV,0,2.05715768003
TASYM,0,5.05715768002
VHPMG,0,2.97772321253
KKQDQ,0,4.85350182127
MTPSM,0,4.9987409938
NPRNN,0,2.44244783591
KNNPK,0,2.58623042255
SNTTS,0,2.88723267858
PAPKP,0,2.66484025725
TFTPT,0,3.81528788419
PTAQA,0,4.30098148189
TPTKA,0,2.65622712694
RQPNC,0,2.7092343766
RTNKT,0,2.49216359553
QTPSS,0,2.99657152716
FPSTR,0,3.511965708
SNSHS,0,2.24980275797
SSGTY,0,4.30227017786
LSHCS,0,5.35134078443
HGTPM,0,2.18109000788
PNSTQ,0,3.60231917269
TTRTT,0,2.42286746694
DNSNG,0,4.27533785007
PHQPS,0,3.75851827253
NYTGN,0,2.90021832017
NSQPQ,0,5.20399906835
RANIT,0,3.09110501194
YRHST,0,4.76076467725
RGRQS,0,3.85748533519
TPTPT,0,2.35832721474
TPTPV,0,5.18391482231
TPTPP,0,2.3747610284
YMRPS,0,2.96252080589
TPSNQ,0,2.1061092981
DRPTG,0,2.86018785557
QTPNE,0,2.51092757379
VSHPT,0,2.30227017786
QRQSV,0,2.77826088837
RSMNQ,0,2.5074839293
LACPL,0,2.92246985864
TSVNH,0,4.30607097762
IWPGN,0,6.1193451948
SVHAT,0,2.1583797302
ANQNS,0,3.13918358528
QMPPN,0,2.9710867299
RLSAA,0,3.36044682165
RLHTA,0,2.2815116177
PLSNS,0,3.30042883104
YNASN,0,2.17503498956
ITMTQ,0,2.24980275797
HNNPH,0,4.29211356282
FPSNI,0,2.57173085285
SRNNS,0,4.2697023154
CNSNN,0,2.11605136907
NISQT,0,4.04889006404
NSTAM,0,2.86123747006
LKPQS,0,2.75503806621
APQSM,0,3.32305174
APCSK,0,4.09946848488
YHNQT,0,2.18840221331
KPQNT,0,3.82902888914
APPKA,0,3.45261964096
PHHFT,0,2.98676835213
QTQPL,0,2.86451260208
YKNGD,0,3.77336471402
HAAMS,0,2.21080862635
ESPTQ,0,2.21259167888
PHPST,0,2.55236552799
NSCRN,0,2.305945836
RTSPM,0,4.7363026198
RTNPQ,0,4.36954200224
RTSPQ,0,3.12427187588
QYKPQ,0,6.07846818627
TMTPN,0,3.2675047597
HHKHT,0,5.36131107318
RSHQV,0,2.6344666082
PKHLC,0,2.83476525868
RSNKP,0,2.58943285459
RSQND,0,4.97923467945
AKSPN,0,2.42383215774
RAITN,0,5.29710847275
CWNNT,0,2.26574430184
HLPVS,0,2.4169127438
CYNNS,0,2.16734059777
DWPAT,0,4.61658508864
SPNAT,0,2.24980275797
YNVPY,0,4.6344666082
NNSNH,0,2.60343971258
TNTMN,0,3.37853607209
INNFS,0,2.87429362287
KSKPS,0,3.06641168892
GNSTE,0,2.40592195988
QSNTS,0,2.41486200424
TASQG,0,5.002709896
PNKTN,0,2.77885651754
ANPRT,0,3.70586752551
PGYTS,0,2.36527997539
NRMGP,0,2.01237899581
TPQEP,0,2.45739817738
ARTTK,0,2.4779088305
RTPPI,0,3.5186696091
TPKSQ,0,4.7597717694
YSPPL,0,2.19030174622
PELQH,0,4.95485910418
CSPLP,0,4.0398796886
TASNH,0,3.91838137715
VPDNA,0,2.14288755405
PRKSQ,0,4.2397490933
PVTPH,0,4.21457426965
ELHMP,0,2.61998602146
TSPFS,0,3.6853043598
VANMS,0,3.97642640791
SLTQH,0,4.19719618254
PFKQT,0,3.7643759308
KFAPD,0,3.54748330661
PGTAT,0,4.11229923422
IKTDG,0,2.10962509992
TDNKT,0,2.92357452565
TNASA,0,2.58282468274
PRQGQ,0,4.58608614583
PLPPQ,0,4.26455992878
AANQS,0,2.1932192296
HNTTF,0,2.0099757433
NPTSR,0,2.64077249729
VTMTS,0,3.34040530675
KNPYT,0,2.03162258792
WLPRW,0,4.8537234164
CTGAD,0,6.02434580995
NSPAT,0,3.22743494494
TRNSN,0,2.18307664417
TTSGN,0,2.95024247611
NLQPN,0,2.28375008989
WAPTR,0,5.16309112477
YPNST,0,3.04730989407
SYVCT,0,2.98178494462
HRPTG,0,3.36157600663
NLNHN,0,2.23772992567
SDNLT,0,2.83476525869
PVGAT,0,4.00782996766
QTHTG,0,2.70436862144
QTHTV,0,2.78031747467
ANHVP,0,2.51494482676
YLAPN,0,3.20326017203
NSTSE,0,4.7179515937
NPHHP,0,4.38821678666
WNNTN,0,4.96862100542
KTQFA,0,4.85208473489
ANDPD,0,7.23089429542
KQCQP,0,6.3101384212
PICTD,0,3.53273672124
VTTKA,0,3.3836585047
KHLGS,0,3.88207097347
GKIPN,0,4.43589905008
THHPN,0,3.21663589403
TNTPS,0,3.74094323633
IITKT,0,3.39276071181
HEHDI,0,2.21625019825
STNEQ,0,4.71650237707
NSIPN,0,3.41486200424
IQQPS,0,2.31393309539
IQQPT,0,2.83476525869
GDTGI,0,2.69847103513
QGLPY,0,2.42226995397
MQRPQ,0,2.04199787286
SCAPW,0,2.28933112216
KVPPP,0,2.02081583296
RNMPT,0,4.73047123107
IYPYS,0,2.48837510636
HQQQL,0,2.8559817446
PFSNS,0,2.3188444024
PTSHK,0,5.60930831067
CTRGT,0,4.78229783879
PYHTG,0,3.87614917945
STDNN,0,4.38646530528
SEQQH,0,4.17513595852
TMAPK,0,2.81323209714
QIQPN,0,3.04950410748
CRGPT,0,4.13244580733
MHPPN,0,3.58540578975
KSQQQ,0,3.49883030581
YPTQE,0,3.44911156619
NHNYT,0,2.787397411
LLLPS,0,3.16407288394
AACPI,0,5.01152445122
TAPQS,0,2.95719523675
NLMWT,0,4.63293100929
TFHTT,0,5.17489794895
KQNPM,0,2.93332909317
TLSPV,0,4.60937562724
FANSQ,0,2.40180585141
HHEPN,0,2.62148388805
KHPTM,0,2.01464738471
VQGPG,0,2.90187945455
MLHPT,0,2.71928804127
RTKQT,0,2.19138607175
NNISH,0,4.19881882925
CLKTL,0,3.16309112478
TVCPQ,0,2.34291216236
RSDLA,0,2.2219429535
RSDLP,0,3.02473620233
TSSDG,0,4.87645820699
QVVAQ,0,3.64739512279
TTQNQ,0,3.27508216641
MNSNQ,0,3.08774599986
RQNPT,0,2.41265323365
MHLPQ,0,4.56431338129
MNKPN,0,2.43566930328
ATWPQ,0,2.89294632978
MIEDT,0,3.48501921965
AFTAN,0,4.96313198787
RTQAN,0,6.0398796886
TPRTI,0,3.75999749029
TPRTT,0,2.33386702276
AATLS,0,2.64973336486
AIHHN,0,3.2948906475
NMPMQ,0,5.25836477147
QNKPT,0,2.20521260694
NTSQQ,0,2.98676835213
ALVTI,0,4.08499188822
CNGRI,0,3.23931038415
RSPTQ,0,2.26687627133
IDHGR,0,5.54748330661
MIPPA,0,2.27149782906
NASNY,0,2.85814818612
KITPA,0,5.80949850008
EPLTQ,0,3.06628869178
EPLTT,0,3.52816881756
PEHTS,0,2.21274066374
CPLTG,0,3.993311198
MPSSS,0,2.05715768003
MPSSI,0,4.55751699363
QSRTA,0,2.52508075956
APTTK,0,2.79694379326
NNHPP,0,2.88488873811
NNHPK,0,5.40293251687
SIGQT,0,2.33072275335
MANNA,0,3.69586715287
YATRS,0,3.20916077347
VPLGG,0,3.12427187588
EPSRS,0,2.10706258585
YSKTS,0,2.84673790035
QSHPK,0,2.51761430405
RPSSN,0,2.35289625093
SHDNN,0,3.58911293108
SDNNA,0,3.42145038056
YSTPR,0,3.03407406691
SSDYK,0,2.86123747005
SAGVP,0,3.7271245355
SVNPE,0,3.18141578299
KNHTF,0,3.41377849308
STTMG,0,2.69878758917
SAHSS,0,3.62831438122
IFNTT,0,2.11229923422
NATSG,0,3.39409881211
HDDNN,0,2.55561118749
DYHNH,0,4.61459750247
PQTPF,0,2.07234408384
VPHAT,0,2.22919247829
TTDPI,0,2.4721951793
KPSSM,0,2.89294632978
NKCKE,0,3.81864559332
RNDSI,0,5.47733848258
KTPAQ,0,4.26309958058
CTKQV,0,3.39664414631
NTPLN,0,5.00666790958
QVGAT,0,3.13516019203
NCRPT,0,3.40734403495
YMSND,0,6.05070265788
KQGTN,0,5.1884022133
YGHLT,0,4.58608614583
NSNHD,0,3.58540578975
GSPYI,0,3.73331999513
QPHMP,0,5.01061509409
HDDSN,0,5.98225287101
TTPLG,0,3.4627964813
ITQAP,0,4.90260790447
VQNTT,0,3.07753381606
KTNTT,0,4.39012404636
NVFNS,0,5.2482199876
YPTDK,0,3.11550166626
KSKPG,0,2.68473981469
QLYPT,0,2.91908154462
QSNYS,0,3.42941031281
KPNSN,0,2.74663434841
YPLLT,0,2.5908396758
QYYQT,0,4.02239226186
GRTRP,0,2.17053947945
PTPGS,0,4.8206704288
DSAFT,0,2.50918938678
GPNDS,0,2.8318477753
ILNTT,0,3.30387943072
YPMTT,0,3.02941268954
ATHPG,0,3.74393153705
ATHPS,0,2.0072324547
LAKPK,0,3.02813878655
KNNST,0,3.23069393502
GQNAQ,0,3.57772959348
RSSPP,0,2.47882827163
HQPNH,0,2.18141578298
PHQSM,0,2.19622171776
LKTGT,0,3.08690502341
LPCNN,0,2.47990327444
QFATG,0,2.33990341249
AQKNG,0,3.52282125237
TTIAV,0,2.4819762001
TSVPR,0,2.47219517931
TNKPP,0,2.15960494899
LNTPS,0,2.53425614744
MAENS,0,5.0664955446
NLTNW,0,2.34810483158
RCTPN,0,4.00972233723
RDYLT,0,2.17729025818
MPTTA,0,2.23656693081
RNNFS,0,3.60343971258
NPQTT,0,2.89750101404
YLPNQ,0,3.34933843152
PETVA,0,3.28222423566
DTTIP,0,2.73615766175
MHETH,0,4.23883164014
QVSPS,0,2.74730241744
TGNRT,0,3.98458079289
DPATY,0,2.57173085286
NLQGT,0,2.66249631678
TIPPT,0,3.2443276279
NLHPQ,0,2.89750101404
TFPHT,0,3.31666471237
CTIHT,0,2.05715768003
SIAEN,0,3.17580217652
NTNAS,0,2.60585023117
SCPAQ,0,3.90791293142
SFGET,0,5.24271333318
MPGPT,0,2.89190916579
IFQST,0,3.79729055327
LAMQS,0,5.0433518805
NQPSS,0,2.87169182769
PITLG,0,4.83605741734
CQKTI,0,4.53520497683
YLPNT,0,2.13270871303
NQSSA,0,2.45333615205
CTHTF,0,2.6221358063
KTGAQ,0,2.4721951793
