QVLHP,1,3.591735284
LIMHP,1,3.41965152853
HTHYN,1,2.84418493919
TYQQL,1,2.97524470107
FLYLP,1,2.56620019188
DAAIE,1,2.98123769117
FSTRN,1,3.84325506803
SGTLL,1,4.29906138772
WTAHP,1,2.24631992565
HMLHA,1,3.02264795209
RILAP,1,3.44394444184
HKEVP,1,2.88155563285
QDQQL,1,2.32108769405
LTTWV,1,3.42666645041
TYQQD,1,2.86736972661
PYVAT,1,2.1801140663
HEKKR,1,2.45928498797
HSKIS,1,2.93965858741
VEFEE,1,2.02563181053
WQNIV,1,2.69548320883
TATMN,1,2.50515199673
TYTMA,1,4.1330153459
VQYIH,1,2.68167740931
FTPTN,1,2.44394444184
SSMQQ,1,2.10893445722
TRNIN,1,2.4027014596
HLTIN,1,3.2633721962
PSNMD,1,2.58726180741
PNQIL,1,2.24231058067
NMTCH,1,3.88812828678
YCTVH,1,3.57437412333
TNYET,1,2.4730907875
ASPYQ,1,4.06870053242
DEWLP,1,2.69865048791
QYYYP,1,2.91015459311
MTSLT,1,2.05805328822
PNLTP,1,2.88296658166
ASHHM,1,3.08314426918
TYLSV,1,2.63355545969
AKSVW,1,3.513732772
FESIS,1,2.47862897104
TSRAP,1,3.05238453813
QHLKP,1,3.3906286273
NPLFP,1,2.44394444184
STMQN,1,2.85160241075
FLQHS,1,4.25270071907
SSTMD,1,2.98515274117
KTVYQ,1,2.55326113618
QATHQ,1,2.43561608207
LRNHQ,1,2.4730907875
TTQQC,1,2.64054753335
QTTAL,1,2.42800289796
SLTLQ,1,2.13098481067
NSQQL,1,2.18678660235
DAVQD,1,2.62509388094
SQTYK,1,2.85898194112
THMHP,1,4.30496802869
GITEP,1,3.02171144115
GTVMN,1,2.36061605824
QRNTL,1,2.20561047663
NQAYD,1,2.0492830786
THSMR,1,2.73612519333
HSIVP,1,2.89262967901
YSSVD,1,3.73612519333
HEPIF,1,3.16496849213
ETIFA,1,3.11199209533
DSISL,1,2.66457193231
DSPIH,1,2.92375219651
LSNIM,1,2.09869527271
TNRYE,1,2.54348011538
DSSYP,1,2.15116269261
PKPQE,1,3.77843599819
VSLEP,1,3.47309078749
GQRTE,1,2.16551798559
HVNSL,1,3.26663991003
LSNEP,1,3.39401921651
ERSYH,1,4.85775463773
QYVLN,1,2.26663991003
THFAD,1,2.64301578894
NSYSL,1,2.80827497909
NTTLY,1,5.41437599299
SNLIE,1,2.72000552796
NNKKK,1,3.48903233136
YNPIP,1,3.18091003601
WIHTD,1,3.49101269549
CHTRL,1,3.04928307859
ETMQP,1,4.61495950381
NYLQH,1,2.17763490397
QNVVT,1,3.56055362874
RWTAN,1,2.691456144
QFMQP,1,2.05805328822
RSKVP,1,2.56839774759
HTLTF,1,2.305490839
TRTYL,1,3.00914368774
RYTAH,1,2.76390834984
RYTAN,1,2.64054753335
MIVNN,1,4.44183985351
LARIP,1,3.69342074238
KIHAC,1,3.70413507909
PFTSN,1,2.2215520205
QHIHN,1,3.15116269261
NIQLL,1,3.91934701739
QHTRH,1,2.99246494659
SFVWN,1,2.36748059954
WNKFQ,1,3.53582654285
FDIEY,1,2.02563181053
TTQIT,1,2.93816896927
SICIL,1,2.98766396033
IDEVN,1,2.61682626496
SLTTN,1,2.10535900299
QETIQ,1,2.12078904357
ALIAN,1,2.55924743125
TYVTC,1,3.61059431125
NKTTA,1,2.01951868679
MMSLP,1,2.60722746014
MYMQT,1,2.05805328822
NLFHD,1,3.44066930981
TITAL,1,4.23862553386
DCVSN,1,2.66962978154
CYYMP,1,2.13984737938
QVCKF,1,2.02563181052
NSHIP,1,2.32870087816
STRIA,1,3.56620019189
HRTHA,1,2.25270071907
PLNEQ,1,3.49355489006
TETHA,1,4.0183270099
HVTQQ,1,2.03868796335
WTTDP,1,2.24308518205
LCSTL,1,2.62920998942
WSLNP,1,2.17052801747
QTKHQ,1,2.45782403084
QTTLV,1,3.78859261322
WSTVP,1,3.35627712251
PGPQY,1,2.19380703002
CMLQA,1,4.00914368774
NAKHD,1,2.1906910568
QEYVT,1,2.92877027127
VLALN,1,3.10535900299
YCLTK,1,3.07399483209
ARRHR,1,2.64866235208
TKISL,1,4.3863791543
NMEQN,1,2.56055362874
EATLP,1,2.4879385519
WLNTP,1,3.27769509854
NYSVF,1,3.65366303314
SDYTP,1,2.13774217685
YRTET,1,2.5721989325
HTAHL,1,2.0492830786
LCVIN,1,2.52462108814
QVTEH,1,2.67824427725
QQILS,1,2.95851761467
RTIHQ,1,2.55326113618
STTHP,1,3.32108769405
EQQTV,1,3.84147819348
NATVN,1,2.25851202915
WNSFP,1,3.00914368774
NITIQ,1,2.6453597294
PYVQT,1,2.26750665384
MYATV,1,2.26873228899
SKSHM,1,2.26663991003
RNTMP,1,2.64301578894
AYDVA,1,2.17353050564
LNVAL,1,2.34380777055
QGEYY,1,2.48860378686
NPKIP,1,2.69765104552
DSCPD,1,3.07172822511
TRTQR,1,2.81412770533
YLYTQ,1,2.27669357469
WPLHQ,1,2.30172236919
YSIVH,1,3.77426032222
TNMIP,1,3.15116269261
TTNAL,1,4.83766321979
SSCQQ,1,2.32624939917
QSMLL,1,2.70575154429
PKPFA,1,2.86388074053
HTKIQ,1,2.15116269261
FNTAY,1,2.05298229867
YPAFP,1,2.69548320884
SNIRT,1,2.42418118702
HTTYA,1,3.96122690193
QEIIT,1,2.34755990541
SAHLQ,1,2.4730907875
AHQHH,1,2.52788326034
DQLVS,1,2.49101269549
SHQIP,1,2.05805328822
QTWDT,1,3.18984316077
NTVLL,1,3.37355511394
AYPTN,1,3.67472464866
DYFED,1,2.21005638166
LTQEQ,1,2.53259179924
QNVHP,1,2.71594731139
SSTVL,1,4.180910036
TLPIN,1,2.31036128746
PNEIN,1,3.21663653009
QTSIA,1,2.7159473114
QTSIL,1,3.88622875386
HYTDL,1,2.40573551969
PCYWH,1,3.40989696101
HTYHY,1,2.44066930981
YTTHG,1,2.5510932995
QCMID,1,3.38478236937
TITIG,1,2.40641974785
HSTQN,1,6.15006265821
SQSLN,1,3.49415240303
THKWN,1,2.98405270678
LKSVL,1,2.180910036
THQCY,1,4.34755990541
PQVMT,1,2.17106225005
YDYLP,1,2.30247201588
TAPTN,1,2.43127061181
NAPIA,1,2.96992237794
QYQVI,1,2.8726982462
HMTQC,1,2.1330153459
DHPQP,1,2.31036128746
PQAIV,1,4.83064279212
SSVFA,1,2.28667766327
RNIYN,1,2.29412064645
SHTRL,1,2.99093909236
HSSIP,1,3.21005638166
HSSIA,1,2.44824671652
YCKYE,1,2.18678660234
TCELL,1,2.46457928764
ITSEL,1,2.54831003299
FTTIH,1,2.9425760708
TYNTP,1,2.27769509854
DLTTH,1,3.4312706118
YCLLA,1,2.99246494659
DDNQM,1,2.21529303003
LTPFP,1,3.40989696101
PNTEL,1,2.04193362285
THRHF,1,4.02563181052
PIRYP,1,3.56055362874
HSMLN,1,4.28866621636
DNHEP,1,2.77007252526
YVINN,1,3.52039650228
NLITN,1,2.05099853068
SISEL,1,2.21529303003
TQTFT,1,2.2272656717
TSSIA,1,3.3906286273
PQNVM,1,3.39909020606
NQHLV,1,2.58000599141
MFSVP,1,2.47978544007
MLTVA,1,2.49252131744
YSNFY,1,2.50871469723
RTTLM,1,3.62433436787
YTTEV,1,2.32804045469
HDSQN,1,2.11052070812
QSSVH,1,2.52813215105
TVSHM,1,2.02563181052
RKTQA,1,3.02563181053
TRLLT,1,2.30090981212
KQTTL,1,2.13467456982
DDTIT,1,3.85160241075
AIPMN,1,2.92877027127
EHNQY,1,3.53582654285
PTLQP,1,2.33402674975
PTLQH,1,2.77077133614
STLYP,1,2.16038122263
YSIAM,1,2.17106225005
TYSWN,1,2.88812828678
IKTQA,1,2.30038870138
TNPEL,1,2.99915959917
NILYS,1,3.76587253672
TSKVQ,1,2.31205388218
CILHP,1,2.94471181514
NYTET,1,3.73612519333
QVIKP,1,2.92375219651
LQSIA,1,3.11086998666
HTCIY,1,2.94584378463
YKYQP,1,4.02152741219
FSAQN,1,3.08007959455
LVNEP,1,3.498328079
DTLAH,1,4.39909020605
SSLSM,1,3.57437412333
TKQLL,1,2.20561047663
WMNPL,1,2.75020037854
VSENL,1,2.44239399028
NTYWT,1,2.62920998941
TTSAL,1,2.23862553386
NAPTH,1,2.35279655378
PCSLL,1,3.22005777382
DRATL,1,3.17106225005
TVQQP,1,2.70135977518
PIILQ,1,2.48236860109
VTQIP,1,3.12078904356
DENLQ,1,2.78343090811
WKTNH,1,2.77565355752
KQTMN,1,2.28044570956
VKTTL,1,3.03590014598
YVVSQ,1,2.42850063647
HSLRP,1,2.59173528399
RQSYE,1,3.61059431124
MCPVN,1,3.11052070811
ALTFP,1,2.81141332064
LTYLQ,1,3.63424557931
DEMDL,1,2.02563181053
FGSVQ,1,3.53363232943
FGSVA,1,3.0062143567
QNDIN,1,3.56620019189
VATLP,1,3.23862553386
TSTWK,1,2.39604975173
CKLTY,1,3.50479964722
PTTFC,1,2.43589216954
IFTLP,1,4.06677050532
PTYYP,1,3.0020192533
HSHLQ,1,2.39217079211
TYRLP,1,4.68041576074
PKTIP,1,2.4730907875
LTSIC,1,4.25069836616
LTSIN,1,3.73612519333
HDTKN,1,2.02563181052
NVLIP,1,2.73612519333
ESVSP,1,2.64799428305
TRFFP,1,2.43392019021
SERCP,1,3.05805328822
NTAIS,1,2.06733110181
TTNSQ,1,3.42800289797
HTTIR,1,3.77843599819
RTTQN,1,2.513732772
HTSVN,1,2.45782403085
CRHRD,1,2.24631992565
TSYLP,1,3.33249245732
IVPYP,1,3.77565355752
ATTLN,1,3.33878969579
DTTHH,1,2.92375219651
QIRLS,1,2.40354985424
LSVSY,1,2.21005638166
HCFMP,1,2.15116269261
HYSVP,1,3.54348011539
WYTDK,1,2.4730907875
PPVRQ,1,5.19555681197
NDHMP,1,4.03652012667
KSAIH,1,2.52967431586
GYLSP,1,2.2215520205
YTKHP,1,3.93626480782
SEIQF,1,3.04424748869
VSTQP,1,2.3838234494
KQTIS,1,2.15116269261
KQLNM,1,3.15116269261
MNTVN,1,2.50314802135
LPTHV,1,2.79057297735
MTTCS,1,2.56857109635
HEMQQ,1,3.23673842432
RTLIP,1,2.96932436962
TNTEA,1,3.66686253089
SYTQV,1,2.47978544006
YTTSK,1,3.57742744731
TAVVP,1,2.14528612627
GTVHP,1,2.70915814573
LRKCW,1,3.29621302541
SSTEN,1,4.06763933705
SVTKA,1,3.21964243049
NTYAI,1,3.11052070811
LATRY,1,2.82493446029
TTSIA,1,2.49285404232
ATTHA,1,3.77121585779
QQTPY,1,2.40931487706
DLIED,1,2.42418118702
TLCIN,1,3.25968714939
YELSP,1,2.09226900356
NSRIP,1,2.23569620282
QTAQC,1,2.37594962908
TYSHA,1,2.98873222771
IHTYN,1,3.22282367774
SESLL,1,3.63063206449
LAFQN,1,2.07172822511
RTIPC,1,4.180910036
STPIH,1,2.06627379502
STPIL,1,3.20427402907
TAQCL,1,2.22916520461
TAQCI,1,3.28866621636
IHTDT,1,3.54348011538
VTSEW,1,2.5497120691
CTSIR,1,2.33702923792
MKSIW,1,3.44661857614
PKTAL,1,2.15116269261
NVILT,1,3.85160241075
PEIQE,1,2.15116269261
IYTIP,1,4.12516748408
IALAQ,1,3.25352441024
LTTAH,1,2.38324417011
LTTAV,1,2.04424748869
QILET,1,2.9939229508
VWYSP,1,2.68514126461
NPIHL,1,2.11799582868
PHTHH,1,2.4623643809
PYLDT,1,2.00331722463
RTTYC,1,3.60047009397
HATID,1,2.02822658647
SNTYE,1,2.4312706118
PYTLS,1,4.58221250988
YEHTL,1,2.39678742018
TKAEP,1,3.70755604113
NMQVA,1,2.17864342903
HTKLK,1,2.88812828678
SAHIP,1,2.18218958823
HTTVN,1,5.11859483015
HTTVI,1,2.45549672748
LETEA,1,2.01623311252
CTTLN,1,3.19745634488
WMQQH,1,2.21529303003
QCYIN,1,3.60328951062
TYMRP,1,2.48644917035
YHTEH,1,3.79501888238
YAPYL,1,2.02948413602
NTLLS,1,2.95851761466
PFAQN,1,2.40750244587
KGRVP,1,2.27046162098
PEYHQ,1,4.4206233676
YHHHD,1,3.26663991003
PNRYD,1,2.23862553386
HQPHP,1,2.30496802869
QATFM,1,3.16114678118
SIIKP,1,4.15116269261
FDMVE,1,2.15116269261
NQRFA,1,3.15507774262
THLTT,1,3.06677050532
DEFDD,1,2.00914368774
LGYHL,1,2.94439650642
HFTHP,1,2.9830399338
LIAKF,1,2.92253831756
HTTVH,1,2.08077336471
QQMLL,1,2.53582654284
CLTRY,1,3.74942201595
WRHQL,1,2.27669357469
CHTYT,1,2.3087039696
RAQTM,1,2.27217809357
SKVPC,1,3.03289981099
LYTMS,1,2.244272097
QRTKL,1,2.68119898283
ELTYT,1,3.69865048791
ANSHQ,1,2.37355511395
NYITP,1,2.28866621636
YYQRI,1,3.6411286794
STHIC,1,2.14082074839
CDHIP,1,2.01365916886
CDHIS,1,3.10893445722
SYYSN,1,3.17106225005
FETIS,1,2.03380574197
YVPIP,1,2.01218627946
PLTQN,1,4.45233222733
WYINQ,1,2.37355511394
HQTMI,1,2.50871469723
QITNC,1,2.16313533427
YTAQN,1,4.68721559285
LNTVT,1,2.24919477557
KPLVQ,1,2.09566758001
PITVS,1,2.55056954017
LSKTL,1,3.57262646105
PTYIT,1,2.12201634695
TMLIL,1,2.19160821833
HHTLV,1,2.81412770533
MATQP,1,2.58412209988
QIPHP,1,2.08404849675
PTREL,1,2.22916520461
TDTLY,1,2.49493183604
HMIHQ,1,3.96537128571
TVLHY,1,2.95851761467
SMPIN,1,2.58654883728
QNIIT,1,2.81649860979
TTIMH,1,2.46084719174
QNIIP,1,3.61059431125
PTSYN,1,3.13605580022
YFQIP,1,2.22711154584
AFYAQ,1,3.36839340883
TTDIN,1,2.81412770533
TSTQP,1,2.3899495522
RYATP,1,2.9198371465
NTKLC,1,2.32334366799
AITLP,1,4.99246494659
DLAIN,1,2.80827497909
EHNIP,1,3.27891823981
VVTYM,1,2.86998094007
HDSTP,1,2.71187764708
DIPQQ,1,2.99246494659
DKLQD,1,3.19555681197
RCEQL,1,3.13467456982
RSTMQ,1,3.12516748407
YITSR,1,2.42125185598
QTYLN,1,3.80478518922
QTMQD,1,2.63882799197
THIAP,1,2.22487237879
YEIVE,1,2.2215520205
CLTEL,1,2.2215520205
HASHF,1,2.78343090811
FTWVP,1,2.61059431125
ETKCP,1,2.29800408094
TYSHN,1,2.69681226931
PSRIP,1,2.21309044175
MSIMS,1,2.38465282282
CTMST,1,2.26663991003
HQSHL,1,3.17353050564
PTLNN,1,3.13467456982
FELEE,1,2.43656491147
PSTNL,1,3.35627712252
TLLAE,1,2.62246841153
KPPNN,1,2.01365916886
FTTQH,1,3.52313146999
PVLTH,1,3.14110902795
YTTKM,1,2.85160241075
LEHTN,1,2.36061605824
RRHVP,1,2.05298229867
LVIVP,1,3.11639727445
AEQTL,1,2.513732772
HELHH,1,3.13984737938
ITTFT,1,2.08404849675
SNPVP,1,2.68721559285
DATAL,1,2.41675280334
LYTET,1,2.72125191684
NTMLN,1,3.3636123107
GYMQN,1,2.86939172419
YKHCW,1,2.99786628214
HALHD,1,3.24802423186
RSLEE,1,2.19846840739
PCYAP,1,2.02750422486
SKQLP,1,2.27669357469
SVQIP,1,3.97316439063
ILALP,1,4.25968714939
CSALL,1,2.36748059954
PTHIW,1,2.72101830094
YATHP,1,2.59173528399
QEINH,1,3.32108769405
WTTVP,1,2.25573395605
GKPIL,1,4.93252240613
EITQT,1,2.29412064645
NQDER,1,2.70755604113
TFNVP,1,3.57369472844
TTMTN,1,3.07002592988
LQHIN,1,2.70755604113
KTTEA,1,3.4730907875
NSEEP,1,3.75997193528
HDMIT,1,4.33878969579
ATATP,1,2.32566042384
NATIL,1,2.24231058067
GKTCA,1,2.68288317205
HTPLV,1,2.7520667372
QTDTS,1,2.79057297735
QFVQN,1,2.07362609213
YWYIT,1,2.43127061181
TSTRL,1,2.56209579356
CTYID,1,2.86485850745
YRTWT,1,2.96456665934
LTTQI,1,2.55326113618
HVIHH,1,3.36617558358
THTHP,1,3.20644512811
THTHF,1,2.01218627946
RTTIH,1,2.01671249283
DEMFD,1,2.15116269261
LDAML,1,4.33438451667
TMLYE,1,4.97316439063
PKTLA,1,3.05805328822
YAVIG,1,2.15116269261
YRQVP,1,3.4610179552
TSYHQ,1,2.04097977486
HCTHA,1,2.21344697086
TNTLH,1,2.06543281859
TNTLL,1,2.10780632342
ITFTN,1,2.56620019189
YALLT,1,2.105359003
LALSN,1,2.77565355752
TSKIW,1,2.40750244587
QIAHP,1,2.25896598214
HTTFK,1,2.11463681658
TTTAL,1,3.12913638628
STSYM,1,2.57200581357
PMPIL,1,2.02563181052
QTAFM,1,2.27827461051
PFTIP,1,6.30766717829
IGVEP,1,5.95518959695
TEPIQ,1,3.09993736925
GIQVP,1,2.33982425663
QLLAC,1,2.27769509854
SKIKN,1,2.28866621636
YHIVS,1,2.81722361862
YEIEV,1,3.22645081991
YGTYP,1,2.84147819348
DEKLT,1,2.41419709845
MATSP,1,2.33671834576
HETEN,1,3.40641974785
PMMVP,1,4.29412064646
RYLLT,1,2.29412064645
HRTLN,1,3.67472464866
CATVS,1,2.5497120691
CATVP,1,3.65895733281
YVTSK,1,2.47309078749
QTILN,1,2.12078904356
PDSVP,1,2.39217079211
TACIA,1,3.12078904356
SNLTK,1,2.02563181053
NTPYN,1,2.36415641595
YTNWP,1,3.61059431125
ETLTN,1,2.15116269261
PCAVL,1,3.40597659164
MIHNC,1,2.13605580022
TGHVP,1,3.26885773528
SCTML,1,2.98988178558
FTEAH,1,2.20561047663
CRAVP,1,2.48558173168
TQRIP,1,2.68167740931
PQLEN,1,5.35503502598
PENQL,1,2.24631992565
VELEV,1,2.02563181053
PNVQN,1,2.52813215106
RICIH,1,3.32108769405
KNSVH,1,3.15116269261
PMEHL,1,2.92375219651
LTAEP,1,3.52620212396
VVSEN,1,2.02563181053
KTTMN,1,2.61583095961
SQHFM,1,2.56620019188
TNLIP,1,3.63228938235
QQYDL,1,3.02563181053
HSMQP,1,3.14551612947
QHHIP,1,2.30140532819
PSSKP,1,3.19555681197
ASTHN,1,2.67199485591
HMYYN,1,3.06445105942
RNPIP,1,3.42169163499
QYAVT,1,2.30644091809
PSTEP,1,2.17763490397
HHKTN,1,4.24266104709
TQTHD,1,4.20040621163
LDTET,1,2.52504286713
TQTHK,1,3.19846840739
TDTYP,1,2.4457834415
STSLK,1,5.01741130372
PQTIT,1,2.28866621636
SMSYQ,1,2.91669743897
PYTHK,1,2.52039650228
DTRIN,1,2.23862553387
LTSLL,1,2.2215520205
RNMLQ,1,2.25425618558
TATVT,1,3.66773821835
VTEIH,1,2.05913355411
SQLQF,1,2.4818080046
CTEKT,1,2.67199485591
TTTIK,1,3.23862553386
TTTIM,1,3.31513842772
CKIKY,1,2.57011524189
HIHLD,1,2.73612519333
ALLAQ,1,3.36617558358
SATYA,1,2.84630811108
KTMYY,1,2.76587253672
RSAIS,1,3.56446514052
QNSEL,1,2.34617867502
SKTVN,1,3.99665274355
DDLAL,1,3.00914368774
NYPYL,1,3.48335912295
PLAIT,1,2.18903087819
NSHTP,1,2.36748059954
PLRVP,1,3.12714581149
LITWT,1,2.42946385509
LTAVN,1,3.95851761467
TWPQR,1,2.95851761467
LTAVQ,1,3.32108769405
HSRAY,1,3.22645081991
LMQVD,1,2.32804045469
HAHIM,1,2.50730650283
SGPIQ,1,3.18264092408
YHHKL,1,3.12078904356
RDKHL,1,2.61748069683
HTISP,1,2.42418118702
RTRVP,1,2.09226900356
TTSLL,1,2.86736972661
RCTIH,1,3.50764800953
HTTQK,1,2.40491928486
SQTHL,1,3.92054976447
HHQHL,1,2.8392186863
SRTQP,1,2.70135977517
KETKQ,1,2.12516748408
TYQMH,1,3.58726180742
HNPID,1,2.7867512664
VMTFT,1,2.49796545614
REAMD,1,3.02948413602
YHGTN,1,3.05805328822
TAIQN,1,2.18592811077
QVPYP,1,3.19108887702
KSTIV,1,2.58856800492
YTVTP,1,2.05215268677
RHTTL,1,2.08796886612
SQPVS,1,2.52462108814
LEKIM,1,3.51573512491
KTMCH,1,2.57902423225
NIPEP,1,3.20644512811
QQLHP,1,3.01623311252
HWHDN,1,2.21344697087
NHAKS,1,3.34755990541
AKEIP,1,2.36061605824
TAENT,1,2.4730907875
AETVA,1,2.15116269261
SNIAP,1,2.34098725149
SESVA,1,2.40750244587
ELTQA,1,2.73612519333
SLVLN,1,3.98405270677
GFTIM,1,3.32108769405
WKTSP,1,3.21944743217
CRMEY,1,2.65950391173
QSAVH,1,3.23295678377
WRTYT,1,2.513732772
EATLT,1,3.08976214794
STYQE,1,2.00677278327
SYGIL,1,2.65639800086
RSAIP,1,2.93543400155
QILNP,1,2.1382236369
QTRHN,1,2.03568547519
QATIN,1,2.64393149512
YQTNP,1,3.24802423186
PGINE,1,2.0062143567
PLPIP,1,2.31697158558
TTTQQ,1,2.3626667978
SMPHY,1,2.06870053242
DLKQL,1,2.32624939917
PFTYP,1,2.08606766439
YNLMT,1,2.31794113873
HHATQ,1,2.93252240613
QQGVP,1,2.78503479381
YSITM,1,2.18301155865
QSTRL,1,2.37767122242
QSAHM,1,3.75602475077
GQWKL,1,3.27315321699
PRNVC,1,2.0442474887
DTYIL,1,3.36617558358
PTIMH,1,2.37017247455
PMTQI,1,2.12650063837
MTTVK,1,3.3838234494
PNSQE,1,3.20561047663
LVWQN,1,2.00531182614
LVTQV,1,3.07865019282
GETQL,1,2.49158713111
NMQHQ,1,2.01623311252
QAILH,1,4.32108769405
CHTLA,1,2.57262646105
YSSHT,1,3.45494344079
HSIQW,1,2.67472464866
FTISH,1,3.3838234494
WITTL,1,2.69548320884
ITIQS,1,2.46274884328
SKTKL,1,2.67472464867
PDYHP,1,2.32108769405
QIMYS,1,3.01991815933
QSRIS,1,2.4730907875
SRNWL,1,3.23862553386
YFSTL,1,3.73612519333
HLWEP,1,4.39909020605
WSLDQ,1,2.77265106936
DYNVT,1,3.55488487866
STTTI,1,3.43656491147
TSGYH,1,3.57262646105
LSTAI,1,2.42969819198
PVLSN,1,2.47309078749
QSVTP,1,3.46404564789
SEEVQ,1,2.64301578894
NRQIP,1,3.32108769405
PRLIP,1,2.12978904182
QQTMM,1,2.4730907875
PQYES,1,2.98343524686
TSVQL,1,2.76724771082
PTTDN,1,3.2360515902
HTNVA,1,2.32870087816
NSLTD,1,3.09386946756
NQYHP,1,3.50314802135
YELDV,1,2.08976214795
VTHEH,1,2.66457193231
ETTHT,1,2.2432808946
ITPVS,1,2.80651452122
VESWC,1,2.71750951516
EKPHR,1,3.80651452122
PYHEI,1,3.67472464866
YNYHN,1,3.69548320883
DHVLP,1,2.58973570635
WTAYI,1,2.14188487902
QIPMN,1,2.11463681659
ETTIL,1,3.73612519333
NQILH,1,2.86388074053
VTLGS,1,2.0036055042
PHMVT,1,2.66573586544
NSYHA,1,2.45305303426
RETCN,1,3.03380574197
TCTAL,1,2.24308518205
TNINN,1,3.23862553386
MTNVI,1,4.34380777055
IMNML,1,4.13605580022
LRHLA,1,2.37896861013
QGITP,1,2.89262967901
QTTMH,1,2.68973228784
QTTMQ,1,2.51446122191
TETHS,1,2.73612519333
ANIEP,1,3.35761357008
TTTFN,1,2.9050783557
PETTP,1,2.15116269261
CYTSM,1,3.04646531394
PMAAL,1,2.06870053242
TTNIE,1,2.75997193529
SEYQN,1,2.02563181052
PSKWL,1,2.06293550959
PRTQE,1,2.90010092844
SNAQL,1,2.39909020605
WATMA,1,3.04424748869
HMEHQ,1,2.3799813831
QITQP,1,2.589283805
TDRVP,1,2.94335780749
SHRIH,1,2.15116269261
TKTQV,1,2.52462108814
DTYTF,1,4.16015147584
CVPMN,1,2.56966404719
AYVTQ,1,2.65366303314
DTIAA,1,3.08190003017
QCLLA,1,2.15116269261
YTTFS,1,3.27315321699
EWIVQ,1,2.12078904357
LHSLM,1,3.37121117348
CTNIL,1,2.54709136894
TSMAE,1,3.37823160116
TSMAN,1,4.43319806037
NTRLT,1,2.45155762595
HFTET,1,2.54020498336
ETQSL,1,5.06405202884
PKARN,1,2.66573586544
TATQR,1,2.45928498797
LSLQA,1,2.71103421237
TTLAQ,1,2.45601727413
QHIEP,1,3.09305973805
SSLQA,1,3.66773821835
QSLQN,1,2.33336602382
RAPEP,1,3.03158107686
AEKYQ,1,2.52039650228
FSWDQ,1,2.4730907875
TTKIN,1,3.50165993969
TQRLL,1,3.58412209989
ADVQI,1,2.88812828677
TETQQ,1,2.96548716948
MSQQP,1,2.39909020605
NQVIE,1,2.01422704726
IRLTH,1,3.20178876568
PETMT,1,2.52462108814
LNTKY,1,2.05805328822
RSTMH,1,2.27145692633
YLATP,1,2.49908599603
DFMDE,1,2.06543281859
YKTQQ,1,2.67954166496
MHAAL,1,2.99246494659
YKLLP,1,3.55715505228
PMYMQ,1,4.5748442863
RMIHV,1,3.95851761467
KNTYN,1,2.70135977518
GAPTI,1,2.91300295541
ADPIQ,1,2.99725000915
QRHLR,1,2.22516327405
YRTRP,1,2.51681216493
NYMTI,1,2.39909020605
TTAIT,1,3.35761357007
GTTVI,1,2.09104170017
NTMMA,1,2.49511709383
TNTIN,1,2.22671372562
CDYLM,1,2.7159473114
PYTMN,1,3.22311253449
LKVTP,1,6.20040621163
HTFIP,1,2.15116269261
PALHM,1,2.04646531395
HKHHR,1,2.03868796335
TPAVP,1,2.95851761467
PMAIN,1,2.41321933152
EWPFA,1,3.86540821028
NAMQQ,1,2.93252240613
WNTWP,1,2.08768363578
DVIEV,1,2.11463681658
LRSYH,1,3.91089959443
HSTAQ,1,3.22645081991
AMSIS,1,2.7641395695
AMSIP,1,2.90605019477
KTKIS,1,2.39136639006
INIRP,1,4.48207957073
TKTYA,1,4.65366303314
NHTCT,1,2.4730907875
LKTPN,1,3.07172822511
NFHMN,1,4.22441167464
CVTQQ,1,2.98228578059
ICHMQ,1,2.15116269261
MAATL,1,2.78229537476
HSIAW,1,3.80827497909
SVTVH,1,3.20178876568
NAGLH,1,3.39909020606
QSAIL,1,2.39909020605
HKHVP,1,2.84147819348
FCTHP,1,2.87362871708
ASPRP,1,2.73612519333
LTHEI,1,3.4730907875
YTTQD,1,5.93626480782
NTRYQ,1,2.65895733281
NTPRM,1,2.04732688162
DDNVH,1,2.85160241075
VQSFT,1,2.92645640544
NAYTF,1,2.48996460606
DITAN,1,2.0404592282
KFPPT,1,2.00914368774
PDNTP,1,3.23862553386
AYLSP,1,2.22823891562
LQTVG,1,3.04732688162
INYQN,1,2.39323747981
SQHKI,1,2.09869527271
FENYP,1,2.05805328822
ASTEH,1,2.67954166496
VTTDH,1,3.88296658166
NNGIN,1,2.23862553387
RSIYR,1,2.04424748869
QTNLL,1,2.81412770533
HTVAP,1,2.66280851568
RSAVP,1,3.5974189225
TYNEI,1,2.29800408094
YFTAS,1,2.8263230023
VQYEQ,1,2.6705368517
IISQN,1,2.22797828966
HKTVC,1,2.77565355752
PNTLP,1,3.37823160116
PNTLN,1,2.55924743124
ATAFP,1,2.21529303003
SMMMT,1,3.21005638167
MTYSL,1,2.12607171165
HSLCI,1,3.44183985351
QIQLN,1,3.39217079211
PINIW,1,2.85160241075
HEHQP,1,2.25425618558
NMTLV,1,2.13948088756
DERTM,1,2.3087039696
LTATL,1,2.88812828678
GNREW,1,2.23862553386
SYSYN,1,2.23415205728
SYSYP,1,2.30316578605
QTLHH,1,2.11799582868
NAIHP,1,3.77734785606
QFLQH,1,2.31036128746
SQYLH,1,2.41566250744
TYTAN,1,2.21529303003
HIISD,1,2.13467456982
MLHTP,1,2.50984933751
QPKIP,1,2.23862553387
YSKAP,1,2.81412770533
CKPTP,1,3.43409665588
WNKAY,1,3.40491928486
NDMYN,1,2.88812828678
TMTIT,1,2.54348011539
QQLQN,1,2.30931052627
TLIIT,1,2.9377590545
DHTEL,1,2.55056954018
RPRLL,1,4.08190003017
PCTII,1,2.05063581666
PCTIT,1,2.16398673297
DMSLP,1,3.73612519333
SWHEP,1,3.88648792839
DEYRQ,1,2.60533858579
LSLAP,1,4.60201532635
HTPEP,1,3.52753857152
NYMTP,1,4.04193362285
LTIQP,1,3.17353050564
SALQP,1,2.20701592735
YTTIN,1,2.02110215204
QDLMN,1,2.54761273076
VWTHP,1,3.33249245733
YVTES,1,4.33107178263
QYLKN,1,3.29412064645
AQVIT,1,3.56491149592
SCTYI,1,2.73612519333
NWTIW,1,2.07454141101
PQVNN,1,3.18091003601
HNTEF,1,3.12844261611
CEKRD,1,3.03380574197
DTSES,1,3.44183985351
YTVKP,1,2.20871371517
YTEYY,1,2.35761357008
KYNVP,1,4.73612519333
YELYD,1,2.15116269261
TLTVV,1,3.30496802869
DTTML,1,3.10535900299
AHTFC,1,2.12013579698
EHPEP,1,3.41586591881
QKSIA,1,3.34755990541
YNTHI,1,2.3799813831
LHTAV,1,2.68041576074
LHTAP,1,3.18218958823
HHTQL,1,3.74534372336
MSKVP,1,2.86082094078
WNTYP,1,3.4730907875
RDEVT,1,2.28361298864
PRAHN,1,3.45233222733
LTVSA,1,2.11898228686
TVKPN,1,3.03380574197
HCNFP,1,2.01466069271
EQPIS,1,3.19555681197
QTQYL,1,2.15116269261
IKLHN,1,2.95851761467
QVEYN,1,2.92375219651
LQTED,1,3.59862166958
QNQIE,1,3.20178876568
TDLIG,1,2.06870053242
EHHSP,1,2.09869527272
TTAYL,1,2.22953375616
SMRVS,1,3.21529303003
HISHH,1,3.39909020606
PIKYN,1,4.22441167464
HSKLL,1,2.10649364327
ISPDK,1,3.18678660234
PKTWK,1,2.49796545614
AKHQL,1,4.54348011539
CHTNS,1,3.06870053242
EQNYL,1,2.33982425663
NDIKP,1,4.07399483209
NQIIT,1,2.02187967566
SRKTN,1,3.97559112802
HYNLN,1,3.17669778472
VHTHE,1,2.27107215634
YDMLE,1,2.05805328822
TCHLR,1,2.67954166496
THTRN,1,2.9511380843
WHAVT,1,2.28361298864
VLTQQ,1,3.21529303003
PRTIN,1,3.07082058429
QLPLP,1,2.180910036
SCLHN,1,2.15116269261
YITQH,1,2.88636782891
CQIWN,1,2.2615866823
QTTHA,1,2.73612519333
QTTHN,1,2.2682021138
LRPIP,1,2.28361298863
SSITK,1,3.01245642178
DEIVD,1,2.04424748869
STSIQ,1,2.24919477557
PCTQP,1,3.16087784744
MTTQP,1,2.01098503456
QSLTP,1,2.10841304515
CDLVP,1,2.84823555965
DIIFC,1,2.17500943456
SSTQI,1,2.07716211116
QATLN,1,3.57664697932
LGLTP,1,2.37355511395
LTRTD,1,2.42800289797
YTTAK,1,2.19555681196
QYTKN,1,3.34910207022
QQLVT,1,3.7510755348
PTQVV,1,3.33173493825
SVTYI,1,3.69548320883
ASNVL,1,3.52753857152
PYMIT,1,2.03868796335
QYIHP,1,2.90766847317
GKLTA,1,2.23862553387
LNLTP,1,2.95851761467
SYLHH,1,2.1835841703
QTYIA,1,2.340196517
YTIQH,1,2.6813123087
QDLTP,1,4.48846601338
TIQVQ,1,2.48996460606
PANRA,1,4.81954120152
MSTYS,1,3.32108769406
PSVLP,1,2.82200302849
WEWLQ,1,2.71594731139
SYIHH,1,3.26337219619
WVQLP,1,2.45601727413
PITLH,1,3.78976315693
PKPML,1,4.55033378643
WMPTP,1,3.30644091809
PKIVS,1,2.33878969578
EVSHF,1,2.40392876298
QTVQN,1,3.27010376533
SRQYN,1,2.92222148544
PITHV,1,2.31036128746
TTLTH,1,2.53486698509
YSALT,1,2.82672774211
TIPKL,1,2.15116269261
VQINN,1,4.37553547807
WLTSQ,1,2.80025553075
AESYL,1,2.0190591566
PYALN,1,3.49178688121
DLTTD,1,7.40382812506
PETFP,1,2.27669357469
WETLP,1,2.95851761467
QELTT,1,3.7188472019
NIPKD,1,2.41419709844
CKQNK,1,3.73612519333
KSVWN,1,2.7188472019
PINYP,1,2.25549935242
HNLNL,1,2.69548320883
VATQQ,1,3.44884324125
HTVTP,1,2.13605580022
PSSVR,1,2.74157962342
PHMQQ,1,4.05805328822
NLLCS,1,3.34755990541
DYSSP,1,3.97134165502
STCIP,1,2.91832852455
LHIHS,1,2.2336248528
NIHHN,1,3.15116269261
HNITL,1,3.53635568095
IVFTP,1,3.96992237794
NTHCP,1,2.06096488364
VTTKY,1,2.44950396717
WYNLA,1,3.50479964722
RHLVS,1,2.33558726374
TTKQL,1,3.61059431125
KTHHD,1,3.355337256
YTMNN,1,2.44661857613
NSTVQ,1,3.92877027127
RTPQY,1,2.38248823872
NTFHP,1,3.47309078749
VQSEN,1,4.42418118701
ITAEC,1,3.29412064645
IQSVN,1,2.37355511394
EQERL,1,3.44661857614
MYTKQ,1,2.52313147
LTAIT,1,2.03652012667
EDSFK,1,2.05162701906
QQQIA,1,2.69454608958
TSPEL,1,3.34910207022
RHSIP,1,3.59594753528
YQYFN,1,2.86388074053
THIRP,1,2.6453597294
YYTDA,1,2.26405674901
SVTQY,1,3.31215456928
WQLNA,1,2.75450372265
SSTDL,1,3.591927017
STVSP,1,2.30695736521
QDNVP,1,2.06870053242
IFFVH,1,3.99915959916
KTQRN,1,2.04153820143
PFTEY,1,2.58151324738
TKQHA,1,3.78051931269
TKTYP,1,2.09869527272
TMNVN,1,3.92726668068
LSLTN,1,2.78343090811
PQMIT,1,2.54348011539
QTHHK,1,2.98766396033
NELVN,1,3.63658951978
HTYDQ,1,2.05805328822
LSTLL,1,2.29555260195
KSSYR,1,3.9366581807
PTVTM,1,2.61059431124
PSFYL,1,2.91366337888
QEHTF,1,4.15116269261
AEMIP,1,3.08077336472
HRTLI,1,3.7159473114
LMRQK,1,3.92375219651
STWKC,1,2.4565079033
QHSIY,1,4.65366303314
ATTIC,1,2.35533725601
CTVQM,1,2.85160241075
MTMLV,1,3.20502956459
CNTEK,1,2.4730907875
ISSCR,1,2.67053685171
LTLHP,1,2.22916520461
LRDIV,1,3.59862166958
LNTYW,1,2.68167740931
TRIIT,1,2.91197502873
VTTHN,1,3.19952571417
HTVMP,1,2.01789616175
PNILQ,1,2.61663491341
EKTTP,1,2.99246494659
YTFTP,1,2.86011391061
STLQP,1,3.01510114303
LDAQY,1,2.12844261611
MFTTP,1,3.36231035678
YSAIS,1,2.41102981936
PLTHL,1,2.66573586543
DLMHP,1,2.70915814573
PTLIP,1,3.18963684042
LSPIP,1,3.28799690758
KSPIN,1,3.05805328822
LTYET,1,2.09457916425
DPKIN,1,4.36494198364
HSSVQ,1,2.57664697933
NTIYA,1,2.55326113618
PNTIY,1,2.23731933636
GNSYN,1,2.65366303314
CTLEP,1,2.59623901826
HSMIP,1,4.28632227589
EQNHP,1,4.11199209533
SYPQA,1,3.25869115691
NNKMK,1,3.53198447655
QCTYM,1,2.8586686863
MTYPC,1,3.44239399027
IYTHN,1,3.30090981211
TKLAQ,1,3.81141332064
HHTAM,1,3.92375219651
PSHYE,1,2.62920998941
HHVHH,1,3.98766396033
NHSVN,1,3.33946622337
EINIT,1,3.89262967901
SHPHL,1,3.55833807412
AWTIC,1,2.13774217685
ARPIP,1,3.0146606927
NEHVP,1,4.4312706118
TRAEP,1,2.34910207022
YRMHP,1,4.42728709788
HSKVS,1,3.30247201588
ARSIA,1,2.48614694032
PKTQN,1,2.41965152853
NYPDY,1,2.23088988508
VRFTP,1,2.50031225623
LCTQM,1,2.356837719
PKMVQ,1,3.48846601338
HSLNL,1,2.51302953286
SGLTF,1,3.04598045592
QHLIN,1,2.33249245732
TMTLN,1,2.40354985424
HKHVW,1,2.59027432687
KSSTP,1,3.77565355752
PWTIT,1,4.16398673297
KTLNC,1,2.105359003
TNSIH,1,2.29164391616
NTHVH,1,5.09869527272
MTTLR,1,2.08404849676
ENSLN,1,3.15116269261
STLMP,1,2.1761914871
IMTQH,1,2.08022678579
KYTNM,1,2.02351486951
RQTKY,1,2.11799582868
LMQTN,1,2.19180467711
QTYYQ,1,3.17669778472
LRTDL,1,2.35761357008
TTHVS,1,3.03380574197
TTHVH,1,2.41965152853
QYTTH,1,2.97898171723
SVTLE,1,2.0711943879
TTSNE,1,2.03251819611
QEKVD,1,2.03868796335
PYTRY,1,3.14110902794
PYTRI,1,3.04193362285
QQTLD,1,2.08833585516
WNTAH,1,2.87105477342
EQLSQ,1,2.80323938919
PVQHD,1,2.42418118702
LSAIP,1,2.42348033927
MRTQP,1,2.91300295541
MNGIQ,1,2.84418493919
SQMHN,1,3.36958621174
AHTIA,1,3.82672774211
QKLIG,1,2.4730907875
KHILH,1,2.91806557093
TRQLT,1,2.42552510424
QYRQP,1,2.54875505743
ETTSL,1,3.16611303408
VYIEE,1,2.4730907875
STPVH,1,2.17106225005
NVTVQ,1,2.11052070812
LWAQP,1,2.1330153459
SQSLE,1,3.56354573844
YPLIV,1,3.02563181053
NDYFN,1,3.12078904357
AETTP,1,2.52039650228
FYMEE,1,2.20178876568
HSSVR,1,3.03380574197
PAHAL,1,2.88155563285
QYAHQ,1,2.99069802042
WESYH,1,2.06870053242
MTEKQ,1,2.62365046407
ARPID,1,2.65505358268
TGLIW,1,3.33702923792
AVSRT,1,2.03699167269
TPLMK,1,2.24631992565
STTLY,1,2.33558726375
LTCMM,1,2.76121617429
TMLKC,1,2.34380777055
CAHVV,1,2.11945383288
YITIA,1,3.49355489006
SRLHA,1,2.98766396032
LTSFN,1,2.23862553386
QTNVD,1,2.20515758225
NKTYK,1,2.19380703002
QGYTN,1,3.4730907875
NRPMQ,1,3.01905915661
PSTVL,1,2.15850466795
NLLTE,1,3.15116269261
TQTYL,1,2.07716211117
STIIN,1,2.64866235208
PEFTN,1,2.4730907875
QGSVE,1,3.04732688162
DIPVV,1,2.21933419525
LYEAK,1,2.27669357469
NQKIT,1,2.69548320883
RHREN,1,2.47309078749
HTKEN,1,2.10535900299
EKPTN,1,3.22645081991
LQYEN,1,2.39909020605
DEVAT,1,2.01098503456
MTTTN,1,2.83566086688
QQHIC,1,4.04193362285
YFNAY,1,2.87362871708
LITAH,1,4.12516748408
NNIEP,1,2.12516748407
STFHH,1,2.69305647144
NTVHN,1,2.7520667372
EVQLA,1,2.77007252526
QTLIT,1,2.12691514636
AYLMT,1,2.9891059345
TVTLT,1,2.57939968964
FTNVL,1,2.63228938235
QYTLP,1,2.4312706118
HSISE,1,3.16611303408
HSTMV,1,3.01789616175
CRLHP,1,3.77565355752
MIIVT,1,2.82358803458
TNAIN,1,3.16611303408
HRSSN,1,2.25968714939
HVTME,1,2.38495987722
QRPQN,1,2.4837380317
NMITD,1,2.03868796335
NHLIH,1,3.57149449156
QTHCP,1,2.62920998941
RNHYL,1,2.37355511395
HKGRY,1,2.66573586543
PETYT,1,2.20716810234
HTSIP,1,2.78343090811
YTIVN,1,2.15116269261
LCTYR,1,2.91366337888
FSVHA,1,2.35761357008
EEYNT,1,2.4730907875
QNTQM,1,4.60328951062
YTYMH,1,4.04732688162
PTHEH,1,2.03629873557
YLTSH,1,2.12844261611
LDPIQ,1,4.67472464867
PMYVT,1,3.40308106625
ATEES,1,2.05805328822
HNNVL,1,3.42418118701
KTIMT,1,2.591735284
RDLQH,1,2.38820188991
SKAIL,1,2.50871469723
FEMEV,1,2.4730907875
IATEE,1,2.98188160773
LYMNC,1,3.11052070811
SHNIL,1,3.62689612358
PKISA,1,2.43656491147
LNTQF,1,2.16496849213
DHVQN,1,2.45991539875
RSHHL,1,2.49693752945
TLTHA,1,2.69406113376
AYYSI,1,2.59594753529
MHTMS,1,2.44709557896
LMRIT,1,2.85160241075
PNTYP,1,2.62064797591
LQTHY,1,3.513732772
ENNYP,1,2.97713329283
YASEN,1,2.68881947855
FLHPC,1,3.27315321699
DLTYP,1,2.01365916886
GHNIH,1,2.37355511395
TVFIP,1,2.45189656523
TSRID,1,2.39627519045
KSFIT,1,3.08976214794
QYCNY,1,4.00201925331
WAAHP,1,2.93252240614
PTSVA,1,3.60262360014
PTSVL,1,2.03030829774
TQTQT,1,2.52039650227
QASVD,1,2.05962914314
NSNVN,1,2.11991175862
CSTLP,1,2.42418118702
RTTHH,1,2.10809397072
LELTQ,1,2.06369985136
TYKAP,1,2.79840947158
TKLTM,1,2.02563181052
RSEQR,1,2.59862166958
THQHN,1,2.19478962501
TKTLQ,1,3.36061605824
HVIQH,1,2.45233222733
HTTEH,1,2.5016599397
STYEP,1,2.04928307859
SETQY,1,2.67472464866
QPQEA,1,3.37658280664
LWKHD,1,2.60285866247
FYQYL,1,2.30644091809
TYSSK,1,2.67472464866
INIVQ,1,3.21005638166
RSTYP,1,2.13605580022
PDPIE,1,2.98766396033
TKTWA,1,3.20178876568
VTIDW,1,2.41826676275
LYAST,1,2.52039650228
HYTHA,1,2.50551226519
YTTDP,1,3.8910107953
YTTDR,1,2.81412770533
KQTMA,1,2.2575520372
RATYA,1,4.25270071907
TSLKS,1,2.01056436244
LYLSA,1,2.06543281859
FSTVP,1,2.52039650228
SPHNR,1,3.71059010122
AETAY,1,2.40872196837
HSNSL,1,3.50600540997
GSPVE,1,2.24176524139
LTNYF,1,3.3378634068
AYPAY,1,3.51634398545
EWHSP,1,4.21725188307
QRPIP,1,2.25885056192
HNTVS,1,2.25968714939
TAVRN,1,3.17353050564
NARQP,1,2.11799582868
PTFVP,1,2.27010376533
NTEVE,1,2.75602475077
YTPVT,1,3.14211755301
YTINH,1,2.84147819348
GQITP,1,2.91197502873
ICTLN,1,2.76259740469
PYTYN,1,6.57704613502
TTSEL,1,2.06543281859
LHSQY,1,3.93252240613
FEMHP,1,3.85160241075
AIGFN,1,3.57070158412
ASTEV,1,3.42002954374
YMTNP,1,2.13774217685
RELAM,1,3.54072950437
LNTIN,1,2.4312706118
EFNTP,1,3.36958621174
SSKIQ,1,2.87061052552
QSIEP,1,2.25352441024
SIAWP,1,3.76587253672
THLMN,1,3.64758851873
MECHN,1,2.23862553386
QNTIN,1,2.02563181052
FSLEQ,1,2.28866621636
GTTIP,1,3.36617558358
HAITN,1,2.03652012667
WQTTT,1,2.92168084649
VVMVV,1,2.42418118702
QHKHY,1,3.81189270095
MKTHQ,1,2.22770424748
LHTSY,1,2.3867909411
VVWHQ,1,2.1835841703
EQITD,1,2.25922243846
EQITN,1,2.27454510811
TYQNH,1,2.63228938235
ELTTY,1,3.1906910568
HMSTD,1,3.33702923792
HAYTK,1,2.83766321979
YEIEY,1,2.22916520461
TYHTN,1,2.6705368517
TRTEP,1,2.56620019188
HTVQN,1,2.53198447655
MNLET,1,2.73612519333
MTLVE,1,2.15116269261
NMSIQ,1,2.92726668068
NRFIP,1,2.19218996087
YSQHY,1,3.91089959443
NNRNI,1,2.1906910568
YVHWR,1,2.77565355752
YPTVF,1,3.05473292993
SYTFP,1,2.70915814573
PRIIP,1,2.64420270389
LTTEP,1,2.07716211116
PHYYN,1,2.38956743193
HWIQN,1,2.92877027127
NHSYL,1,2.88387881377
TTTHN,1,4.00914368773
SLEIP,1,2.69922561052
LPQAR,1,4.11859483015
YQIAS,1,4.66423227485
FMAIT,1,3.57811200013
NTQVA,1,2.81412770533
QEPLM,1,4.32108769405
SCKIW,1,2.04493236648
SYNIA,1,2.85160241075
DAMEE,1,2.01991815933
PESIT,1,3.5510932995
IWATP,1,2.54646397383
PIAIS,1,2.25304230662
NFLYP,1,4.39274867918
QTNEN,1,2.26851964324
RTLEC,1,2.4730907875
NYTIN,1,2.94372061274
DSMVH,1,2.102907524
HQLED,1,2.54875505743
PPIIP,1,2.62064797591
LSAQP,1,2.5974189225
PCIEH,1,3.19717509037
STSIH,1,3.87226188132
LRTAY,1,4.36061605824
LRTAQ,1,3.79501888238
SSRQN,1,2.3126261153
HTCMR,1,2.21005638166
HTERL,1,3.17353050564
LTKIN,1,3.4730907875
QWPIL,1,2.43537112155
PHLWQ,1,2.39443384362
YSTAP,1,2.12078904357
FMYAQ,1,2.10676857325
YSTAL,1,2.05162701906
HHWSL,1,3.81412770533
PYSIN,1,2.59173528399
PTVQA,1,2.08627316186
QCTTP,1,2.03699167269
PYTQP,1,2.41068261427
PYTQL,1,4.16611303408
PYSDN,1,2.45494344079
PSTYP,1,2.34411866271
LYTTE,1,2.11052070811
HWRTD,1,2.27827461051
YDLEV,1,2.15116269261
ETQMP,1,2.20887819046
PPDLR,1,2.30140532819
RPYIW,1,2.35627712251
LAVKP,1,4.67472464867
LPIPC,1,2.8601139106
SSHAP,1,3.49693752945
MNTKP,1,2.11639727445
AETLQ,1,3.85160241075
NLIHN,1,2.12078904356
DCTRF,1,3.25069836616
LIPKQ,1,4.18458569415
FETEL,1,5.14614461784
VCSMA,1,3.08190003017
ETTVN,1,2.00102234318
LWNTL,1,3.39909020605
DYTMA,1,2.31123990809
IYRQN,1,3.06677050532
PYFFP,1,2.05805328822
MQINN,1,2.90605019478
PTRLH,1,3.08976214794
PTTRL,1,2.81012577477
NTNVW,1,3.04545325144
PTYMQ,1,2.20178876568
EKPKK,1,3.78051931269
LCVHP,1,3.57262646105
VCTHQ,1,2.13605580022
YVTAS,1,2.85160241075
DVLEV,1,2.52967431586
CLEKK,1,2.03120206856
AYTVL,1,4.39217079211
CDIQN,1,2.05805328822
FITSL,1,2.66573586544
QKWTA,1,2.75450372265
DDFEE,1,3.17669778472
IEQIP,1,2.09869527271
WPLKA,1,2.75906200461
AEWQT,1,4.65669072584
DILSN,1,3.0849289942
HRLVQ,1,3.70135977517
LDTYA,1,2.61059431125
QTATL,1,4.03030829774
GDALQ,1,3.00531182615
QSTQQ,1,2.56620019188
RSTIT,1,2.3126261153
QTTFP,1,2.31318249597
SDYHN,1,2.64941356014
NWAYR,1,2.02563181053
NETTK,1,3.47309078749
SKQLY,1,4.29412064645
TSPHL,1,2.30316578605
CTHMF,1,2.22441167464
KYQTN,1,2.08007959455
HTKHK,1,2.84232459716
QTLQP,1,3.19555681197
QTLQV,1,2.5497120691
NGTVL,1,3.84559117271
QATYK,1,2.17669778472
SIRIP,1,2.1906910568
HHILP,1,4.85160241075
YSYSP,1,4.37121117348
QYITY,1,2.70915814573
YYTIQ,1,3.22916520461
TAIHP,1,4.10017876389
PTAVP,1,3.90159054658
FQLSD,1,2.95851761467
RLTQY,1,2.59410618846
NALNT,1,2.77565355752
STAKR,1,3.88812828678
SMQQC,1,3.05805328822
TLYVT,1,3.49355489006
TYTHN,1,2.41419709845
ETWTQ,1,4.53198447655
KEMVH,1,3.55833807412
SAYVQ,1,4.28729938059
YTWGL,1,4.14211755301
YSSQN,1,2.39909020606
TTICT,1,3.72444338829
TITHM,1,2.15116269261
TNKRT,1,2.8392186863
NAPHL,1,2.09520628664
PEYQL,1,2.66071779067
AVNVE,1,2.96785547925
MYHSP,1,2.06733110181
MFSHD,1,3.15116269261
MYISM,1,2.21005638166
DRAHY,1,2.37823160116
HTYRN,1,2.24802423186
SALHQ,1,2.67723150428
HKVHH,1,5.02767963918
HLEKF,1,2.3087039696
DELEY,1,2.27669357469
SVPIL,1,2.81791928449
PYTDL,1,3.7188472019
DASYP,1,3.59173528399
RTALL,1,3.58514929469
TSRAL,1,2.00531182614
YCQVH,1,2.81167622634
LDQHY,1,2.36061605824
ALSIQ,1,3.1892978215
HVSTP,1,3.12516748407
SHSVQ,1,4.11605889165
TLTMM,1,2.20427402907
TLTMV,1,2.8480180734
ILPVQ,1,2.34380777055
SSAID,1,2.76587253673
QTEIP,1,3.04479138881
LMRTK,1,2.81412770533
VSIYP,1,4.56446514052
KTAYL,1,2.06543281859
DLNLL,1,3.48207957073
PHVHH,1,2.72101830094
YNTQE,1,2.29412064645
SNTFL,1,3.4730907875
ITPIL,1,3.33107178263
PLIQP,1,2.07716211117
GRRGM,1,2.62246841153
NMIFT,1,3.17864342903
RQSVL,1,2.59173528399
HHTHY,1,2.96484523464
TTVQP,1,3.70575154429
HDNML,1,2.61059431124
TTVQH,1,4.0404592282
CHTHS,1,2.33878969579
PSHYD,1,2.59375332187
HQWQS,1,3.21005638167
KMTCP,1,2.85476968983
QLSVY,1,2.01365916886
DFIFD,1,2.04424748869
GGVRL,1,3.46344061746
HTLEN,1,2.3249921485
CMYDT,1,3.08976214794
RTTMY,1,3.15696831429
TRSVC,1,2.70915814573
SVVHP,1,3.02110215205
TYTKI,1,2.74170622559
FATAR,1,2.21964243049
MTTAD,1,2.34737118214
QSTIH,1,3.10017876389
QSTIE,1,3.18954378433
ANSVC,1,2.95163122908
TTMLT,1,2.86485850745
HMTWL,1,2.93077262418
TIYHC,1,2.57618428046
QVPIP,1,4.38503461083
YYTQT,1,2.03568547519
MTSNN,1,3.42418118702
HTRLC,1,2.61059431125
TGLFY,1,2.0036055042
NLTLV,1,2.30090981212
ATLKC,1,2.86857548935
WATLT,1,2.55326113618
TVFTQ,1,2.91934701739
QPPEP,1,3.12844261611
STQLI,1,2.64941356014
LGMTP,1,2.3799813831
LSSIR,1,2.15116269261
HYHIP,1,2.77359989875
YHHTP,1,2.38562794625
QYTIN,1,2.48768816371
HETAL,1,3.80323938919
TELDN,1,2.70575154428
QQTLM,1,2.85687735279
QQTLV,1,2.62246841153
HSNVC,1,2.43731965647
PRLHH,1,2.91366337888
TLSVL,1,2.18678660234
LYTYI,1,2.95851761467
NQRIL,1,4.21005638167
QMYYQ,1,3.06445105942
VTRIS,1,2.86165607542
NPTVV,1,2.95851761467
RYITQ,1,2.13908986031
MLPQP,1,2.68721559285
TCEEM,1,2.03251819611
CKALL,1,3.07543536645
CNLIL,1,2.69173107398
DFMEV,1,2.92375219651
AMPRL,1,2.3087039696
HQTAQ,1,3.65751535864
FNVQH,1,3.29164391616
QNHYL,1,4.70135977517
HATFQ,1,2.56055362875
SVSID,1,2.32108769405
KTSIA,1,2.92877027127
LIPFN,1,2.81412770533
YSAWN,1,2.02848017284
QMLTP,1,3.74468720683
RQTVG,1,3.21417249014
PEQEQ,1,3.42728709788
LFNEP,1,2.52702959461
AGRYN,1,2.75602475077
IRALP,1,3.62689612358
NETIN,1,3.55261112714
LDTIS,1,3.07881184839
AATHN,1,3.04566956376
HCAIK,1,3.41419709844
MMNCS,1,4.58856800492
EDYAS,1,2.41965152853
MRHLQ,1,3.26663991003
RQRYP,1,3.4730907875
VMCMQ,1,2.68167740931
HKHIH,1,3.8252510838
HYTEP,1,2.27090193688
TYTVS,1,3.52039650228
QYYGM,1,2.22916520461
CRSLP,1,2.40989696101
LSVRP,1,3.21005638166
YTEHT,1,2.92222148544
HMTLQ,1,2.4730907875
QISIW,1,3.01623311252
WQTHS,1,4.87908314717
EESQA,1,2.5510932995
SNIHY,1,2.90605019477
NLTYL,1,3.27769509854
HSTIQ,1,2.08976214794
HSTIP,1,2.11463681659
ASLLN,1,2.92877027127
TRVQP,1,3.00582332945
YDVSQ,1,3.26663991003
LGMIP,1,2.27891823981
NNLEN,1,4.04472575657
QTFAY,1,2.40491928485
LYTQP,1,3.39909020606
LNSYP,1,2.48360865941
VAVHP,1,2.66700083267
YTTRK,1,2.04539506534
AAKYN,1,2.44534579701
RSLQQ,1,2.52039650228
YTPQP,1,2.10333416752
FSIHG,1,2.66686253089
MSTSP,1,3.49908599603
YTSQD,1,3.03868796335
THKMN,1,2.72000552797
PYRHN,1,5.51456742347
QQTQI,1,2.51681216493
CYTQL,1,2.39121378044
HILMS,1,4.52371686057
PTYLA,1,2.61993217583
PQLAL,1,2.48335912295
NIAIV,1,2.42418118702
ETGIT,1,2.70637784993
TLLQC,1,2.17838416134
HLRMQ,1,2.29125246452
DTTDQ,1,2.05558503262
DTTDM,1,4.07399483209
YERSV,1,3.26267100783
THQIA,1,2.69681226931
CYTNL,1,3.30090981212
QNTLN,1,3.25968714939
PAWYF,1,4.34755990541
ETTYA,1,2.08976214794
DLSTP,1,2.17911675418
TSVQT,1,2.55715505228
NCTIN,1,3.35627712251
TTTTW,1,2.16675954766
HDMEE,1,2.05805328822
MLQVH,1,2.69865048791
SNVIH,1,2.80323938919
HQGTN,1,2.2345787008
ETPNA,1,3.32108769405
ASKIP,1,2.52620212396
YTTRI,1,2.57742744731
NEHYQ,1,4.96341641408
FTSML,1,3.45233222733
PTKVQ,1,3.5016599397
YQTYH,1,2.4765629794
YQTYS,1,4.25736209644
ESTQP,1,2.591735284
TQTLK,1,4.13605580022
YTDVS,1,3.37823160116
PMRVN,1,2.04682603279
PTSEP,1,2.81674365354
FATQM,1,2.32804045469
DVMLE,1,2.41419709844
RQTAM,1,4.99665274355
HDTTP,1,3.50664334721
HDTTN,1,2.04732688162
TLNIE,1,2.00914368774
TVLAD,1,2.60390999794
CRLML,1,2.89658986552
QTRLN,1,3.61059431125
LYHTP,1,2.54805284518
HKPIH,1,3.18929782149
HKPIM,1,3.07492710678
HAVIG,1,2.72405236103
HTMLS,1,2.78479904007
PATQL,1,2.33308330875
PTTIN,1,3.20495550997
PYQEL,1,2.45697112213
QQQYN,1,2.40491928485
PHTTP,1,2.03568547519
DSNIP,1,2.15116269261
QQTQN,1,3.03868796335
RCTEK,1,3.56354573844
LQMLN,1,2.59594753528
MEALD,1,2.52967431587
ALPLL,1,3.591735284
LTTFT,1,2.86736972661
THSVH,1,2.46049075072
NYTTD,1,3.08007959455
CRHLQ,1,2.0492830786
HETQP,1,2.84505956488
CAPIK,1,3.77565355752
RTTCP,1,2.69089593934
KPPIL,1,2.92054976447
WRRTL,1,2.66361269355
YLTFP,1,2.61059431125
HTPEY,1,2.73612519333
SLTAL,1,3.05099853068
KCQVA,1,2.66901099747
KAWLP,1,2.28044570956
SQTTP,1,3.93505864184
SQTTL,1,2.03568547518
MAKLS,1,2.05805328822
QPIIN,1,2.09602113841
VNTKP,1,2.31036128746
GHSQL,1,2.55326113618
QSHFL,1,2.08734759501
TDFSF,1,4.53198447655
TKMYD,1,2.06369985136
QTAVN,1,2.02563181052
YETEP,1,3.38820188991
ACYHP,1,3.58000599141
PVIIG,1,3.73612519333
PVIIS,1,2.01510114303
RTACL,1,2.10053661954
TTVTP,1,4.30766717829
LKLQP,1,2.19555681196
PTQVL,1,2.86116123917
YYNTL,1,2.65366303314
NIPYL,1,2.262194005
ITYHN,1,2.83766321979
GQTME,1,2.36205947511
RHTMP,1,2.14551612947
IHTKL,1,3.34910207022
YQLLS,1,2.77007252525
RGVRT,1,3.35279655378
SQMEL,1,2.88387881377
PITQL,1,2.36934286265
PCLIP,1,2.23862553386
PFTQT,1,2.28240722589
TTVIT,1,2.01296539869
HHTMP,1,2.2310862369
HSLLN,1,2.30172236919
HSISH,1,2.02917216822
DAVLE,1,2.37767122242
SFPIN,1,3.00914368774
PTCVQ,1,2.00531182614
CITFM,1,2.16551798559
LTYVS,1,3.48846601338
EHTTP,1,3.08213890674
PTPHP,1,2.58412209989
DRSYQ,1,3.20325120376
LLPMP,1,3.52039650227
HSHVC,1,2.92877027127
PTTLG,1,2.32108769405
MTPYP,1,2.80171353495
QYSTN,1,2.66573586544
HSKLN,1,2.66493414547
YNLAS,1,3.15116269261
SHINK,1,2.02563181053
SHINY,1,2.30316578605
ISKLP,1,3.0971228529
HTQYL,1,3.32108769405
QSTNH,1,3.34278276515
QSTNL,1,3.80651452122
QSALN,1,3.19218996087
QTLTN,1,3.22441167464
YQNEI,1,3.83064279212
YYTRP,1,2.80566612658
FSSML,1,2.0404592282
VQSLY,1,2.53363232943
PYINC,1,3.04424748869
PELYM,1,3.61059431125
STLWY,1,2.80323938919
ATIQL,1,3.74361972988
HHSHL,1,2.99551182215
HHSHT,1,2.09226900356
SHMHD,1,2.56017640425
NSLRL,1,2.05298229867
HKLEP,1,2.75973775055
MCAQP,1,2.08662244042
LEIYT,1,2.54348011539
TRLSP,1,2.18458569415
VRPHP,1,4.05484373174
TSLAA,1,2.17669778472
DSTLT,1,3.08976214794
SYRQN,1,2.82576240581
AGNII,1,2.55614652722
ECMQQ,1,2.8601139106
PRLMS,1,3.51261915168
HTTSP,1,4.16114678118
NQATL,1,2.81141332064
YWQDD,1,2.26663991003
QTLDE,1,3.98635182286
QTIEH,1,2.84715650572
WSYHT,1,2.32481078009
EYTLL,1,2.99246494659
QAPIP,1,2.95851761467
RAPIP,1,2.60722746014
QAPII,1,4.02152741219
SRTFN,1,2.26379154772
SEPNI,1,2.01245642178
THQYN,1,3.4730907875
TNEIP,1,2.28581221931
RQLLP,1,2.33878969579
GSLIQ,1,4.10893445722
IYIQS,1,2.80025553075
HDVHA,1,2.57566052114
KNTYA,1,2.34554073778
IHMIS,1,3.55326113618
YQLTE,1,2.12240369962
RWTYQ,1,2.68721559285
TTNIN,1,2.01510114303
TRVFL,1,2.72000552797
NYSQC,1,2.08077336472
VDSHL,1,2.67472464866
TNMTI,1,3.19347349747
RQAIQ,1,2.12516748408
HSLTN,1,2.340196517
HHKHQ,1,2.50871469723
LSQVS,1,2.94515923181
HMIQP,1,2.45047248484
SGTCE,1,4.20178876568
TAKII,1,2.35279655378
RAITN,1,2.7510755348
YQLDN,1,3.63228938235
HCRYN,1,3.04424748869
TSTQD,1,4.07399483209
PIMHH,1,2.65366303314
MSLTP,1,3.50165993969
RATYL,1,4.11199209533
QASTN,1,2.54348011539
TEVTN,1,2.07138361863
PGYEQ,1,2.20178876568
CTAVD,1,2.41705675258
LTGIA,1,2.78343090811
PKTKL,1,2.25352441024
LRHHY,1,2.12516748407
NCVHM,1,2.14110902794
QTTQY,1,2.12516748407
QTPVM,1,3.31735497516
EFHYH,1,3.11799582868
PALLQ,1,3.66901099747
PSRVG,1,2.88812828677
LNLFP,1,3.19218996087
AYLSH,1,2.34098725149
EELEE,1,2.34380777055
ESLKQ,1,5.52462108813
YYYEP,1,3.60511918118
QETFV,1,2.62509388094
TTHHL,1,2.25425618558
TSLIT,1,2.36061605824
PATIN,1,2.95851761467
QNAYL,1,3.32108769405
LATKL,1,3.6705368517
HEYQT,1,3.0205785828
LATMP,1,2.15116269261
KATMQ,1,4.09869527272
TAHMC,1,2.06763933705
HNLLQ,1,2.05162701906
PDSQL,1,2.64301578894
MQNTP,1,2.49101269549
YLSQN,1,2.73612519333
IFRTN,1,3.94471181514
LLQNP,1,2.33048639205
TDVIL,1,3.32108769405
SAWTP,1,3.95851761467
QHSHY,1,2.03251819611
VELDE,1,2.44394444184
TETME,1,3.28667766327
LHHHN,1,3.83566086688
SYVCT,1,2.7159473114
DTTYS,1,4.71594731139
PKPVM,1,2.0849289942
PETFQ,1,3.89532378818
DEMEQ,1,2.44534579701
TSQEP,1,2.79599664931
VTTKQ,1,3.98686224036
LQYSQ,1,3.16238994803
TTLSN,1,2.61828870303
MRSHP,1,2.15116269261
NTEIV,1,2.11052070811
TGTTP,1,2.72539878673
TGTTL,1,2.20911004181
YTIGS,1,3.68365777344
ASSIL,1,2.42800289797
HRPIP,1,2.10772343134
YNYTI,1,2.02563181052
ASLTL,1,2.75602475077
QVTQN,1,3.09869527272
EQWTD,1,2.03380574197
HWMMP,1,4.59962319343
SKNHL,1,2.58412209989
CHHIY,1,2.59259788195
YTLYQ,1,3.17864342903
SHAIL,1,2.01056436244
PSDIA,1,2.57566052114
HTRTL,1,2.05162701906
YNLQN,1,4.68859682325
HIDID,1,2.25968714939
DTQHP,1,2.77565355752
LATLL,1,3.30959205521
AHRQF,1,2.73612519333
LNVLK,1,2.66573586543
SLHPC,1,2.45372546263
TTKVP,1,4.01623311252
HAVLQ,1,2.35706699116
PKTIQ,1,2.55204212889
HTILH,1,2.09226900356
PTIYH,1,2.84715650572
LTISH,1,2.63990987807
VYSQT,1,2.0442474887
AESVQ,1,2.58250200422
RQNMN,1,2.42418118702
GILMP,1,2.41794923331
HQKIR,1,3.25015178724
LRPEP,1,2.49430727341
WKDTQ,1,2.42418118702
ITIET,1,2.31806000135
STYTP,1,3.99246494659
LTTIY,1,2.28044570955
AFTAN,1,4.00033779036
DTTIP,1,2.56620019189
LHLQQ,1,2.47309078749
HNPIH,1,2.63944917392
ATHHL,1,3.4730907875
RQYEN,1,3.42418118702
TATSD,1,2.61931152835
MTKAP,1,3.02563181053
AATLN,1,2.3087039696
LSLMS,1,2.513732772
HTYLP,1,2.04732688162
DRMDD,1,4.27090193688
NHPIN,1,2.95851761467
TYSIQ,1,2.10333416752
AYLDT,1,2.10535900299
QVNPM,1,2.61433671293
CESIM,1,2.77843599819
AHLHS,1,3.12935832229
QDLEA,1,3.32108769405
ITTHH,1,2.5974189225
SQTIV,1,2.26078718378
YSFAD,1,2.09869527271
PTFLP,1,3.83128242637
SFTQL,1,2.11052070812
YSTCP,1,3.58856800492
TWNTI,1,2.99665274355
QTYET,1,4.12635930161
ISQVR,1,2.22916520461
HPVVP,1,3.05238453813
QKLHP,1,2.15116269261
VTTSA,1,2.764980056
FRTMQ,1,3.24631992565
ICSIV,1,2.21529303003
TSQMP,1,3.41169024284
WIHML,1,2.41419709844
HHHIW,1,2.66773821835
YATRS,1,2.61059431125
IHRII,1,3.2642253571
TRYRN,1,2.32949993387
ITLMP,1,2.10860223038
YRLSQ,1,2.29412064645
PHEEP,1,3.11694697727
NTAIE,1,4.2680264503
KRPVP,1,3.27167549993
QAALN,1,3.48506342916
NTAIT,1,2.85898194112
AETWP,1,2.10617523783
RRMEN,1,2.77565355752
HTTIV,1,2.32108769405
PYFIT,1,2.08976214794
LHNHN,1,2.65123629575
VNAIH,1,2.04245643317
SRAIA,1,2.10451259931
MYTAQ,1,2.90605019477
DIFAA,1,2.62689612358
NPTNK,1,2.78343090811
TAAII,1,2.68167740931
TSRVT,1,2.43940766124
MSAWN,1,2.33558726375
PAALP,1,2.92054976447
DYMQN,1,3.25352441024
RYRLP,1,2.66573586543
EVIAP,1,2.027356491
TNTFD,1,2.89366647032
ALLHC,1,4.99443718892
QSTSY,1,3.00715238992
CDIHP,1,2.31869317891
QKTHD,1,3.68041576074
HKIWQ,1,3.08077336472
PHTSL,1,2.17002171986
QTLWN,1,3.04424748869
NYKYL,1,3.59962319343
TSLYS,1,4.180910036
SETHA,1,3.19380703002
PRTVH,1,2.51748490685
HGTLH,1,2.69548320883
SMNYP,1,2.67141950394
CNRLM,1,2.95851761467
PHWIS,1,3.17864342903
NMQIN,1,3.99551182215
PIHLP,1,2.79752573799
YWLNN,1,3.33048639206
QTPVH,1,2.10780632342
HATHV,1,2.92375219651
YTTMN,1,2.50871469723
SSLMK,1,3.75602475077
HATHF,1,2.19555681197
TTIAV,1,2.05805328822
STFRC,1,3.54072950437
TTIAH,1,2.28657181235
SEPVA,1,2.22916520461
ITNIP,1,3.2215520205
WHTFP,1,4.04840311818
HDQIH,1,2.33613157427
CHHIL,1,3.32108769405
EANVY,1,3.5497120691
WLFQP,1,2.50664334721
NPAIA,1,2.65366303314
PETVA,1,3.38980044413
DTSIT,1,2.19298286831
YEWHS,1,2.59532755459
LTLSE,1,2.52462108814
NHLHN,1,2.58412209989
NHLHS,1,3.45494344079
DLTQT,1,4.00201925331
PYPYA,1,2.6507337021
ENLYL,1,2.42749392105
QTLES,1,3.75602475077
RIVKT,1,2.98405270678
QITHN,1,4.08527475695
ENKHP,1,2.32701252801
NQYIP,1,2.07620063492
YHTKP,1,2.73612519333
LKPTN,1,3.49101269549
YLIEE,1,2.105359003
SEIQL,1,3.92054976447
