KISLT,0.5,2.94114935119,53.2782806346,411.706259982
QPLTH,0.5,2.33848484874,94.7169433503,481.997572661
EMRTQ,0.5,2.47598837249,88.797134391,497.059996807
QMCQA,0.5,4.56087727007,26.6391403173,632.621814118
HDSRM,0.5,4.00144986145,17.7594268782,286.186058768
HVHTY,0.5,2.06546635432,85.8372299113,361.498179496
LNVQS,0.5,2.73080227152,47.3584716752,316.310907059
NSYRA,0.5,2.14838196535,79.9174209519,356.477371447
PALSN,0.5,2.3183069668,71.0377075128,356.477371447
RRPAK,0.5,2.05308262987,38.4787582361,160.665857554
RRLNP,0.5,4.90326946752,11.8396179188,356.477371447
MTSLP,0.5,3.43159425312,14.7995223985,160.665857554
NICNP,0.5,2.57949294824,32.5589492767,195.811513894
MNSSP,0.5,2.31151780114,53.2782806346,266.102826573
KHSIY,0.5,2.80797013203,38.4787582361,271.123634622
HNTQI,0.5,2.92344734945,17.7594268782,135.561817311
PDSTA,0.5,2.64333943026,100.63675231,632.621814118
NQAYD,0.5,3.49768344359,29.599044797,336.394139253
GQKLS,0.5,3.38287896809,47.3584716752,497.059996807
NPTTN,0.5,4.3504574904,29.599044797,607.517773875
LFPDP,0.5,2.45396206616,59.198089594,326.352523156
ATARC,0.5,4.72621500201,29.599044797,788.266863623
YFTHG,0.5,4.47841510988,26.6391403173,597.476157778
IHADS,0.5,2.72035548408,32.5589492767,215.894746088
HSHAH,0.5,2.84098518927,11.8396179188,85.3537368255
QHPHV,0.5,3.15951470769,59.198089594,532.205653147
DTSMV,0.5,3.62141881201,29.599044797,366.518987545
NRVTT,0.5,2.57795078343,71.0377075128,426.768684127
PPFMQ,0.5,4.00144986146,11.8396179188,190.790705845
HTTLG,0.5,2.98059125656,65.1178985534,517.143229001
DDATQ,0.5,2.56087727007,53.2782806346,316.310907059
RDNIT,0.5,3.37410875847,59.198089594,617.559389972
QHTRH,0.5,2.86899956544,35.5188537564,261.082018525
HVSDE,0.5,4.87453774897,14.7995223985,436.810300224
YQSTY,0.5,2.62478903389,121.356083668,753.121207283
QDAHN,0.5,3.82126695465,38.4787582361,547.268077293
MNTSL,0.5,2.12275615768,35.5188537564,155.645049505
NLNLQ,0.5,2.03892456688,94.7169433503,391.623027787
NQKTN,0.5,2.73214869722,150.955128465,1009.18241776
ESHNH,0.5,2.26809552085,20.7193313579,100.416160971
TSIPL,0.5,2.52290941987,65.1178985534,376.560603642
SQSDT,0.5,3.30371943057,41.4386627158,411.706259982
SQTNQ,0.5,3.10550767676,168.714555343,1461.05514213
DSTRQ,0.5,2.23894917518,14.7995223985,70.2913126798
SSVNT,0.5,2.33848484873,29.599044797,150.624241457
SKQYH,0.5,3.21295396665,17.7594268782,165.686665602
HSSAQ,0.5,2.08367094971,103.596656789,441.831108273
PSPMN,0.5,3.07545044291,11.8396179188,100.416160971
SYCAN,0.5,3.16855984729,17.7594268782,160.665857554
HSAYV,0.5,3.46624039593,26.6391403173,296.227674865
PISMV,0.5,2.06763093844,109.516465749,461.914340467
HTAHS,0.5,3.83324954048,97.67684783,1400.80544555
YNGLP,0.5,2.91646091914,68.0778030331,517.143229001
VTLTG,0.5,2.72550797185,76.9575164722,512.122420953
QLISQ,0.5,2.64968653703,53.2782806346,336.394139253
PHCTL,0.5,3.44741922029,50.3183761549,552.288885341
KPPTP,0.5,2.84663175241,44.3985671955,321.331715108
FNTAS,0.5,2.75352234801,73.9976119925,502.080804856
KYPQP,0.5,3.73214869722,100.63675231,1345.57655701
SSPLQ,0.5,3.42594768998,23.6792358376,256.061210476
NYTRH,0.5,4.81817530636,44.3985671955,1260.22282019
FTTKG,0.5,2.92344734946,35.5188537564,271.123634622
NNQLH,0.5,3.73080227152,23.6792358376,316.310907059
KRTRG,0.5,2.21295396666,11.8396179188,55.2288885341
QTPYK,0.5,2.5457174629,121.356083668,712.954742895
RNKMQ,0.5,2.65534195408,56.2381851143,356.477371447
HYTDG,0.5,2.75352234801,100.63675231,682.829894604
KKPTM,0.5,2.00406580966,85.8372299113,346.43575535
NSPLQ,0.5,2.23414818892,127.275892627,602.496965827
TTSRM,0.5,2.59305767582,56.2381851143,341.414947302
QEHHT,0.5,2.50840985018,71.0377075128,406.685451933
KSTSN,0.5,3.594824602,17.7594268782,215.894746088
QKSHQ,0.5,2.4415783417,79.9174209519,436.810300224
KWNEH,0.5,2.21295396666,23.6792358376,110.457777068
QHNQP,0.5,2.18236564682,38.4787582361,175.728281699
STNLP,0.5,2.33848484873,32.5589492767,165.686665602
DLSNL,0.5,2.30811119969,47.3584716752,235.977978282
HCISQ,0.5,2.40122060408,44.3985671955,235.977978282
HQTNI,0.5,2.69212180335,53.2782806346,346.43575535
NPIDE,0.5,2.3998853934,68.0778030331,361.498179496
IEATY,0.5,2.62799146593,17.7594268782,110.457777068
NQSTV,0.5,3.00144986146,11.8396179188,95.3953529226
STNKN,0.5,4.61702034811,26.6391403173,657.725854361
DCTNY,0.5,3.64514618697,56.2381851143,707.933934846
TQNMH,0.5,2.28957524826,29.599044797,145.603433408
SMPMN,0.5,2.60151925457,44.3985671955,271.123634622
IYDLN,0.5,2.16855984729,26.6391403173,120.499393165
SSSNP,0.5,2.78594382571,32.5589492767,225.936362185
RKTQA,0.5,2.43159425313,59.198089594,321.331715108
RTPNL,0.5,2.18648175529,29.599044797,135.561817311
DSHSP,0.5,2.82806930138,97.67684783,697.892318749
TDAYT,0.5,2.52611185191,71.0377075128,411.706259982
HRNMN,0.5,7.22925577899,11.8396179188,1787.40766529
HAAQH,0.5,3.15041250058,44.3985671955,396.643835836
NTRTF,0.5,2.33848484873,127.275892627,647.684238264
HYNTH,0.5,2.32288799368,183.514077741,923.828680934
NDETE,0.5,2.911063625,76.9575164722,582.413733632
TKTDN,0.5,3.71875692986,62.1579940737,823.412519963
QHHSN,0.5,3.56087727008,11.8396179188,140.58262536
MSQSP,0.5,3.30811119969,47.3584716752,471.955956564
NIYHS,0.5,4.17673377874,32.5589492767,592.45534973
RTAPC,0.5,4.33848484873,14.7995223985,301.248482913
WKTNH,0.5,2.92344734946,11.8396179188,90.374544874
YSQQT,0.5,3.75352234801,14.7995223985,200.832321942
HQINT,0.5,2.72927480177,44.3985671955,296.227674865
PPTTL,0.5,3.66041294362,29.599044797,376.560603642
QTNQQ,0.5,2.32725759331,127.275892627,642.663430215
TKSWP,0.5,3.86899956544,26.6391403173,391.623027787
HYPIG,0.5,3.45396206616,11.8396179188,130.541009262
KTPTL,0.5,5.12607651597,20.7193313579,728.017167041
YSNNP,0.5,3.43424383154,50.3183761549,547.268077293
NTTHD,0.5,2.66041294363,11.8396179188,75.3121207283
TYESI,0.5,2.32337795634,94.7169433503,476.976764613
RMQIT,0.5,3.19830719069,53.2782806346,492.039188758
VSTPK,0.5,2.17673377873,195.35369566,888.683024594
LGHQP,0.5,2.25102200748,50.3183761549,240.998786331
NSNMN,0.5,2.17498611645,82.8773254316,376.560603642
YSNSY,0.5,2.94616742595,82.8773254316,642.663430215
STFTM,0.5,2.22300763131,115.436274708,542.247269244
CPTVS,0.5,2.50840985018,23.6792358376,135.561817311
TAMAA,0.5,3.37090632643,65.1178985534,677.809086555
RNQTP,0.5,3.31151780114,26.6391403173,266.102826573
VSVTT,0.5,2.51905709438,14.7995223985,85.3537368255
PTPQP,0.5,3.56087727007,14.7995223985,175.728281699
LQSQD,0.5,4.34846893731,71.0377075128,1456.03433408
LPTHV,0.5,4.40887417663,14.7995223985,316.310907059
LAETP,0.5,2.47436827682,79.9174209519,446.851916321
YHYST,0.5,4.05469188274,20.7193313579,346.43575535
ITTSQ,0.5,2.62799146593,17.7594268782,110.457777068
NNALE,0.5,2.33848484873,53.2782806346,271.123634622
YIPSP,0.5,2.51464180389,227.912644937,1310.43090067
ITKHP,0.5,2.33848484873,14.7995223985,75.3121207283
IRMPN,0.5,2.18648175529,29.599044797,135.561817311
SHFSP,0.5,3.37801321292,35.5188537564,371.539795593
PAQIT,0.5,2.73149604168,97.67684783,652.705046312
GTPKV,0.5,2.94494841866,109.516465749,848.516560206
KIYQT,0.5,3.96297571365,11.8396179188,185.769897797
ATADT,0.5,2.97591476935,44.3985671955,351.456563399
PDFKA,0.5,2.66041294362,23.6792358376,150.624241457
NITLG,0.5,2.54707147055,44.3985671955,261.082018525
ANTMT,0.5,3.75352234801,17.7594268782,240.998786331
LTCTE,0.5,2.36545189633,156.874937424,813.370903866
TTKHT,0.5,3.03555771578,65.1178985534,537.226461195
QEPHQ,0.5,3.54284334724,68.0778030331,798.30847972
CKHNL,0.5,3.82126695465,38.4787582361,547.268077293
SKTSY,0.5,2.62799146593,35.5188537564,220.915554136
SICLD,0.5,3.64104761876,73.9976119925,928.849488983
NTATY,0.5,2.0754504429,82.8773254316,351.456563399
KTVTN,0.5,2.33848484873,41.4386627158,210.873938039
FMMTR,0.5,3.89857268082,38.4787582361,577.392925584
CSVAS,0.5,4.0754504429,17.7594268782,301.248482913
IKSDP,0.5,4.34514857902,53.2782806346,1089.51534654
CHSES,0.5,2.44741922029,50.3183761549,276.144442671
DFQTE,0.5,5.11107435264,11.8396179188,411.706259982
NQKQT,0.5,2.2625359955,38.4787582361,185.769897797
CLMTN,0.5,4.28957524825,14.7995223985,291.206866816
HSTTF,0.5,2.01655675385,14.7995223985,60.2496965827
HHPIS,0.5,2.75352234802,20.7193313579,140.58262536
SQTKQ,0.5,3.10715930263,26.6391403173,230.957170234
PFRTL,0.5,2.16855984729,26.6391403173,120.499393165
TTSQV,0.5,2.92344734946,41.4386627158,316.310907059
TGHFI,0.5,3.33848484873,17.7594268782,180.749089748
QMFDQ,0.5,3.53488206154,23.6792358376,276.144442671
YNSHI,0.5,2.8239116759,29.599044797,210.873938039
PLTQT,0.5,4.53779365696,26.6391403173,622.580198021
NQEQT,0.5,2.8239116759,29.599044797,210.873938039
SAFRC,0.5,2.59002361573,41.4386627158,251.040402428
SESSP,0.5,2.56087727007,94.7169433503,562.330501438
YYNHC,0.5,3.84098518926,17.7594268782,256.061210476
NTMSQ,0.5,3.0754504429,14.7995223985,125.520201214
HPPTL,0.5,4.23894917518,14.7995223985,281.165250719
QLPTE,0.5,2.61950500005,91.7570388707,567.351309487
QIYRN,0.5,2.69693881965,38.4787582361,251.040402428
DKCYT,0.5,3.01225661641,41.4386627158,336.394139253
REFQH,0.5,3.33848484873,23.6792358376,240.998786331
ASRLN,0.5,2.01655675385,14.7995223985,60.2496965827
ESSTT,0.5,3.98484789412,68.0778030331,1084.49453849
HAWQS,0.5,2.82881047532,41.4386627158,296.227674865
DPKMN,0.5,2.56087727008,11.8396179188,70.2913126798
CTTDA,0.5,2.23894917518,14.7995223985,70.2913126798
PGREA,0.5,3.78326969141,17.7594268782,246.019594379
PMTRT,0.5,5.19646584387,11.8396179188,436.810300224
QGNAL,0.5,4.5401187099,14.7995223985,346.43575535
LRPTH,0.5,3.38477850101,136.155606066,1430.93029384
NNLTH,0.5,3.0754504429,56.2381851143,476.976764613
NEHHT,0.5,4.54608026814,20.7193313579,487.01838071
ITRTN,0.5,2.64104761876,29.599044797,185.769897797
NFAQP,0.5,3.75352234801,17.7594268782,240.998786331
DDHLH,0.5,2.19409493939,20.7193313579,95.3953529226
MVRTQ,0.5,2.42337374632,32.5589492767,175.728281699
SYHTY,0.5,3.43159425312,14.7995223985,160.665857554
LDTKT,0.5,2.51905709438,73.9976119925,426.768684127
QHAAP,0.5,2.47278594045,121.356083668,677.809086555
TSVRS,0.5,2.43159425312,14.7995223985,80.3329287769
IHTTI,0.5,2.07545044291,11.8396179188,50.2080804856
THFGQ,0.5,2.0754504429,23.6792358376,100.416160971
NTTPL,0.5,2.44084656636,201.273504619,1099.55696263
DQHMI,0.5,2.1757553487,73.9976119925,336.394139253
KQQSP,0.5,2.1254911254,50.3183761549,220.915554136
DHSAP,0.5,4.38579056351,14.7995223985,311.29009901
NHINH,0.5,3.56087727006,82.8773254316,984.078377517
SSIRS,0.5,4.12275615768,17.7594268782,311.29009901
HSQTL,0.5,3.18648175529,44.3985671955,406.685451933
KQTQH,0.5,2.44789606545,162.794746383,893.703832643
DDSLN,0.5,2.75352234801,23.6792358376,160.665857554
NHTFC,0.5,4.29578039778,59.198089594,1169.84827531
SNSSP,0.5,2.04302896521,53.2782806346,220.915554136
PVTST,0.5,2.13685098756,204.233409099,903.74544874
DKKDD,0.5,4.43802052229,20.7193313579,451.87272437
LNMTH,0.5,3.41089334426,201.273504619,2153.92665283
YFTNR,0.5,2.94853833042,56.2381851143,436.810300224
NPTRP,0.5,2.80797013203,38.4787582361,271.123634622
KIEQN,0.5,3.1757553487,73.9976119925,672.788278506
MTQWI,0.5,2.04302896521,53.2782806346,220.915554136
ILQQP,0.5,2.16855984729,71.0377075128,321.331715108
STHYA,0.5,2.0754504429,59.198089594,251.040402428
NSISM,0.5,3.84098518927,11.8396179188,170.707473651
STNFH,0.5,3.71288036352,26.6391403173,351.456563399
PQPCS,0.5,2.51251424851,38.4787582361,220.915554136
YYCDS,0.5,2.85972175185,106.556561269,778.225247526
YLITS,0.5,3.16855984729,17.7594268782,160.665857554
NSDLP,0.5,4.24180882932,26.6391403173,507.101612904
PLELS,0.5,2.85305802156,20.7193313579,150.624241457
PLPTD,0.5,2.40679086213,162.794746383,868.5997924
DMAQN,0.5,2.00917722348,145.035319505,587.434541681
KMTTF,0.5,3.75352234801,20.7193313579,281.165250719
AYCMS,0.5,2.69212180335,53.2782806346,346.43575535
HLCMN,0.5,3.1940949394,20.7193313579,190.790705845
RPTQF,0.5,2.03363026721,20.7193313579,85.3537368255
CLAHQ,0.5,2.66041294362,35.5188537564,225.936362185
SNITQ,0.5,4.56087727007,17.7594268782,421.747876079
KTLLG,0.5,3.1685598473,35.5188537564,321.331715108
SQHHA,0.5,2.27898383698,97.67684783,476.976764613
YNNQN,0.5,3.50484323516,44.3985671955,507.101612904
HAFNP,0.5,2.47598837249,59.198089594,331.373331205
YIPTH,0.5,2.31151780114,53.2782806346,266.102826573
NHPHN,0.5,3.02654084242,17.7594268782,145.603433408
NSHKN,0.5,3.89102587176,44.3985671955,662.746662409
QNAEN,0.5,2.67952176656,14.7995223985,95.3953529226
CSRLT,0.5,2.41648736074,35.5188537564,190.790705845
TCEQP,0.5,2.32641201644,118.396179188,597.476157778
MHSTY,0.5,3.03645631129,44.3985671955,366.518987545
YTSNV,0.5,2.75352234802,29.599044797,200.832321942
THVTS,0.5,2.21295396666,11.8396179188,55.2288885341
DCSKL,0.5,2.19932210106,85.8372299113,396.643835836
TYNHH,0.5,3.28601742884,41.4386627158,406.685451933
SKHYP,0.5,3.00144986146,11.8396179188,95.3953529226
MSQHT,0.5,3.10550767676,56.2381851143,487.01838071
SNEQN,0.5,2.75352234801,41.4386627158,281.165250719
QMTTQ,0.5,2.33848484873,14.7995223985,75.3121207283
RSRTP,0.5,3.47934738457,38.4787582361,431.789492176
TLHSP,0.5,3.10900300261,100.63675231,873.620600449
VNLTI,0.5,2.09455926585,44.3985671955,190.790705845
CVSHI,0.5,5.21295396665,23.6792358376,883.662216546
HTLNA,0.5,2.80414842108,20.7193313579,145.603433408
KQWTQ,0.5,2.0754504429,65.1178985534,276.144442671
EPTQI,0.5,2.96297571364,47.3584716752,371.539795593
SRPLD,0.5,2.98618310481,29.599044797,235.977978282
RATHK,0.5,3.33848484873,14.7995223985,150.624241457
QEQTC,0.5,2.59679684432,100.63675231,612.538581924
NLTEI,0.5,4.12275615768,35.5188537564,622.580198021
PRPNP,0.5,2.15562079158,82.8773254316,371.539795593
STEHH,0.5,2.02361151138,50.3183761549,205.853129991
YDYNQ,0.5,2.33848484873,17.7594268782,90.374544874
EQSNN,0.5,2.20418375702,44.3985671955,205.853129991
SSAHQ,0.5,3.75352234801,71.0377075128,963.995145323
MNLTS,0.5,4.58134137263,14.7995223985,356.477371447
NSTKL,0.5,2.16855984729,17.7594268782,80.3329287769
QYGTI,0.5,3.59224144098,38.4787582361,466.935148516
PTDLC,0.5,3.28601742884,41.4386627158,406.685451933
INASP,0.5,3.33848484873,17.7594268782,180.749089748
DTKNQ,0.5,3.23156964482,20.7193313579,195.811513894
NHNHF,0.5,3.76847268948,35.5188537564,487.01838071
NHSHY,0.5,4.16855984729,26.6391403173,481.997572661
DCHKA,0.5,2.01655675385,29.599044797,120.499393165
ICQQQ,0.5,3.18138388765,186.473982221,1702.05392846
NMTYS,0.5,3.1632460474,150.955128465,1360.63898116
CSTNE,0.5,2.51251424851,38.4787582361,220.915554136
GICQN,0.5,2.67408788052,41.4386627158,266.102826573
NSMNC,0.5,2.82512708882,334.469206206,2384.88382306
NACYK,0.5,2.50354409501,32.5589492767,185.769897797
LNPQQ,0.5,2.4055990446,20.7193313579,110.457777068
RKTSN,0.5,2.12030467869,56.2381851143,246.019594379
NENTM,0.5,3.31361018009,115.436274708,1154.78585117
GRDNL,0.5,2.41648736073,17.7594268782,95.3953529226
RTPLE,0.5,3.89648030185,17.7594268782,266.102826573
TLLNQ,0.5,2.93284604746,50.3183761549,386.602219739
HTIGK,0.5,3.21295396665,17.7594268782,165.686665602
NNPQY,0.5,2.36823219213,94.7169433503,492.039188758
YMRTM,0.5,2.2625359955,38.4787582361,185.769897797
PKARN,0.5,3.15041250058,44.3985671955,396.643835836
HSNQN,0.5,3.77736908997,44.3985671955,612.538581924
KSTYE,0.5,2.70105492812,20.7193313579,135.561817311
NRYYS,0.5,5.15951470769,14.7995223985,532.205653147
SINAC,0.5,4.80414842108,20.7193313579,582.413733632
DLATD,0.5,3.21295396665,41.4386627158,386.602219739
TTTNW,0.5,2.33848484873,38.4787582361,195.811513894
HIPLN,0.5,2.62141881201,59.198089594,366.518987545
YSNQH,0.5,2.95997322548,38.4787582361,301.248482913
MYDSY,0.5,2.32022264234,156.874937424,788.266863623
SSTDS,0.5,2.92344734946,47.3584716752,361.498179496
EFSNQ,0.5,3.10715930263,26.6391403173,230.957170234
KSMWH,0.5,2.45613643739,150.955128465,833.45413606
ASPRP,0.5,3.69212180335,17.7594268782,230.957170234
HTPNY,0.5,2.17673377874,65.1178985534,296.227674865
IIGQN,0.5,3.78914625774,14.7995223985,205.853129991
THRFS,0.5,5.02298302301,20.7193313579,677.809086555
NPTHP,0.5,2.6238870676,94.7169433503,587.434541681
SQPSL,0.5,2.4415783417,26.6391403173,145.603433408
AETNH,0.5,2.79791646737,23.6792358376,165.686665602
TQQMT,0.5,5.0203088887,23.6792358376,773.204439478
KTSRP,0.5,3.22745353635,26.6391403173,251.040402428
DTAHT,0.5,4.40377630899,26.6391403173,567.351309487
QTNLF,0.5,2.21295396665,71.0377075128,331.373331205
RSAQA,0.5,2.68728864961,115.436274708,748.100399235
QCTTT,0.5,2.02717042788,233.832453896,958.974337274
WTSTT,0.5,3.05308262987,38.4787582361,321.331715108
MLHTD,0.5,2.00144986146,47.3584716752,190.790705845
CNNIR,0.5,3.1458397708,35.5188537564,316.310907059
HKIST,0.5,4.0754504429,20.7193313579,351.456563399
CLAMT,0.5,2.80188536958,65.1178985534,456.893532419
RTQMH,0.5,3.9861831048,14.7995223985,235.977978282
KRTSY,0.5,3.0754504429,26.6391403173,225.936362185
NDSLN,0.5,4.56087727007,14.7995223985,351.456563399
IKAHV,0.5,3.59002361573,20.7193313579,251.040402428
SHMQT,0.5,2.43159425312,14.7995223985,80.3329287769
NTRQQ,0.5,2.1254911254,50.3183761549,220.915554136
CKYYD,0.5,3.0754504429,29.599044797,251.040402428
ILSTE,0.5,3.04630409724,29.599044797,246.019594379
LPPHP,0.5,3.40887417663,29.599044797,316.310907059
CEKRD,0.5,2.27289650711,44.3985671955,215.894746088
ISSLV,0.5,3.61977095912,71.0377075128,878.641408497
SSHKN,0.5,2.50354409501,32.5589492767,185.769897797
AHNPR,0.5,2.33848484873,32.5589492767,165.686665602
HLYTR,0.5,2.46972938201,165.754650863,923.828680934
NRNSL,0.5,4.21295396666,11.8396179188,220.915554136
KNTLS,0.5,2.01655675385,14.7995223985,60.2496965827
CNIQS,0.5,2.0754504429,76.9575164722,326.352523156
HPSWM,0.5,2.1685598473,35.5188537564,160.665857554
CEFKN,0.5,3.70105492812,20.7193313579,271.123634622
GSISA,0.5,2.14256463876,62.1579940737,276.144442671
PSTSN,0.5,2.21295396666,11.8396179188,55.2288885341
SPNFP,0.5,3.49048794218,53.2782806346,602.496965827
KACEA,0.5,2.05608511804,44.3985671955,185.769897797
SHTKI,0.5,4.20198284883,35.5188537564,657.725854361
WSSNS,0.5,2.05308262987,38.4787582361,160.665857554
WKPRP,0.5,2.40122060408,44.3985671955,235.977978282
HGSTN,0.5,4.69212180335,17.7594268782,461.914340467
LRKTA,0.5,2.59002361573,20.7193313579,125.520201214
LNSLD,0.5,2.594824602,35.5188537564,215.894746088
TQHYH,0.5,2.69212180335,35.5188537564,230.957170234
NYATI,0.5,2.35497297152,85.8372299113,441.831108273
NNHAP,0.5,4.00144986146,47.3584716752,763.162823381
DAHYA,0.5,2.38579056352,29.599044797,155.645049505
LMSHT,0.5,4.13599198484,20.7193313579,366.518987545
DITNQ,0.5,3.27708430407,47.3584716752,461.914340467
HATDK,0.5,2.24290718876,76.9575164722,366.518987545
THHYS,0.5,3.50484323516,44.3985671955,507.101612904
PTKAQ,0.5,2.10144565143,65.1178985534,281.165250719
NAKTL,0.5,2.41063463449,38.4787582361,205.853129991
LCEFQ,0.5,3.56087727007,20.7193313579,246.019594379
QELTG,0.5,4.1458397708,11.8396179188,210.873938039
LSPQP,0.5,3.0754504429,20.7193313579,175.728281699
TKHWA,0.5,2.33848484873,26.6391403173,135.561817311
GNSQQ,0.5,3.58359734657,53.2782806346,642.663430215
SITKN,0.5,2.66913016072,65.1178985534,416.72706803
DSTTI,0.5,3.33848484874,35.5188537564,361.498179496
DPYIS,0.5,2.67952176657,29.599044797,190.790705845
CSTKM,0.5,3.0754504429,35.5188537564,301.248482913
GKRLT,0.5,3.92344734946,11.8396179188,180.749089748
YCPQN,0.5,2.33848484873,26.6391403173,135.561817311
SYNSE,0.5,3.1940949394,20.7193313579,190.790705845
GFSYY,0.5,3.15207172451,32.5589492767,291.206866816
MNPIT,0.5,3.2703958589,139.115510546,1350.59736506
YTRTH,0.5,2.23894917518,73.9976119925,351.456563399
SPTEM,0.5,2.21295396666,11.8396179188,55.2288885341
TNSVS,0.5,2.0754504429,59.198089594,251.040402428
SCREA,0.5,2.18648175529,59.198089594,271.123634622
CLTRH,0.5,3.00986210127,53.2782806346,431.789492176
DNISA,0.5,2.75352234801,47.3584716752,321.331715108
LDEHA,0.5,5.26448426729,14.7995223985,572.372117535
QTHHI,0.5,2.87551287239,50.3183761549,371.539795593
LNSTP,0.5,2.07545044291,11.8396179188,50.2080804856
TQMTS,0.5,2.06164464338,62.1579940737,261.082018525
SKPQP,0.5,2.33848484873,26.6391403173,135.561817311
KNLAQ,0.5,3.41063463449,38.4787582361,411.706259982
FRMNQ,0.5,3.98381996744,38.4787582361,612.538581924
DHHSN,0.5,2.81241603707,35.5188537564,251.040402428
KNATP,0.5,2.92344734946,35.5188537564,271.123634622
PLPVT,0.5,2.46721816286,73.9976119925,411.706259982
LAHQP,0.5,2.0754504429,53.2782806346,225.936362185
AKLTS,0.5,5.11809478031,14.7995223985,517.143229001
PHTTY,0.5,2.53112992668,62.1579940737,361.498179496
WKESQ,0.5,3.26597234895,50.3183761549,487.01838071
NLTQN,0.5,3.14583977079,71.0377075128,632.621814118
YLTSI,0.5,5.02654084242,26.6391403173,873.620600449
QLQNC,0.5,2.93794691915,32.5589492767,251.040402428
TGSQP,0.5,3.28601742884,41.4386627158,406.685451933
DNPTY,0.5,2.28076935088,50.3183761549,246.019594379
QNAKL,0.5,2.89648030186,35.5188537564,266.102826573
YSMGP,0.5,2.77458396354,50.3183761549,346.43575535
VTDQC,0.5,3.70461274753,44.3985671955,582.413733632
PCAET,0.5,4.28601742884,20.7193313579,406.685451933
HFSTE,0.5,2.33848484873,20.7193313579,105.43696902
TPPTM,0.5,2.1520717245,65.1178985534,291.206866816
NQSHN,0.5,2.32920703515,153.915032944,778.225247526
KTSDN,0.5,4.10401959509,14.7995223985,256.061210476
HSLNS,0.5,3.06285040612,204.233409099,1717.11635261
YNSTM,0.5,2.07545044291,11.8396179188,50.2080804856
SRHYN,0.5,2.83152486002,26.6391403173,190.790705845
DVCSL,0.5,4.43159425312,44.3985671955,963.995145323
LKINS,0.5,2.62423933107,103.596656789,642.663430215
FSAFG,0.5,3.0754504429,14.7995223985,125.520201214
GAYWT,0.5,3.09747674923,76.9575164722,662.746662409
HNRQT,0.5,2.39397996133,50.3183761549,266.102826573
CFSHM,0.5,3.89102587176,14.7995223985,220.915554136
QPFVT,0.5,2.22886035756,121.356083668,572.372117535
QSTLS,0.5,2.66041294363,11.8396179188,75.3121207283
KYINN,0.5,2.14054547112,38.4787582361,170.707473651
KSNNY,0.5,3.13203397127,14.7995223985,130.541009262
LCHQT,0.5,2.75352234801,14.7995223985,100.416160971
PSMKP,0.5,2.99453044752,32.5589492767,261.082018525
STYMS,0.5,4.84098518927,11.8396179188,341.414947302
NHTQF,0.5,2.64882496935,73.9976119925,466.935148516
PHAQD,0.5,3.41648736074,17.7594268782,190.790705845
HGPQQ,0.5,2.6466071441,62.1579940737,391.623027787
PMSHH,0.5,2.66041294363,11.8396179188,75.3121207283
QLHDP,0.5,2.67551983601,56.2381851143,361.498179496
HNTNE,0.5,2.17436546898,91.7570388707,416.72706803
AKTKN,0.5,2.17802017654,56.2381851143,256.061210476
LHTKQ,0.5,3.99056154532,20.7193313579,331.373331205
SITSI,0.5,3.86503066323,41.4386627158,607.517773875
DNHYI,0.5,3.62799146593,35.5188537564,441.831108273
IFTTG,0.5,2.94114935119,26.6391403173,205.853129991
RSQHN,0.5,2.33848484873,29.599044797,150.624241457
IHNET,0.5,4.76350643659,26.6391403173,728.017167041
THNNL,0.5,4.21295396665,14.7995223985,276.144442671
CALNQ,0.5,3.90552544146,26.6391403173,401.664643884
TEHTN,0.5,4.15951470769,59.198089594,1064.41130629
NDTTN,0.5,2.90552544146,159.834841904,1204.99393165
HDQQP,0.5,2.06611257832,91.7570388707,386.602219739
IANQM,0.5,2.1160924274,41.4386627158,180.749089748
SPIDE,0.5,3.80880478351,47.3584716752,667.767470458
NSAKM,0.5,2.56087727007,53.2782806346,316.310907059
EACAF,0.5,2.82677133004,71.0377075128,507.101612904
HFNQH,0.5,2.69212180335,17.7594268782,115.478585117
LQFST,0.5,2.66681071483,88.797134391,567.351309487
NNPSP,0.5,2.09232426147,50.3183761549,215.894746088
HRNVS,0.5,4.17306123953,29.599044797,537.226461195
IKSHH,0.5,3.22601011948,59.198089594,557.30969339
TPRNN,0.5,2.39095226863,26.6391403173,140.58262536
SARTP,0.5,4.69693881965,38.4787582361,1004.16160971
QYRWH,0.5,2.86899956543,26.6391403173,195.811513894
GMLST,0.5,3.01655675385,29.599044797,240.998786331
HTATY,0.5,3.0481430969,94.7169433503,788.266863623
PKNTP,0.5,2.25102200748,50.3183761549,240.998786331
TNNTP,0.5,2.21295396666,11.8396179188,55.2288885341
RYNRC,0.5,2.57949294824,32.5589492767,195.811513894
YHETN,0.5,3.98003087782,73.9976119925,1174.86908336
PCKLT,0.5,2.94616742596,41.4386627158,321.331715108
YTRSI,0.5,2.85305802156,20.7193313579,150.624241457
NAHTL,0.5,3.08344323365,106.556561269,908.766256789
IRSTP,0.5,2.94991956082,35.5188537564,276.144442671
TSSFI,0.5,4.50840985018,11.8396179188,271.123634622
TTQHT,0.5,2.93794691915,32.5589492767,251.040402428
CGTET,0.5,3.31645854241,32.5589492767,326.352523156
MFSHD,0.5,2.31540123562,62.1579940737,311.29009901
YANLN,0.5,2.57664458593,76.9575164722,461.914340467
DRPFQ,0.5,2.40122060409,88.797134391,471.955956564
VANVT,0.5,3.77398645058,103.596656789,1425.90948579
YTSTA,0.5,2.29666467305,103.596656789,512.122420953
QPIDM,0.5,3.5331322796,88.797134391,1034.286458
HHNLQ,0.5,2.82391167591,73.9976119925,527.184845098
MHSWK,0.5,3.78914625774,14.7995223985,205.853129991
RKHHC,0.5,3.67952176657,14.7995223985,190.790705845
YLNSC,0.5,2.50198358102,73.9976119925,421.747876079
LHMTM,0.5,3.89102587176,14.7995223985,220.915554136
STSKP,0.5,3.75352234801,59.198089594,803.329287769
NITHH,0.5,4.20603455272,56.2381851143,1044.3280741
ISSQT,0.5,2.96297571365,23.6792358376,185.769897797
PGWSP,0.5,3.77589016104,23.6792358376,326.352523156
HNTNP,0.5,3.19830719069,26.6391403173,246.019594379
DANED,0.5,2.05837692954,50.3183761549,210.873938039
PSMSN,0.5,3.28957524825,14.7995223985,145.603433408
NASMH,0.5,4.0754504429,14.7995223985,251.040402428
DTNYC,0.5,2.90880057349,32.5589492767,246.019594379
PHTQH,0.5,3.0754504429,50.3183761549,426.768684127
WGTQS,0.5,5.39737853779,14.7995223985,627.601006069
WSSTH,0.5,3.30371943057,20.7193313579,205.853129991
WSSTK,0.5,3.50559483457,56.2381851143,642.663430215
TNVTW,0.5,4.02201118394,65.1178985534,1064.41130629
HYTGT,0.5,3.24828703976,32.5589492767,311.29009901
HTWNT,0.5,4.12275615768,26.6391403173,466.935148516
HAPMP,0.5,2.44441829349,103.596656789,567.351309487
DWRTN,0.5,2.45396206616,47.3584716752,261.082018525
NTCTL,0.5,3.1160924274,20.7193313579,180.749089748
FYNTT,0.5,3.42594768998,23.6792358376,256.061210476
SRNTL,0.5,2.93185958927,56.2381851143,431.789492176
TSYSH,0.5,3.72752713948,20.7193313579,276.144442671
CKTSC,0.5,2.80082806279,44.3985671955,311.29009901
LMRTK,0.5,2.20098132498,32.5589492767,150.624241457
HAMSW,0.5,3.1458397708,11.8396179188,105.43696902
KITTI,0.5,3.6229382382,38.4787582361,476.976764613
KDFMN,0.5,2.60151925456,14.7995223985,90.374544874
YQHMT,0.5,3.75352234801,23.6792358376,321.331715108
HSQKI,0.5,2.15562079159,41.4386627158,185.769897797
TTKDH,0.5,3.1458397708,35.5188537564,316.310907059
NPRHI,0.5,2.56087727007,59.198089594,351.456563399
MQCAQ,0.5,2.1160924274,20.7193313579,90.374544874
QSHIT,0.5,4.11107435264,11.8396179188,205.853129991
QSNSP,0.5,2.42775218683,139.115510546,753.121207283
PAQFE,0.5,3.42594768998,23.6792358376,256.061210476
WGDLP,0.5,3.42594768998,23.6792358376,256.061210476
RSTTH,0.5,2.65766233261,103.596656789,657.725854361
IYQSF,0.5,3.25602268854,35.5188537564,341.414947302
NMNQC,0.5,3.31151780114,26.6391403173,266.102826573
MSCNP,0.5,2.49048794218,35.5188537564,200.832321942
SQPEH,0.5,2.69541939345,56.2381851143,366.518987545
FCKET,0.5,3.54608026814,41.4386627158,487.01838071
QTVSH,0.5,5.35178167135,26.6391403173,1094.53615459
GNETE,0.5,2.07545044291,11.8396179188,50.2080804856
PHHIG,0.5,3.27708430408,11.8396179188,115.478585117
HTNQQ,0.5,2.48144280258,47.3584716752,266.102826573
CMTTT,0.5,3.15111471284,76.9575164722,687.850702652
TSLNS,0.5,2.07545044291,11.8396179188,50.2080804856
NVTHH,0.5,3.66041294362,23.6792358376,301.248482913
NHRET,0.5,3.09055733529,56.2381851143,481.997572661
KVLSV,0.5,3.75352234802,11.8396179188,160.665857554
HMITI,0.5,3.3635758297,56.2381851143,582.413733632
QKVNI,0.5,2.92344734946,11.8396179188,90.374544874
RTCSP,0.5,2.83274903917,91.7570388707,657.725854361
NLSLH,0.5,3.22167118375,44.3985671955,416.72706803
NNYRH,0.5,3.27708430408,11.8396179188,115.478585117
QLCTM,0.5,2.09455926585,44.3985671955,190.790705845
SHWLT,0.5,2.64104761876,29.599044797,185.769897797
PAPDP,0.5,2.1254911254,50.3183761549,220.915554136
QHTTK,0.5,2.69212180335,88.797134391,577.392925584
TLVDI,0.5,4.43534638799,17.7594268782,386.602219739
RQTSR,0.5,2.41063463449,38.4787582361,205.853129991
EIQTH,0.5,3.8239116759,14.7995223985,210.873938039
SNNFN,0.5,3.75352234801,29.599044797,401.664643884
PTPRP,0.5,3.18648175529,44.3985671955,406.685451933
NNQFN,0.5,2.22996039196,68.0778030331,321.331715108
WNQQN,0.5,2.71288036352,26.6391403173,175.728281699
KANRP,0.5,3.3973785378,11.8396179188,125.520201214
NHQNL,0.5,2.39737853779,47.3584716752,251.040402428
YMNSN,0.5,3.03892456687,23.6792358376,195.811513894
TGITY,0.5,2.25602268855,35.5188537564,170.707473651
EHPSP,0.5,2.38155357063,65.1178985534,341.414947302
SKPWP,0.5,3.92344734946,20.7193313579,316.310907059
KNTRY,0.5,2.16855984729,62.1579940737,281.165250719
GDSTC,0.5,4.3183069668,17.7594268782,356.477371447
HDYKQ,0.5,2.55260965409,73.9976119925,436.810300224
YRTKT,0.5,3.57664458593,38.4787582361,461.914340467
HGQLP,0.5,2.72550797185,76.9575164722,512.122420953
LKHSM,0.5,2.42094700893,50.3183761549,271.123634622
DPGMP,0.5,2.02100265888,79.9174209519,326.352523156
STSHT,0.5,3.54011870991,29.599044797,346.43575535
LYHTQ,0.5,2.33848484874,142.075415026,722.996358992
HWNTN,0.5,5.21295396666,11.8396179188,441.831108273
QSFKP,0.5,3.23894917518,29.599044797,281.165250719
YKGTE,0.5,4.95515620918,29.599044797,923.828680934
LCRES,0.5,3.39737853779,59.198089594,627.601006069
TMTNT,0.5,3.88737809475,53.2782806346,793.287671672
NPRFP,0.5,2.43159425313,103.596656789,562.330501438
CYLND,0.5,2.16232789358,85.8372299113,386.602219739
ENHYT,0.5,2.15687804225,91.7570388707,411.706259982
NTHTL,0.5,3.09929718486,35.5188537564,306.269290962
NMQLH,0.5,3.28957524825,14.7995223985,145.603433408
HAPHV,0.5,2.22415217326,103.596656789,487.01838071
STRCI,0.5,3.30371943057,20.7193313579,205.853129991
HQQTL,0.5,3.50246058385,53.2782806346,607.517773875
QTGVH,0.5,2.23156964482,41.4386627158,195.811513894
TERTM,0.5,3.86899956543,17.7594268782,261.082018525
TSQHD,0.5,2.33848484873,50.3183761549,256.061210476
STHHN,0.5,2.37019370846,44.3985671955,230.957170234
TTFRT,0.5,3.08717973549,145.035319505,1240.13958799
HEHTP,0.5,2.11107435263,94.7169433503,411.706259982
DQNRP,0.5,3.24537544434,23.6792358376,225.936362185
FFPTY,0.5,2.11107435263,47.3584716752,205.853129991
RTTNV,0.5,4.44540005265,38.4787582361,843.495752157
AVRTP,0.5,2.23894917518,14.7995223985,70.2913126798
ISTPH,0.5,2.12698074354,65.1178985534,286.186058768
QSTNC,0.5,3.05469188274,41.4386627158,346.43575535
DTYMT,0.5,2.15207172451,32.5589492767,145.603433408
QENTN,0.5,2.26809552084,82.8773254316,401.664643884
PTQLH,0.5,2.90036373634,62.1579940737,466.935148516
TRLSS,0.5,2.94991956082,35.5188537564,276.144442671
NTRHC,0.5,3.18648175529,44.3985671955,406.685451933
YRHSP,0.5,2.42337374632,32.5589492767,175.728281699
SQSRN,0.5,2.40559904459,62.1579940737,331.373331205
QQTAS,0.5,2.33848484873,26.6391403173,135.561817311
YCHTL,0.5,3.05308262987,38.4787582361,321.331715108
YCHTQ,0.5,2.95230221213,65.1178985534,507.101612904
SASHD,0.5,2.48287475807,112.476370229,632.621814118
YRPEH,0.5,4.56087727007,17.7594268782,421.747876079
HRMTW,0.5,3.53488206154,23.6792358376,276.144442671
NCSQP,0.5,2.94853833042,56.2381851143,436.810300224
HVNVS,0.5,3.37243218066,62.1579940737,647.684238264
DQYNQ,0.5,2.39242365585,103.596656789,547.268077293
TYQTV,0.5,3.67779502185,130.235797107,1676.94988822
NTTWW,0.5,3.92344734946,35.5188537564,542.247269244
KAITN,0.5,2.0754504429,41.4386627158,175.728281699
ANTSP,0.5,2.56087727008,11.8396179188,70.2913126798
LRHHY,0.5,3.00144986146,11.8396179188,95.3953529226
NLTTP,0.5,2.36918164596,91.7570388707,476.976764613
QLPFA,0.5,2.45396206616,35.5188537564,195.811513894
SSSHD,0.5,2.53779365696,53.2782806346,311.29009901
YTAKP,0.5,3.1006877344,100.63675231,868.5997924
RCSEY,0.5,4.68763441236,20.7193313579,537.226461195
RQNEN,0.5,2.21295396665,35.5188537564,165.686665602
GTHFI,0.5,2.97591476935,17.7594268782,140.58262536
TTINS,0.5,3.67551983601,56.2381851143,722.996358992
TMNWQ,0.5,3.54359927864,35.5188537564,416.72706803
RTLTT,0.5,3.05837692954,50.3183761549,421.747876079
FPAYP,0.5,2.23894917519,29.599044797,140.58262536
HSTNC,0.5,2.16855984729,26.6391403173,120.499393165
TSHSN,0.5,2.7916574769,82.8773254316,577.392925584
YTPTN,0.5,3.24537544434,47.3584716752,451.87272437
MSPQP,0.5,2.66041294363,11.8396179188,75.3121207283
DSNTE,0.5,4.61859276793,20.7193313579,512.122420953
VNNTL,0.5,2.51682208999,112.476370229,647.684238264
PPHTP,0.5,4.59482460199,17.7594268782,431.789492176
DPGHP,0.5,2.22064835844,50.3183761549,235.977978282
DNHHQ,0.5,4.00144986146,29.599044797,476.976764613
FATTI,0.5,3.03892456687,23.6792358376,195.811513894
CITSS,0.5,2.75352234801,17.7594268782,120.499393165
FTPQP,0.5,3.3973785378,11.8396179188,125.520201214
SANLN,0.5,2.26809552085,103.596656789,502.080804856
SANLC,0.5,2.95515620918,73.9976119925,577.392925584
HSHYI,0.5,2.49048794218,26.6391403173,150.624241457
PHTNE,0.5,3.34704686223,82.8773254316,848.516560206
GNANM,0.5,2.84098518927,23.6792358376,170.707473651
TTQNE,0.5,2.10715930263,53.2782806346,230.957170234
LCMNV,0.5,2.51905709438,29.599044797,170.707473651
HPNNL,0.5,2.1940949394,62.1579940737,286.186058768
HSETV,0.5,2.06018368625,56.2381851143,235.977978282
HAHHN,0.5,2.50642948605,79.9174209519,456.893532419
HKQWP,0.5,2.16855984729,44.3985671955,200.832321942
CNMHH,0.5,2.0754504429,47.3584716752,200.832321942
VEDTT,0.5,3.21295396666,11.8396179188,110.457777068
QYRYH,0.5,4.21295396666,11.8396179188,220.915554136
IATSQ,0.5,2.23894917519,29.599044797,140.58262536
IVADN,0.5,2.92344734946,29.599044797,225.936362185
TSHFN,0.5,2.02915679063,56.2381851143,230.957170234
NYHTP,0.5,2.33848484873,26.6391403173,135.561817311
LHRQT,0.5,4.67952176657,14.7995223985,381.58141169
NCTDL,0.5,4.50840985018,23.6792358376,542.247269244
KPATN,0.5,3.79791646738,11.8396179188,165.686665602
SKAFD,0.5,2.33848484874,11.8396179188,60.2496965827
IHTNA,0.5,2.30493228902,85.8372299113,426.768684127
PITTK,0.5,2.84098518926,82.8773254316,597.476157778
EATNI,0.5,2.29409072938,32.5589492767,160.665857554
HISDE,0.5,3.23156964481,82.8773254316,783.246055575
QGRTK,0.5,4.75352234801,14.7995223985,401.664643884
TRTTI,0.5,3.40622945537,153.915032944,1641.80423188
PHCYQ,0.5,2.81961153847,94.7169433503,672.788278506
SGILS,0.5,2.33848484873,20.7193313579,105.43696902
YCTNH,0.5,2.82019338766,109.516465749,778.225247526
HVPQN,0.5,3.66041294362,47.3584716752,602.496965827
MNSFI,0.5,2.53779365696,26.6391403173,155.645049505
ILNTP,0.5,4.02405129039,59.198089594,969.015953371
TTPHV,0.5,2.83152486002,26.6391403173,190.790705845
SDAHN,0.5,3.83324954049,32.5589492767,466.935148516
LDMLS,0.5,2.22745353635,26.6391403173,125.520201214
PQATT,0.5,3.1940949394,20.7193313579,190.790705845
TPPSP,0.5,2.33848484874,11.8396179188,60.2496965827
HQTKH,0.5,4.50840985018,11.8396179188,271.123634622
SSDQP,0.5,2.33848484873,331.509301726,1686.99150431
GMRHD,0.5,3.33848484873,20.7193313579,210.873938039
GLDLT,0.5,2.89584710312,32.5589492767,247.869055877
HQSRN,0.5,4.04522472716,14.7995223985,249.917560471
HISLT,0.5,2.25584323884,50.3183761549,245.820551282
DCATQ,0.5,2.35032650777,121.356083668,632.987919552
KVPRP,0.5,3.47203939421,14.7995223985,167.97737671
ATYDA,0.5,4.65235288368,17.7594268782,456.816524467
KGPHN,0.5,2.11448738959,14.7995223985,65.5521470087
HLSQH,0.5,2.36533238642,38.4787582361,202.801954808
QTWRT,0.5,3.82247391679,32.5589492767,471.156056625
KQHKP,0.5,2.6484659616,44.3985671955,284.742138569
PNLTH,0.5,2.21777519801,71.0377075128,338.003258013
RQPIS,0.5,2.93799309071,272.311212132,2134.54178697
CKPEH,0.5,2.14536670248,38.4787582361,174.122890492
RDSTE,0.5,3.24377040654,38.4787582361,372.827836112
NHPYD,0.5,2.10229798059,76.9575164722,338.003258013
TLPTN,0.5,2.24377040654,26.6391403173,129.055789423
ETQTA,0.5,2.43641548448,26.6391403173,147.492330769
NLTWP,0.5,3.2608439199,17.7594268782,174.122890492
GSHHN,0.5,3.88197492855,56.2381851143,848.080901925
NSQQP,0.5,3.11968005882,76.9575164722,684.200534403
NVMTT,0.5,2.00525831984,44.3985671955,182.316908868
NFQQP,0.5,2.84013767054,35.5188537564,260.160083441
LLTDS,0.5,2.22573648371,68.0778030331,325.712230449
QPTPC,0.5,2.01244486043,79.9174209519,329.809239637
PRVST,0.5,2.2366459721,85.8372299113,413.797927992
GQRTE,0.5,3.13685520263,11.8396179188,106.522238889
LSTSH,0.5,2.72181770335,11.8396179188,79.8916791668
LSTSR,0.5,2.90772120341,32.5589492767,249.917560471
VSCHS,0.5,3.6163245745,23.6792358376,297.033166133
PITDT,0.5,2.22649241511,71.0377075128,340.051762607
GTTNF,0.5,3.2729167522,20.7193313579,204.850459402
HASTP,0.5,2.67064951846,115.436274708,751.801186006
IIHKP,0.5,2.1836494141,62.1579940737,288.839147757
PHISQ,0.5,2.37052754883,41.4386627158,219.18999156
HSRMW,0.5,2.5843141796,65.1178985534,399.458395834
TDYKA,0.5,4.79865156802,44.3985671955,1263.92733451
PRGQP,0.5,2.33365591006,59.198089594,305.227184509
RQTTH,0.5,4.20358131642,38.4787582361,725.170626283
KSQIT,0.5,3.70320202518,11.8396179188,157.73485374
QYATD,0.5,2.32177291854,53.2782806346,272.451111005
NGRTQ,0.5,3.41826813777,29.599044797,323.663725855
HRLDS,0.5,3.2608439199,17.7594268782,174.122890492
HLTAQ,0.5,3.02137798521,47.3584716752,393.312882052
ACTNP,0.5,2.75073039526,56.2381851143,387.16736827
PGYQT,0.5,3.41193279929,76.9575164722,837.838378954
QHIHS,0.5,4.78514363872,11.8396179188,333.906248825
NTQWP,0.5,2.24377040654,17.7594268782,86.0371929489
TKAHH,0.5,4.06285462118,29.599044797,505.980634723
PRFRT,0.5,2.00239488184,150.955128465,618.648387394
NTAQN,0.5,3.65364620071,118.396179188,1524.08741795
ETSQT,0.5,2.89584710312,17.7594268782,135.201303205
CPLLS,0.5,4.2565944469,23.6792358376,462.962038249
DCVSN,0.5,3.05751177126,68.0778030331,579.726800108
HKQTL,0.5,5.10884082645,20.7193313579,731.316140065
VKSRA,0.5,2.97246838472,29.599044797,237.626532906
SQSDP,0.5,2.72181770335,23.6792358376,159.783358334
SQTNI,0.5,2.24377040654,53.2782806346,258.111578847
PSKWN,0.5,2.37983195611,38.4787582361,204.850459402
ITTKP,0.5,2.27771773846,17.7594268782,88.0856975429
IWHAT,0.5,2.1290918025,127.275892627,569.484277138
IATTH,0.5,4.28190553543,23.6792358376,471.156056625
ITPEI,0.5,4.03975651452,38.4787582361,647.327451711
HNPTM,0.5,3.06090634939,44.3985671955,378.973349894
QCHTP,0.5,2.88707689349,44.3985671955,335.954753419
NQSLL,0.5,3.23083135084,23.6792358376,227.384009936
ELTSI,0.5,4.45878329751,17.7594268782,399.458395834
SGRHP,0.5,4.06090634939,17.7594268782,303.178679915
NSEHP,0.5,2.19130298665,47.3584716752,221.238496154
ALKHP,0.5,2.09938049721,35.5188537564,155.686349146
LYYKT,0.5,2.72764678215,56.2381851143,381.021854488
TRTQR,0.5,4.3364196945,20.7193313579,428.13746015
QPNRL,0.5,2.2166342766,68.0778030331,323.663725855
TNDTL,0.5,2.79982021535,71.0377075128,505.980634723
GSNTP,0.5,2.68434299793,17.7594268782,116.764761859
NSKVT,0.5,2.38394806459,62.1579940737,331.857744231
HYSAH,0.5,2.10884082645,23.6792358376,104.473734295
AYPTN,0.5,3.2584171825,41.4386627158,405.603909616
SKITT,0.5,4.11287633969,41.4386627158,733.364644659
YKFQT,0.5,2.39577349998,53.2782806346,286.790643163
TSSRP,0.5,2.95474079217,71.0377075128,563.338763356
SLTCT,0.5,2.24377040654,38.4787582361,186.413918056
CATAR,0.5,2.33823509055,56.2381851143,290.887652351
HPLAQ,0.5,3.32177291854,26.6391403173,272.451111005
QRCAK,0.5,3.60634048592,17.7594268782,221.238496154
RYYHT,0.5,2.1757061316,91.7570388707,424.040450962
KQCLT,0.5,4.364522566,26.6391403173,561.290258762
GMAQN,0.5,5.16433593904,14.7995223985,542.853717415
TRPRL,0.5,2.44838812615,44.3985671955,247.869055877
ALETE,0.5,2.28885829607,79.9174209519,399.458395834
PLTTH,0.5,5.95549004955,20.7193313579,1315.13994936
ASTKY,0.5,3.0537994629,32.5589492767,276.548120193
MYSTH,0.5,2.74127006601,50.3183761549,344.148771795
LSQAN,0.5,2.6317630828,73.9976119925,469.107552031
AAGYP,0.5,5.78134540473,20.7193313579,1165.599114
APIET,0.5,3.42510017126,23.6792358376,260.160083441
HASYQ,0.5,2.701760051,38.4787582361,256.063074253
TVQYT,0.5,2.70418780933,56.2381851143,374.876340706
RRTSN,0.5,2.43641548448,17.7594268782,98.328220513
DCTNW,0.5,2.24377040654,56.2381851143,272.451111005
DTDMA,0.5,2.75834357937,14.7995223985,102.425229701
AKITK,0.5,4.04307305631,32.5589492767,548.999231198
DLQAP,0.5,3.62906056242,20.7193313579,262.208588035
QTMTQ,0.5,2.43641548448,17.7594268782,98.328220513
HTKAN,0.5,3.32177291854,26.6391403173,272.451111005
VYNHA,0.5,3.8848759853,17.7594268782,268.354101817
ATLTI,0.5,3.80353235314,32.5589492767,465.010542843
CSQHN,0.5,3.20195023085,59.198089594,557.193249574
PRTSN,0.5,3.25841718251,62.1579940737,608.405864424
IHQHT,0.5,3.59484484709,41.4386627158,512.126148505
QNFPL,0.5,2.15888150896,29.599044797,135.201303205
YAHTY,0.5,4.91754217421,26.6391403173,823.498846796
HVYTA,0.5,3.06368879006,41.4386627158,354.391294766
CSARP,0.5,4.69514975288,20.7193313579,548.999231198
HLQSC,0.5,2.0213779852,100.63675231,417.89493718
VMENP,0.5,2.98587930398,71.0377075128,575.62979092
GTSHS,0.5,3.83851392805,20.7193313579,303.178679915
TQRNK,0.5,2.5518927019,17.7594268782,106.522238889
STAYT,0.5,3.19615238631,32.5589492767,305.227184509
CNPVS,0.5,3.21402306314,20.7193313579,196.656441026
KLLTS,0.5,2.25138359065,79.9174209519,389.215872864
VQITS,0.5,2.26357888762,91.7570388707,450.671010685
PQPLD,0.5,3.74800163515,20.7193313579,284.742138569
HDNDS,0.5,2.19130298665,11.8396179188,55.3096240386
KDSTH,0.5,2.53595115803,20.7193313579,122.910275641
HARHH,0.5,3.88120032716,26.6391403173,401.506900428
QANHN,0.5,2.67588141918,26.6391403173,174.122890492
KSGTL,0.5,3.91214891545,11.8396179188,182.316908868
APTTL,0.5,4.5271386549,38.4787582361,907.487535151
DPSME,0.5,4.15751467319,23.6792358376,432.234469338
AYNTP,0.5,2.09352777096,38.4787582361,167.97737671
GLRHP,0.5,2.66523417498,47.3584716752,307.275689103
CSVTQ,0.5,2.96415311651,44.3985671955,354.391294766
GVPTD,0.5,2.02137798521,91.7570388707,381.021854488
MSRKP,0.5,2.67958946796,94.7169433503,620.696891988
STYRT,0.5,2.9009812546,150.955128465,1153.30808643
STYRH,0.5,4.7375850192,20.7193313579,565.38726795
IMTNW,0.5,3.04243960073,100.63675231,848.080901925
QPNQL,0.5,4.03335062687,29.599044797,495.738111753
QLTQH,0.5,2.00409999377,124.315988147,510.077643911
MHSSL,0.5,2.92716264358,85.8372299113,667.812497651
QQSLR,0.5,2.99935167888,32.5589492767,266.305597223
NLYQT,0.5,3.99100433616,17.7594268782,288.839147757
RHDYN,0.5,4.00627109282,11.8396179188,194.607936432
ATQQI,0.5,2.2261977771,174.634364302,835.78987436
NKPQA,0.5,2.75177092545,65.1178985534,448.622506091
ANTMS,0.5,3.48477850605,32.5589492767,372.827836112
HDTSN,0.5,3.52387832573,41.4386627158,487.544093377
ESSAN,0.5,4.35924762396,35.5188537564,745.655672224
SSPTN,0.5,2.58616260398,23.6792358376,145.443826175
LLPTQ,0.5,2.5990356853,65.1178985534,403.555405022
KTHSC,0.5,2.37831252992,56.2381851143,299.081670727
PDTTQ,0.5,3.2790075866,76.9575164722,764.09221357
SQRHP,0.5,3.23437170854,32.5589492767,313.421202885
YMQNQ,0.5,2.59484484709,41.4386627158,256.063074253
TNSHY,0.5,2.08191952714,103.596656789,448.622506091
PMSTG,0.5,2.17338107865,17.7594268782,81.9401837608
LVTTT,0.5,3.13685520262,26.6391403173,239.6750375
HWLTS,0.5,2.3108846024,53.2782806346,270.402606411
MNCDY,0.5,4.12990244198,23.6792358376,424.040450962
PCYTP,0.5,3.09176731309,14.7995223985,129.055789423
KTQLQ,0.5,2.01172781517,73.9976119925,305.227184509
ITTNR,0.5,3.95997744054,14.7995223985,235.578028312
TTSQN,0.5,2.74307682272,112.476370229,770.237727352
TPGSY,0.5,2.39061179487,11.8396179188,63.5036424146
LPMVT,0.5,3.98330994437,23.6792358376,383.070359082
DQTAV,0.5,4.8130342209,32.5589492767,936.166599467
KETNQ,0.5,2.5567097182,68.0778030331,409.700918804
KEHRQ,0.5,2.13685520263,11.8396179188,53.2611194445
NHLNA,0.5,2.99100433616,71.0377075128,577.678295514
TNYTT,0.5,2.91446278129,41.4386627158,319.566716667
PVYST,0.5,2.5433306884,38.4787582361,229.43251453
FLHLS,0.5,3.95997744054,23.6792358376,376.9248453
CNSAL,0.5,3.77157073854,112.476370229,1571.20302361
EQPKN,0.5,3.97335647034,41.4386627158,665.763993057
EDGHT,0.5,2.53327702374,26.6391403173,157.73485374
STPQK,0.5,3.48080960384,17.7594268782,202.801954808
GEQMA,0.5,2.45747710001,50.3183761549,282.693633975
NSTLQ,0.5,3.79396748911,11.8396179188,167.97737671
SPPFP,0.5,2.43641548448,53.2782806346,294.984661539
TQNHP,0.5,2.01040686738,65.1178985534,268.354101817
NATQP,0.5,4.3374652015,97.67684783,2019.8255297
NDNIT,0.5,2.52791383897,62.1579940737,366.68232233
QCDTP,0.5,4.09714549282,50.3183761549,880.856975429
ASDTL,0.5,3.6536462007,14.7995223985,190.510927244
TNHSL,0.5,2.77489475564,76.9575164722,538.756708227
CDINK,0.5,4.53233990448,44.3985671955,1050.88285673
ANPKL,0.5,3.47594384867,26.6391403173,303.178679915
RSDVT,0.5,3.20900498838,26.6391403173,251.966065065
TSKAH,0.5,2.57596683688,47.3584716752,288.839147757
TSKAA,0.5,4.7673323626,11.8396179188,329.809239637
EAYTT,0.5,4.91214891545,11.8396179188,364.633817736
PTLNV,0.5,2.36241490304,29.599044797,155.686349146
HKNYK,0.5,2.28727204518,41.4386627158,206.898963996
TRKQT,0.5,5.01635991044,53.2782806346,1763.76245545
TGQFT,0.5,2.72181770335,35.5188537564,239.6750375
KPTLH,0.5,2.34330608009,71.0377075128,368.730826924
AKTTF,0.5,4.16735729102,53.2782806346,979.185195942
TMKHH,0.5,4.47682975293,32.5589492767,741.558663035
QRTSI,0.5,3.69694303471,17.7594268782,235.578028312
TGPCQ,0.5,3.36715282205,11.8396179188,124.958780235
CTPQK,0.5,3.61521863727,26.6391403173,333.906248825
STHAP,0.5,3.29439647961,17.7594268782,178.21989968
NYATM,0.5,3.50680481237,29.599044797,344.148771795
CLSHD,0.5,2.28375527645,180.554173262,899.293516775
TTMTA,0.5,2.35756006377,139.115510546,729.267635471
LEHLS,0.5,3.64586885011,17.7594268782,227.384009936
HDNIT,0.5,2.36715282205,118.396179188,624.793901176
SMYQT,0.5,4.5529593896,38.4787582361,923.875571903
KGDQL,0.5,3.53595115804,103.596656789,1229.10275641
DPQTP,0.5,3.21856985242,97.67684783,930.021085685
SNRTL,0.5,3.52680172094,85.8372299113,1011.96126945
RINDI,0.5,2.0993804972,17.7594268782,77.8431745728
AIIDH,0.5,2.36715282205,23.6792358376,124.958780235
ATSTL,0.5,3.29676349415,62.1579940737,624.793901176
NTADP,0.5,2.08912259184,153.915032944,669.861002245
MDQQE,0.5,2.39061179487,35.5188537564,190.510927244
KTLTD,0.5,3.62507704851,50.3183761549,635.036424146
TATTA,0.5,3.32009136652,420.306436117,4293.66562907
IASTP,0.5,3.71652340367,82.8773254316,1114.38649915
SFTGN,0.5,4.22381580016,38.4787582361,735.413149253
IRTTQ,0.5,3.84240784416,29.599044797,434.282973932
NNEQN,0.5,4.48080960384,14.7995223985,338.003258013
PTWSS,0.5,2.1889779337,68.0778030331,317.518212073
PFEQT,0.5,2.95426378935,32.5589492767,258.111578847
GARTP,0.5,3.68434299793,35.5188537564,467.059047437
RTRMT,0.5,4.08849218106,20.7193313579,360.536808548
PRHQQ,0.5,2.27233955874,147.995223985,731.316140065
NIYRT,0.5,5.45878329751,14.7995223985,665.763993057
SHPSL,0.5,2.36930128862,32.5589492767,172.074385898
GDNVS,0.5,3.12373970283,50.3183761549,448.622506091
ATQVT,0.5,2.48477850605,32.5589492767,186.413918056
QNVTQ,0.5,3.17174072027,65.1178985534,600.211846048
DVCMH,0.5,3.67088073812,50.3183761549,655.521470087
TWSTM,0.5,2.18957830618,183.514077741,856.274920301
PKTDV,0.5,2.87251459929,50.3183761549,376.9248453
HTFTQ,0.5,3.15262251848,20.7193313579,188.46242265
YSNTN,0.5,2.36930128862,32.5589492767,172.074385898
MSDHN,0.5,2.20747427732,68.0778030331,321.615221261
IKGHP,0.5,4.18284140789,56.2381851143,1044.73734295
EINTL,0.5,2.56569850143,11.8396179188,71.6976607907
SKTTN,0.5,2.23159569259,100.63675231,483.447084189
SAHFV,0.5,2.98485210918,29.599044797,239.6750375
KDTTT,0.5,2.26158168266,68.0778030331,333.906248825
SVTNA,0.5,4.18012791109,71.0377075128,1317.18845396
QGLQT,0.5,2.75834357937,29.599044797,204.850459402
TSCFD,0.5,4.08507266052,35.5188537564,616.5998828
TTPLQ,0.5,3.19130298665,47.3584716752,442.476992308
HWQTN,0.5,2.52886173325,50.3183761549,297.033166133
CMYKP,0.5,2.13685520263,65.1178985534,292.936156945
QPAVS,0.5,2.92425551831,94.7169433503,735.413149253
QRVTT,0.5,4.52387832573,20.7193313579,487.544093377
CPTEK,0.5,3.05735728231,97.67684783,831.692865172
NPEMQ,0.5,2.08027167426,11.8396179188,51.2126148505
PYPRP,0.5,4.23803403699,26.6391403173,514.174653099
QPPLH,0.5,2.0213779852,14.7995223985,61.4551378206
TSNQN,0.5,3.26272856424,79.9174209519,784.57725951
SNLDN,0.5,2.79787194356,53.2782806346,378.973349894
QKTTD,0.5,4.71652340368,20.7193313579,557.193249574
HTPAN,0.5,2.70943397889,17.7594268782,118.813266453
EPMYS,0.5,2.281137259,145.035319505,721.073617095
HIQVT,0.5,2.13685520263,59.198089594,266.305597223
VGQQP,0.5,2.70943397889,62.1579940737,415.846432586
ENRTF,0.5,2.04388538461,156.874937424,661.666983869
LNHHW,0.5,2.00276230704,76.9575164722,315.469707479
TPWPC,0.5,2.17717265781,56.2381851143,260.160083441
PTHNN,0.5,3.33588860853,76.9575164722,794.81978248
TTPDV,0.5,2.30148590439,20.7193313579,104.473734295
TPPRM,0.5,2.12091365876,20.7193313579,92.1827067309
NKLNT,0.5,5.69851032986,11.8396179188,628.890910364
EMLGQ,0.5,3.24377040654,53.2782806346,516.223157693
LCNAL,0.5,2.8246860742,50.3183761549,364.633817736
NATLQ,0.5,2.06090634939,71.0377075128,303.178679915
HMMTQ,0.5,2.35698101699,186.473982221,977.136691348
NVTAA,0.5,3.34912340668,97.67684783,1018.10678323
QFHTE,0.5,2.68737705802,73.9976119925,487.544093377
NTMAT,0.5,3.24587192918,145.035319505,1407.32265609
TLNEI,0.5,3.95997744054,11.8396179188,188.46242265
TNTRY,0.5,2.89584710312,11.8396179188,90.1342021369
YRSNP,0.5,2.31556108961,41.4386627158,210.995973184
TNINN,0.5,3.45631504192,26.6391403173,299.081670727
HIDES,0.5,3.59628682126,23.6792358376,292.936156945
ATSQY,0.5,2.15726141329,79.9174209519,364.633817736
ANFKP,0.5,4.83302026567,23.6792358376,690.346048185
TKTNP,0.5,3.31905853385,11.8396179188,120.861771047
RKTSP,0.5,2.69122938351,97.67684783,645.278947117
QEQLN,0.5,4.44284175364,20.7193313579,460.913533655
SHTSE,0.5,2.44128123966,109.516465749,608.405864424
QLYDI,0.5,2.39988960845,14.7995223985,79.8916791668
YTATD,0.5,2.01210017162,76.9575164722,317.518212073
YTATA,0.5,4.00409999377,20.7193313579,340.051762607
SDASL,0.5,3.83634609137,26.6391403173,389.215872864
SNSLN,0.5,2.51251846357,88.797134391,518.271662287
HTSLR,0.5,3.52387832573,41.4386627158,487.544093377
HAETY,0.5,3.10779273702,79.9174209519,704.685580343
ATHDP,0.5,3.27645110534,156.874937424,1554.81498686
SNPQL,0.5,2.08550832263,32.5589492767,141.346816987
HMGTN,0.5,4.72796993033,17.7594268782,481.398579595
QTHMT,0.5,2.26568518297,82.8773254316,407.65241421
GSTPL,0.5,3.62624004337,11.8396179188,149.540835364
QPTQL,0.5,2.32394075522,14.7995223985,75.7946699788
CDPMY,0.5,3.95997744054,38.4787582361,612.502873612
TAHSN,0.5,2.25233242004,71.0377075128,346.19727639
YKTQS,0.5,2.55505998099,103.596656789,622.745396582
FTFTT,0.5,3.52387832573,44.3985671955,522.368671475
LDPTN,0.5,2.78219032132,17.7594268782,124.958780235
ADQQP,0.5,3.4293260597,150.955128465,1663.38573034
RTSLP,0.5,3.15888150895,14.7995223985,135.201303205
NYANE,0.5,3.19130298665,23.6792358376,221.238496154
NANRL,0.5,2.44838812615,44.3985671955,247.869055877
SSDET,0.5,2.00120010327,71.0377075128,290.887652351
LKCSE,0.5,4.35766137307,29.599044797,620.696891988
EATRH,0.5,4.78514363872,11.8396179188,333.906248825
CGTTD,0.5,5.13685520262,17.7594268782,639.133433334
QGYAN,0.5,2.83851392806,20.7193313579,151.589339958
RTPTP,0.5,4.51323108154,35.5188537564,829.644360578
HHIST,0.5,2.09462696723,47.3584716752,206.898963996
DQRHT,0.5,5.5397032929,11.8396179188,563.338763356
TMSSL,0.5,2.92826858081,23.6792358376,184.365413462
SGLSA,0.5,2.73409603313,35.5188537564,241.723542094
FPIVT,0.5,3.3108846024,53.2782806346,540.805212821
MNTPL,0.5,2.76388176291,76.9575164722,534.659699039
RTEQN,0.5,4.13685520262,14.7995223985,266.305597223
KTQQP,0.5,2.65880790582,44.3985671955,286.790643163
HNWTT,0.5,3.27978094231,192.39379118,1911.25478622
STKHK,0.5,3.87935898034,11.8396179188,178.21989968
TSGIV,0.5,2.73187136801,32.5589492767,221.238496154
PCYNK,0.5,3.4856590035,53.2782806346,610.454369018
LTRDW,0.5,2.42347642878,41.4386627158,227.384009936
FTNTC,0.5,3.81618765394,65.1178985534,938.215104061
KETSP,0.5,2.92184231165,29.599044797,229.43251453
ISYTH,0.5,4.90179636945,32.5589492767,995.573232694
PLNDR,0.5,2.75834357937,47.3584716752,327.760735043
HMGAL,0.5,2.24377040654,65.1178985534,315.469707479
DSPRL,0.5,3.59740736116,26.6391403173,329.809239637
PHHRP,0.5,2.19025489722,150.955128465,704.685580343
TSQAA,0.5,2.87935898033,71.0377075128,534.659699039
NFTSY,0.5,2.03632832667,47.3584716752,198.70494562
WAATQ,0.5,2.12091365876,41.4386627158,184.365413462
HAYTQ,0.5,3.42130859209,17.7594268782,194.607936432
NRVTI,0.5,3.2104118096,73.9976119925,700.588571155
PSNYM,0.5,3.47455061337,20.7193313579,235.578028312
STISH,0.5,2.1972278206,53.2782806346,249.917560471
PAVES,0.5,3.3768586398,50.3183761549,534.659699039
CGSTL,0.5,2.49942528201,41.4386627158,239.6750375
NLMSN,0.5,2.10626688279,65.1178985534,286.790643163
CKHLT,0.5,2.84240784416,29.599044797,217.141486966
CPTHN,0.5,3.97914974981,38.4787582361,620.696891988
CTTNN,0.5,2.20900498838,106.556561269,503.932130129
RTQMN,0.5,2.50680481237,29.599044797,172.074385898
ENQLT,0.5,3.27771773846,17.7594268782,176.171395086
QSRHC,0.5,3.34330608009,59.198089594,614.551378206
NHKLQ,0.5,3.11330047465,56.2381851143,497.786616347
HTETN,0.5,3.48080960385,11.8396179188,135.201303205
PGVAE,0.5,3.34330608009,20.7193313579,215.092982372
TAHHQ,0.5,5.6536462007,14.7995223985,762.043708976
SALNV,0.5,2.85894752031,53.2782806346,395.361386646
TANRL,0.5,3.2264924151,17.7594268782,170.025881304
DCSLT,0.5,3.45878329751,47.3584716752,532.611194445
GTETC,0.5,3.84580642062,23.6792358376,348.245780984
LPSTP,0.5,4.21575603037,38.4787582361,731.316140065
PSYYT,0.5,2.08027167426,11.8396179188,51.2126148505
HRSMQ,0.5,3.0497226109,62.1579940737,526.465680663
HCNFP,0.5,4.20724453052,29.599044797,559.241754168
QGWTH,0.5,5.02993999871,20.7193313579,692.394552779
TAQIT,0.5,4.98541248791,32.5589492767,1054.97986592
NYSQQ,0.5,3.34661881412,85.8372299113,893.148002993
QYNHN,0.5,3.18057658006,29.599044797,274.499615599
NTNLA,0.5,4.32394075523,73.9976119925,1515.89339958
STSAN,0.5,3.81723726843,71.0377075128,1024.25229701
DQPTQ,0.5,3.76861191482,20.7193313579,288.839147757
YTENT,0.5,2.69694303471,35.5188537564,235.578028312
TSAHD,0.5,2.17550113052,100.63675231,465.010542843
NLFTA,0.5,2.24377040654,20.7193313579,100.376725107
EHFSS,0.5,2.74627074707,35.5188537564,243.772046688
LIINT,0.5,2.06868369998,14.7995223985,63.5036424146
HNRTP,0.5,3.86572711474,32.5589492767,485.495588783
EPTTM,0.5,3.35015975113,82.8773254316,864.468938677
KSAAE,0.5,5.45322377217,11.8396179188,530.562689851
YTHRT,0.5,2.8413993191,79.9174209519,585.87231389
HRKLQ,0.5,3.58616260399,11.8396179188,145.443826175
HTWDN,0.5,2.72709264538,82.8773254316,561.290258762
MSKDM,0.5,3.39988960846,29.599044797,319.566716667
TITNN,0.5,2.70320202518,236.792358376,1577.3485374
RTVDS,0.5,3.80098791678,14.7995223985,210.995973184
ENQQN,0.5,3.45631504192,26.6391403173,299.081670727
HIQSL,0.5,2.50882398001,50.3183761549,292.936156945
NEPKV,0.5,2.0213779852,14.7995223985,61.4551378206
CAHNL,0.5,5.59067102966,26.6391403173,1313.09144477
PHPTN,0.5,2.52387832573,94.7169433503,557.193249574
NANQN,0.5,2.51170361179,41.4386627158,241.723542094
KSPAL,0.5,4.39834744365,35.5188537564,766.140718164
KYSFT,0.5,4.15888150895,14.7995223985,270.402606411
NDPTN,0.5,2.48704155755,41.4386627158,237.626532906
KINFD,0.5,2.39061179487,11.8396179188,63.5036424146
TCTDQ,0.5,4.40308730842,76.9575164722,1665.43423494
KEYTT,0.5,3.16044202294,41.4386627158,378.973349894
TSTKC,0.5,4.19130298664,50.3183761549,940.263608656
LKVSQ,0.5,4.21777519801,11.8396179188,225.335505342
DHNTP,0.5,2.06646587473,62.1579940737,266.305597223
QPWQA,0.5,2.8355865783,59.198089594,432.234469338
ADATN,0.5,2.48704155756,20.7193313579,118.813266453
SRYTA,0.5,3.95299101022,26.6391403173,421.991946368
LSSSL,0.5,2.42510017126,47.3584716752,260.160083441
TSSMC,0.5,3.34930482071,47.3584716752,493.689607159
WKSTQ,0.5,3.08520959708,103.596656789,899.293516775
HITAS,0.5,3.68750333882,71.0377075128,936.166599467
DMCLT,0.5,2.67345468179,20.7193313579,135.201303205
QSKTL,0.5,3.48080960385,11.8396179188,135.201303205
HKLPL,0.5,2.24377040654,14.7995223985,71.6976607907
HIMSQ,0.5,3.42347642878,20.7193313579,227.384009936
PYSTP,0.5,4.22649241511,17.7594268782,340.051762607
LASSP,0.5,3.15523373194,53.2782806346,485.495588783
TRNIS,0.5,2.35698101699,20.7193313579,108.570743483
IYRTH,0.5,3.34330608009,20.7193313579,215.092982372
AGLSA,0.5,4.04127754264,17.7594268782,299.081670727
SYPQA,0.5,2.06260064793,68.0778030331,290.887652351
ILHTN,0.5,3.09592493857,32.5589492767,284.742138569
NNYLN,0.5,2.95997744054,47.3584716752,376.9248453
RNTAD,0.5,5.48080960385,29.599044797,1352.01303205
SNAQP,0.5,3.75834357937,11.8396179188,163.880367522
KNPYE,0.5,4.54911561723,14.7995223985,354.391294766
NNTHI,0.5,2.09791954008,153.915032944,673.958011433
QSTTH,0.5,2.65880790582,53.2782806346,344.148771795
HTKMP,0.5,2.00716412598,50.3183761549,206.898963996
LGQFS,0.5,2.60634048593,11.8396179188,73.7461653847
PTMNP,0.5,3.08666944546,26.6391403173,231.481019124
THSTE,0.5,2.5843141796,65.1178985534,399.458395834
RYMTK,0.5,2.19540738498,38.4787582361,180.268404274
AVNHR,0.5,2.49781602915,68.0778030331,393.312882052
RHCER,0.5,3.8848759853,17.7594268782,268.354101817
TALQT,0.5,3.71440023178,14.7995223985,198.70494562
AKPMQ,0.5,2.01550141887,121.356083668,501.883625535
PYTRS,0.5,3.82873290726,23.6792358376,344.148771795
HRTDP,0.5,2.52047974927,73.9976119925,434.282973932
STHSL,0.5,2.23258666805,109.516465749,526.465680663
QLQAN,0.5,2.3972448872,41.4386627158,223.287000748
HLKTP,0.5,2.83851392806,124.315988147,909.536039745
KSTWT,0.5,3.34673698549,82.8773254316,862.420434083
KMHSL,0.5,2.84013767054,35.5188537564,260.160083441
HSNVG,0.5,2.26930549865,23.6792358376,116.764761859
IEYNT,0.5,3.83851392805,20.7193313579,303.178679915
GSCQQ,0.5,4.01334066614,44.3985671955,733.364644659
KTTWS,0.5,2.24377040654,35.5188537564,172.074385898
STQLH,0.5,4.41369540799,11.8396179188,258.111578847
EVPLS,0.5,2.11713696801,50.3183761549,223.287000748
EQSTS,0.5,2.91828449223,85.8372299113,663.715488463
ATQHQ,0.5,2.2729167522,41.4386627158,204.850459402
NYVSS,0.5,2.80273769873,47.3584716752,338.003258013
RQTKY,0.5,2.57106501118,68.0778030331,413.797927992
PRSTL,0.5,2.9328413106,82.8773254316,647.327451711
QIPKP,0.5,3.6695712473,91.7570388707,1194.27817831
LGNHP,0.5,3.07582576923,38.4787582361,331.857744231
LMAMT,0.5,2.02137798521,26.6391403173,110.619248077
QNIHS,0.5,2.46195057659,20.7193313579,116.764761859
DVTNH,0.5,2.46616282788,35.5188537564,200.753450214
QCTNP,0.5,3.09041962963,50.3183761549,438.37998312
RDTAN,0.5,2.15888150896,44.3985671955,202.801954808
ANYTQ,0.5,4.78956230998,23.6792358376,669.861002245
DNTTQ,0.5,2.16642831801,153.915032944,706.734084937
RATNP,0.5,3.14505235559,79.9174209519,723.122121689
QWRHP,0.5,2.75834357937,23.6792358376,163.880367522
NFEHT,0.5,5.53444756744,23.6792358376,1122.58051752
PMTSA,0.5,2.66907624127,73.9976119925,481.398579595
CISAQ,0.5,3.24377040654,68.0778030331,659.618479275
NGAHN,0.5,2.1038401454,50.3183761549,221.238496154
WTHTK,0.5,3.3089545753,50.3183761549,510.077643911
EYTNT,0.5,2.06868369998,14.7995223985,63.5036424146
MSNQM,0.5,2.70943397889,35.5188537564,237.626532906
NSLKT,0.5,3.09352777096,38.4787582361,335.954753419
QFPSP,0.5,2.39834744365,71.0377075128,383.070359082
LKPSP,0.5,5.01635991044,17.7594268782,587.920818484
LTVTS,0.5,2.2965578209,68.0778030331,342.100267201
TTFTH,0.5,4.6130042162,17.7594268782,444.525496902
QCAQN,0.5,2.58080539382,112.476370229,688.297543591
DDLNW,0.5,2.48704155756,20.7193313579,118.813266453
SAVSA,0.5,2.33453587047,32.5589492767,167.97737671
HMSLT,0.5,3.98485210918,14.7995223985,239.6750375
RNSTL,0.5,3.03467480782,53.2782806346,446.574001497
GVRTH,0.5,2.36602615659,62.1579940737,327.760735043
AMTTK,0.5,2.22131555571,109.516465749,522.368671475
DEHSV,0.5,2.91754217422,35.5188537564,274.499615599
STVKT,0.5,2.35698101699,82.8773254316,434.282973932
EQHSM,0.5,2.32718641473,35.5188537564,182.316908868
TASLA,0.5,3.02137798521,50.3183761549,417.89493718
LTNDE,0.5,3.33973946507,79.9174209519,827.595855984
SLNYA,0.5,2.64586885011,59.198089594,378.973349894
PLARP,0.5,3.42780235418,62.1579940737,684.200534403
TFTGM,0.5,2.22301184638,59.198089594,282.693633975
PMTSH,0.5,2.98485210918,29.599044797,239.6750375
AGNSL,0.5,3.43641548448,26.6391403173,294.984661539
QTPHQ,0.5,3.73696992858,50.3183761549,686.249038997
QQSSL,0.5,4.36241490304,14.7995223985,311.372698291
PGDYY,0.5,2.08027167426,11.8396179188,51.2126148505
IMYNN,0.5,2.66907624127,14.7995223985,96.279715919
DAHTQ,0.5,5.30431194847,14.7995223985,598.163341454
APVQQ,0.5,2.13685520262,17.7594268782,79.8916791668
RYQAN,0.5,3.03335062687,29.599044797,247.869055877
YNANC,0.5,3.29439647961,29.599044797,297.033166133
WWQTT,0.5,3.81492710773,14.7995223985,213.044477778
RNLTI,0.5,2.36377018265,82.8773254316,436.331478526
SNHHN,0.5,2.55290122697,162.794746383,977.136691348
TDSNP,0.5,2.84052933472,85.8372299113,628.890910364
HARLP,0.5,3.42130859209,17.7594268782,194.607936432
MQASL,0.5,3.30431194847,14.7995223985,149.540835364
SWSDP,0.5,2.2565944469,47.3584716752,231.481019124
AVYDA,0.5,2.87180162916,32.5589492767,243.772046688
PRYTN,0.5,3.53233990448,29.599044797,350.294285578
NCHHN,0.5,3.53795351095,53.2782806346,632.987919552
QDRFT,0.5,3.72399207458,50.3183761549,680.103525215
SRSTN,0.5,2.29240518179,73.9976119925,370.779331518
VYHHT,0.5,2.60634048593,11.8396179188,73.7461653847
PSLSS,0.5,2.51536682588,59.198089594,346.19727639
NDMSN,0.5,2.44879920893,85.8372299113,479.350075001
RATAR,0.5,2.21902374421,124.315988147,592.017827672
PGLST,0.5,2.77626548737,47.3584716752,331.857744231
RATAY,0.5,4.60634048592,17.7594268782,442.476992308
MANIT,0.5,4.44284175364,20.7193313579,460.913533655
QETNT,0.5,2.70490432041,32.5589492767,217.141486966
KSMYS,0.5,2.77428512324,26.6391403173,186.413918056
MCMDQ,0.5,2.35924762396,177.594268782,932.069590279
WHTGT,0.5,3.34330608009,20.7193313579,215.092982372
HKATA,0.5,3.90673541926,17.7594268782,272.451111005
HTITC,0.5,2.3433060801,11.8396179188,61.4551378206
YSSAR,0.5,2.29891196073,65.1178985534,327.760735043
GCAQD,0.5,2.2680997359,124.315988147,612.502873612
SSHAN,0.5,2.01172781517,73.9976119925,305.227184509
ITKQH,0.5,2.89584710312,32.5589492767,247.869055877
YATTS,0.5,3.68434299793,29.599044797,389.215872864
FRRLS,0.5,3.04307305631,32.5589492767,274.499615599
YTESW,0.5,3.39988960846,14.7995223985,159.783358334
QVTDD,0.5,3.37501493982,17.7594268782,188.46242265
PTYMT,0.5,4.63608782933,11.8396179188,301.130175321
DESTY,0.5,3.49530917354,26.6391403173,307.275689103
VQTAA,0.5,3.25841718251,20.7193313579,202.801954808
NQCRL,0.5,2.97557429559,23.6792358376,190.510927244
SNISM,0.5,4.51536682588,29.599044797,692.394552779
DMSNP,0.5,3.62906056242,20.7193313579,262.208588035
NNPCH,0.5,2.73409603312,17.7594268782,120.861771047
EERNQ,0.5,3.88267171437,29.599044797,446.574001497
HVTNN,0.5,2.13685520263,35.5188537564,159.783358334
RAMRP,0.5,2.55441269388,65.1178985534,391.264377458
KSTPI,0.5,2.7389782545,44.3985671955,303.178679915
TSCYK,0.5,2.68279254637,145.035319505,952.55463622
SWMTD,0.5,2.80098791678,29.599044797,210.995973184
NAPSP,0.5,3.39904863202,65.1178985534,702.637075749
DNKLN,0.5,2.13685520263,65.1178985534,292.936156945
HKYTQ,0.5,4.47350480322,17.7594268782,403.555405022
HKYTM,0.5,3.967796945,23.6792358376,378.973349894
IQHYK,0.5,2.24377040655,11.8396179188,57.3581286326
CEPQN,0.5,2.2729167522,62.1579940737,307.275689103
HPTYR,0.5,2.96479445684,38.4787582361,307.275689103
SVNMT,0.5,2.99538277667,41.4386627158,338.003258013
PIKYT,0.5,2.72539315757,91.7570388707,620.696891988
QRWQS,0.5,3.52387832573,20.7193313579,243.772046688
HQAHT,0.5,3.16044202294,41.4386627158,378.973349894
PAQFP,0.5,3.30431194847,14.7995223985,149.540835364
DRQLH,0.5,2.40840110831,38.4787582361,208.94746859
RATTC,0.5,4.29439647961,14.7995223985,297.033166133
NHFNL,0.5,3.11823952446,17.7594268782,157.73485374
NLTQA,0.5,2.9015382152,136.155606066,1040.64033376
QYFKT,0.5,3.74019623266,11.8396179188,161.831862928
AVSRT,0.5,2.5407521443,59.198089594,352.342790172
RPYYN,0.5,2.45878329751,23.6792358376,133.152798611
KERTT,0.5,2.60634048592,14.7995223985,92.1827067309
QNTQT,0.5,3.57157506777,20.7193313579,251.966065065
LTETT,0.5,3.43294329258,76.9575164722,850.129406519
QANTP,0.5,2.20580255634,32.5589492767,153.637844552
LLCHS,0.5,2.0213779852,14.7995223985,61.4551378206
QSYDN,0.5,3.45878329752,11.8396179188,133.152798611
TGWRP,0.5,4.04127754264,26.6391403173,448.622506091
TRHSE,0.5,2.13685520262,23.6792358376,106.522238889
NSSFL,0.5,2.6222820298,29.599044797,186.413918056
LTSHW,0.5,2.36930128862,32.5589492767,172.074385898
ANFLT,0.5,2.04127754264,71.0377075128,299.081670727
NASFD,0.5,3.01006267198,94.7169433503,780.480250322
YSPHY,0.5,2.48704155755,82.8773254316,475.253065813
NAHWN,0.5,2.16576789454,112.476370229,516.223157693
RECHM,0.5,2.60634048593,41.4386627158,258.111578847
LSHHR,0.5,2.80564929415,71.0377075128,508.029139317
GAKMS,0.5,2.57937343833,35.5188537564,217.141486966
QMLTS,0.5,4.49530917354,17.7594268782,409.700918804
STYSH,0.5,2.66523417498,71.0377075128,460.913533655
RDSIG,0.5,2.15888150896,29.599044797,135.201303205
KATHT,0.5,3.30431194847,14.7995223985,149.540835364
QRPLP,0.5,3.22740696033,56.2381851143,538.756708227
MNCMD,0.5,2.14363373525,145.035319505,655.521470087
QSHFN,0.5,4.53444756744,23.6792358376,561.290258762
TACLA,0.5,2.24377040654,53.2782806346,258.111578847
QHKET,0.5,4.52811531862,59.198089594,1397.08013312
ASTDP,0.5,2.70943397889,17.7594268782,118.813266453
SDIQN,0.5,5.60634048593,11.8396179188,589.969323078
SSNYR,0.5,2.50680481238,14.7995223985,86.0371929489
AVNQH,0.5,3.29439647961,23.6792358376,237.626532906
LESRS,0.5,2.0213779852,29.599044797,122.910275641
DWSTF,0.5,2.11823952446,35.5188537564,157.73485374
RQKTN,0.5,4.18236986187,17.7594268782,329.809239637
DGSPT,0.5,3.72181770335,11.8396179188,159.783358334
MMVSQ,0.5,3.13685520262,35.5188537564,319.566716667
MQMST,0.5,2.17089152662,85.8372299113,395.361386646
NSYDS,0.5,2.5407521443,29.599044797,176.171395086
YDNYE,0.5,2.98073600071,17.7594268782,143.395321581
NETWT,0.5,2.08027167426,11.8396179188,51.2126148505
TMTNH,0.5,3.14755509128,91.7570388707,831.692865172
YQPTN,0.5,2.3509192642,186.473982221,973.03968216
CAPIT,0.5,2.73409603312,17.7594268782,120.861771047
NHPLQ,0.5,2.20459980926,94.7169433503,446.574001497
TSPVT,0.5,5.19372972404,32.5589492767,1218.86023344
LPDEL,0.5,2.12091365876,41.4386627158,184.365413462
HSTSD,0.5,2.14213014466,62.1579940737,280.645129381
HHNAN,0.5,3.84013767053,17.7594268782,260.160083441
LASEA,0.5,4.21777519801,11.8396179188,225.335505342
LKPNL,0.5,3.27595081229,56.2381851143,557.193249574
TTYTM,0.5,2.67345468179,20.7193313579,135.201303205
SNVAT,0.5,4.06739038296,26.6391403173,456.816524467
LKISS,0.5,3.29439647962,11.8396179188,118.813266453
QANYP,0.5,3.7939674891,23.6792358376,335.954753419
WQQDC,0.5,2.1616992736,91.7570388707,419.943441774
PNMTM,0.5,3.55979789999,62.1579940737,749.752681412
PAVHS,0.5,4.66348439303,32.5589492767,843.983892737
PTRAA,0.5,2.04785019656,26.6391403173,112.667752671
RSQVT,0.5,2.51170361178,82.8773254316,483.447084189
NKPHQ,0.5,2.67163194618,106.556561269,694.443057373
SHYRT,0.5,2.81723726843,35.5188537564,256.063074253
TIRTP,0.5,3.10884082646,11.8396179188,104.473734295
HDTAP,0.5,4.7807113924,23.6792358376,665.763993057
EVRQT,0.5,2.2729167522,62.1579940737,307.275689103
SGHEH,0.5,3.0648002655,88.797134391,759.995204382
ADAFK,0.5,2.00120010326,35.5188537564,145.443826175
MTPSL,0.5,2.39061179487,71.0377075128,381.021854488
PALTR,0.5,2.40795903843,94.7169433503,514.174653099
RAATM,0.5,3.25233242005,35.5188537564,346.19727639
KTHAP,0.5,4.20580255634,32.5589492767,614.551378206
TTRTE,0.5,2.58480732438,88.797134391,544.90222201
QNFRP,0.5,3.04691307731,41.4386627158,350.294285578
SQSRP,0.5,2.43641548449,88.797134391,491.641102565
NNQQI,0.5,3.44639957306,26.6391403173,297.033166133
SNLST,0.5,3.52387832573,14.7995223985,174.122890492
MRNET,0.5,2.08175060318,115.436274708,499.835120941
MKHDP,0.5,3.77489475563,38.4787582361,538.756708227
IYHTM,0.5,2.73758501921,103.596656789,706.734084937
NYSHF,0.5,3.48873651961,65.1178985534,747.704176818
PLYAT,0.5,3.22782886267,38.4787582361,368.730826924
HSVYS,0.5,2.89131744463,85.8372299113,651.424460899
NNKLQ,0.5,4.59830316686,14.7995223985,366.68232233
PDQHQ,0.5,2.42689271037,56.2381851143,309.324193697
TKHHV,0.5,2.44333489842,76.9575164722,428.13746015
PRITH,0.5,2.0917673131,118.396179188,516.223157693
GTPQA,0.5,4.45878329752,11.8396179188,266.305597223
FGSTQ,0.5,2.73758501921,124.315988147,848.080901925
PKLNQ,0.5,2.91847807762,68.0778030331,526.465680663
DNWTT,0.5,4.47594384867,26.6391403173,606.35735983
ARMKP,0.5,2.08027167426,11.8396179188,51.2126148505
LAQQQ,0.5,3.46321554383,29.599044797,333.906248825
RHRTI,0.5,3.13685520262,14.7995223985,133.152798611
NQGAL,0.5,2.92470196579,26.6391403173,206.898963996
DKKET,0.5,2.46195057659,20.7193313579,116.764761859
PKKAP,0.5,2.87382079679,35.5188537564,266.305597223
SNGIM,0.5,3.0511253286,11.8396179188,100.376725107
GTCYT,0.5,3.30678020407,23.6792358376,239.6750375
KSTNN,0.5,2.20900498838,53.2782806346,251.966065065
NKYSN,0.5,2.04785019656,26.6391403173,112.667752671
SSQQC,0.5,2.75834357937,44.3985671955,307.275689103
LYPYS,0.5,4.04127754264,26.6391403173,448.622506091
NNRLN,0.5,3.31905853385,23.6792358376,241.723542094
CHPEK,0.5,3.49530917353,17.7594268782,204.850459402
DHKES,0.5,4.41369540798,17.7594268782,387.16736827
QRMTH,0.5,3.10137730727,56.2381851143,493.689607159
YWCQH,0.5,2.51887764467,50.3183761549,294.984661539
SGVHT,0.5,4.84117001051,32.5589492767,954.603140814
WSDQN,0.5,3.32950028056,20.7193313579,213.044477778
YQPQR,0.5,2.52387832573,23.6792358376,139.298312393
LKTTR,0.5,2.24377040654,29.599044797,143.395321581
HYHTN,0.5,2.39577349998,53.2782806346,286.790643163
NNAVT,0.5,3.15888150895,14.7995223985,135.201303205
SNPES,0.5,4.39904863202,32.5589492767,702.637075749
PETNP,0.5,2.86937489176,59.198089594,442.476992308
QAVTN,0.5,2.47203939421,14.7995223985,83.9886883548
TTPMV,0.5,2.92826858082,11.8396179188,92.1827067309
THQTN,0.5,2.51614267696,32.5589492767,190.510927244
PKNNL,0.5,4.92826858082,11.8396179188,368.730826924
KPLTQ,0.5,2.10884082645,23.6792358376,104.473734295
VTKTM,0.5,3.65273339141,50.3183761549,647.327451711
LSMNV,0.5,2.18265889224,91.7570388707,426.088955556
PEPKH,0.5,3.13685520262,17.7594268782,159.783358334
RASLP,0.5,5.23083135084,11.8396179188,454.768019873
MSKAA,0.5,3.41504183369,50.3183761549,548.999231198
HSKQN,0.5,3.0270916364,62.1579940737,518.271662287
CKSTL,0.5,3.29439647961,71.0377075128,712.879598719
IYKTA,0.5,2.20396939848,62.1579940737,292.936156945
LTKYT,0.5,2.57391900823,14.7995223985,90.1342021369
PHSSL,0.5,4.95997744054,14.7995223985,471.156056625
QKTHT,0.5,3.31683386873,65.1178985534,663.715488463
LWQTD,0.5,2.13327086528,91.7570388707,411.749423398
MTSTY,0.5,3.0213779852,23.6792358376,196.656441026
CNRLM,0.5,3.33042478879,44.3985671955,456.816524467
HNWHT,0.5,5.49942528201,20.7193313579,958.700150002
QQHHH,0.5,2.2642345091,59.198089594,290.887652351
RHELQ,0.5,2.42636181982,53.2782806346,292.936156945
RATRN,0.5,2.20580255634,32.5589492767,153.637844552
QTSLQ,0.5,2.15382828123,153.915032944,700.588571155
LCDAL,0.5,2.16821937353,41.4386627158,190.510927244
HSTNP,0.5,2.47594384867,53.2782806346,303.178679915
SYVSS,0.5,5.04691307731,20.7193313579,700.588571155
NPQTP,0.5,2.96479445684,38.4787582361,307.275689103
TKGLN,0.5,2.24377040655,11.8396179188,57.3581286326
AHINH,0.5,2.47203939421,14.7995223985,83.9886883548
CDRYK,0.5,2.2545771615,56.2381851143,274.499615599
ATRQS,0.5,2.60634048592,38.4787582361,239.6750375
RCQTL,0.5,3.41826813777,14.7995223985,161.831862928
RVTDT,0.5,4.59426765363,29.599044797,731.316140065
PKHTF,0.5,2.80987388001,32.5589492767,233.529523718
LKPTN,0.5,3.64586885012,11.8396179188,151.589339958
ICSTP,0.5,2.33384575085,150.955128465,778.431745728
