KISLT,0.5,2.94114935119
QPLTH,0.5,2.33848484874
EMRTQ,0.5,2.47598837249
QMCQA,0.5,4.56087727007
HDSRM,0.5,4.00144986145
HVHTY,0.5,2.06546635432
LNVQS,0.5,2.73080227152
NSYRA,0.5,2.14838196535
PALSN,0.5,2.3183069668
RRPAK,0.5,2.05308262987
RRLNP,0.5,4.90326946752
MTSLP,0.5,3.43159425312
NICNP,0.5,2.57949294824
MNSSP,0.5,2.31151780114
KHSIY,0.5,2.80797013203
HNTQI,0.5,2.92344734945
PDSTA,0.5,2.64333943026
NQAYD,0.5,3.49768344359
GQKLS,0.5,3.38287896809
NPTTN,0.5,4.3504574904
LFPDP,0.5,2.45396206616
ATARC,0.5,4.72621500201
YFTHG,0.5,4.47841510988
IHADS,0.5,2.72035548408
HSHAH,0.5,2.84098518927
QHPHV,0.5,3.15951470769
DTSMV,0.5,3.62141881201
NRVTT,0.5,2.57795078343
PPFMQ,0.5,4.00144986146
HTTLG,0.5,2.98059125656
DDATQ,0.5,2.56087727007
RDNIT,0.5,3.37410875847
QHTRH,0.5,2.86899956544
HVSDE,0.5,4.87453774897
YQSTY,0.5,2.62478903389
QDAHN,0.5,3.82126695465
MNTSL,0.5,2.12275615768
NLNLQ,0.5,2.03892456688
NQKTN,0.5,2.73214869722
ESHNH,0.5,2.26809552085
TSIPL,0.5,2.52290941987
SQSDT,0.5,3.30371943057
SQTNQ,0.5,3.10550767676
DSTRQ,0.5,2.23894917518
SSVNT,0.5,2.33848484873
SKQYH,0.5,3.21295396665
HSSAQ,0.5,2.08367094971
PSPMN,0.5,3.07545044291
SYCAN,0.5,3.16855984729
HSAYV,0.5,3.46624039593
PISMV,0.5,2.06763093844
HTAHS,0.5,3.83324954048
YNGLP,0.5,2.91646091914
VTLTG,0.5,2.72550797185
QLISQ,0.5,2.64968653703
PHCTL,0.5,3.44741922029
KPPTP,0.5,2.84663175241
FNTAS,0.5,2.75352234801
KYPQP,0.5,3.73214869722
SSPLQ,0.5,3.42594768998
NYTRH,0.5,4.81817530636
FTTKG,0.5,2.92344734946
NNQLH,0.5,3.73080227152
KRTRG,0.5,2.21295396666
QTPYK,0.5,2.5457174629
RNKMQ,0.5,2.65534195408
HYTDG,0.5,2.75352234801
KKPTM,0.5,2.00406580966
NSPLQ,0.5,2.23414818892
TTSRM,0.5,2.59305767582
QEHHT,0.5,2.50840985018
KSTSN,0.5,3.594824602
QKSHQ,0.5,2.4415783417
KWNEH,0.5,2.21295396666
QHNQP,0.5,2.18236564682
STNLP,0.5,2.33848484873
DLSNL,0.5,2.30811119969
HCISQ,0.5,2.40122060408
HQTNI,0.5,2.69212180335
NPIDE,0.5,2.3998853934
IEATY,0.5,2.62799146593
NQSTV,0.5,3.00144986146
STNKN,0.5,4.61702034811
DCTNY,0.5,3.64514618697
TQNMH,0.5,2.28957524826
SMPMN,0.5,2.60151925457
IYDLN,0.5,2.16855984729
SSSNP,0.5,2.78594382571
RKTQA,0.5,2.43159425313
RTPNL,0.5,2.18648175529
DSHSP,0.5,2.82806930138
TDAYT,0.5,2.52611185191
HRNMN,0.5,7.22925577899
HAAQH,0.5,3.15041250058
NTRTF,0.5,2.33848484873
HYNTH,0.5,2.32288799368
NDETE,0.5,2.911063625
TKTDN,0.5,3.71875692986
QHHSN,0.5,3.56087727008
MSQSP,0.5,3.30811119969
NIYHS,0.5,4.17673377874
RTAPC,0.5,4.33848484873
WKTNH,0.5,2.92344734946
YSQQT,0.5,3.75352234801
HQINT,0.5,2.72927480177
PPTTL,0.5,3.66041294362
QTNQQ,0.5,2.32725759331
TKSWP,0.5,3.86899956544
HYPIG,0.5,3.45396206616
KTPTL,0.5,5.12607651597
YSNNP,0.5,3.43424383154
NTTHD,0.5,2.66041294363
TYESI,0.5,2.32337795634
RMQIT,0.5,3.19830719069
VSTPK,0.5,2.17673377873
LGHQP,0.5,2.25102200748
NSNMN,0.5,2.17498611645
YSNSY,0.5,2.94616742595
STFTM,0.5,2.22300763131
CPTVS,0.5,2.50840985018
TAMAA,0.5,3.37090632643
RNQTP,0.5,3.31151780114
VSVTT,0.5,2.51905709438
PTPQP,0.5,3.56087727007
LQSQD,0.5,4.34846893731
LPTHV,0.5,4.40887417663
LAETP,0.5,2.47436827682
YHYST,0.5,4.05469188274
ITTSQ,0.5,2.62799146593
NNALE,0.5,2.33848484873
YIPSP,0.5,2.51464180389
ITKHP,0.5,2.33848484873
IRMPN,0.5,2.18648175529
SHFSP,0.5,3.37801321292
PAQIT,0.5,2.73149604168
GTPKV,0.5,2.94494841866
KIYQT,0.5,3.96297571365
ATADT,0.5,2.97591476935
PDFKA,0.5,2.66041294362
NITLG,0.5,2.54707147055
ANTMT,0.5,3.75352234801
LTCTE,0.5,2.36545189633
TTKHT,0.5,3.03555771578
QEPHQ,0.5,3.54284334724
CKHNL,0.5,3.82126695465
SKTSY,0.5,2.62799146593
SICLD,0.5,3.64104761876
NTATY,0.5,2.0754504429
KTVTN,0.5,2.33848484873
FMMTR,0.5,3.89857268082
CSVAS,0.5,4.0754504429
IKSDP,0.5,4.34514857902
CHSES,0.5,2.44741922029
DFQTE,0.5,5.11107435264
NQKQT,0.5,2.2625359955
CLMTN,0.5,4.28957524825
HSTTF,0.5,2.01655675385
HHPIS,0.5,2.75352234802
SQTKQ,0.5,3.10715930263
PFRTL,0.5,2.16855984729
TTSQV,0.5,2.92344734946
TGHFI,0.5,3.33848484873
QMFDQ,0.5,3.53488206154
YNSHI,0.5,2.8239116759
PLTQT,0.5,4.53779365696
NQEQT,0.5,2.8239116759
SAFRC,0.5,2.59002361573
SESSP,0.5,2.56087727007
YYNHC,0.5,3.84098518926
NTMSQ,0.5,3.0754504429
HPPTL,0.5,4.23894917518
QLPTE,0.5,2.61950500005
QIYRN,0.5,2.69693881965
DKCYT,0.5,3.01225661641
REFQH,0.5,3.33848484873
ASRLN,0.5,2.01655675385
ESSTT,0.5,3.98484789412
HAWQS,0.5,2.82881047532
DPKMN,0.5,2.56087727008
CTTDA,0.5,2.23894917518
PGREA,0.5,3.78326969141
PMTRT,0.5,5.19646584387
QGNAL,0.5,4.5401187099
LRPTH,0.5,3.38477850101
NNLTH,0.5,3.0754504429
NEHHT,0.5,4.54608026814
ITRTN,0.5,2.64104761876
NFAQP,0.5,3.75352234801
DDHLH,0.5,2.19409493939
MVRTQ,0.5,2.42337374632
SYHTY,0.5,3.43159425312
LDTKT,0.5,2.51905709438
QHAAP,0.5,2.47278594045
TSVRS,0.5,2.43159425312
IHTTI,0.5,2.07545044291
THFGQ,0.5,2.0754504429
NTTPL,0.5,2.44084656636
DQHMI,0.5,2.1757553487
KQQSP,0.5,2.1254911254
DHSAP,0.5,4.38579056351
NHINH,0.5,3.56087727006
SSIRS,0.5,4.12275615768
HSQTL,0.5,3.18648175529
KQTQH,0.5,2.44789606545
DDSLN,0.5,2.75352234801
NHTFC,0.5,4.29578039778
SNSSP,0.5,2.04302896521
PVTST,0.5,2.13685098756
DKKDD,0.5,4.43802052229
LNMTH,0.5,3.41089334426
YFTNR,0.5,2.94853833042
NPTRP,0.5,2.80797013203
KIEQN,0.5,3.1757553487
MTQWI,0.5,2.04302896521
ILQQP,0.5,2.16855984729
STHYA,0.5,2.0754504429
NSISM,0.5,3.84098518927
STNFH,0.5,3.71288036352
PQPCS,0.5,2.51251424851
YYCDS,0.5,2.85972175185
YLITS,0.5,3.16855984729
NSDLP,0.5,4.24180882932
PLELS,0.5,2.85305802156
PLPTD,0.5,2.40679086213
DMAQN,0.5,2.00917722348
KMTTF,0.5,3.75352234801
AYCMS,0.5,2.69212180335
HLCMN,0.5,3.1940949394
RPTQF,0.5,2.03363026721
CLAHQ,0.5,2.66041294362
SNITQ,0.5,4.56087727007
KTLLG,0.5,3.1685598473
SQHHA,0.5,2.27898383698
YNNQN,0.5,3.50484323516
HAFNP,0.5,2.47598837249
YIPTH,0.5,2.31151780114
NHPHN,0.5,3.02654084242
NSHKN,0.5,3.89102587176
QNAEN,0.5,2.67952176656
CSRLT,0.5,2.41648736074
TCEQP,0.5,2.32641201644
MHSTY,0.5,3.03645631129
YTSNV,0.5,2.75352234802
THVTS,0.5,2.21295396666
DCSKL,0.5,2.19932210106
TYNHH,0.5,3.28601742884
SKHYP,0.5,3.00144986146
MSQHT,0.5,3.10550767676
SNEQN,0.5,2.75352234801
QMTTQ,0.5,2.33848484873
RSRTP,0.5,3.47934738457
TLHSP,0.5,3.10900300261
VNLTI,0.5,2.09455926585
CVSHI,0.5,5.21295396665
HTLNA,0.5,2.80414842108
KQWTQ,0.5,2.0754504429
EPTQI,0.5,2.96297571364
SRPLD,0.5,2.98618310481
RATHK,0.5,3.33848484873
QEQTC,0.5,2.59679684432
NLTEI,0.5,4.12275615768
PRPNP,0.5,2.15562079158
STEHH,0.5,2.02361151138
YDYNQ,0.5,2.33848484873
EQSNN,0.5,2.20418375702
SSAHQ,0.5,3.75352234801
MNLTS,0.5,4.58134137263
NSTKL,0.5,2.16855984729
QYGTI,0.5,3.59224144098
PTDLC,0.5,3.28601742884
INASP,0.5,3.33848484873
DTKNQ,0.5,3.23156964482
NHNHF,0.5,3.76847268948
NHSHY,0.5,4.16855984729
DCHKA,0.5,2.01655675385
ICQQQ,0.5,3.18138388765
NMTYS,0.5,3.1632460474
CSTNE,0.5,2.51251424851
GICQN,0.5,2.67408788052
NSMNC,0.5,2.82512708882
NACYK,0.5,2.50354409501
LNPQQ,0.5,2.4055990446
RKTSN,0.5,2.12030467869
NENTM,0.5,3.31361018009
GRDNL,0.5,2.41648736073
RTPLE,0.5,3.89648030185
TLLNQ,0.5,2.93284604746
HTIGK,0.5,3.21295396665
NNPQY,0.5,2.36823219213
YMRTM,0.5,2.2625359955
PKARN,0.5,3.15041250058
HSNQN,0.5,3.77736908997
KSTYE,0.5,2.70105492812
NRYYS,0.5,5.15951470769
SINAC,0.5,4.80414842108
DLATD,0.5,3.21295396665
TTTNW,0.5,2.33848484873
HIPLN,0.5,2.62141881201
YSNQH,0.5,2.95997322548
MYDSY,0.5,2.32022264234
SSTDS,0.5,2.92344734946
EFSNQ,0.5,3.10715930263
KSMWH,0.5,2.45613643739
ASPRP,0.5,3.69212180335
HTPNY,0.5,2.17673377874
IIGQN,0.5,3.78914625774
THRFS,0.5,5.02298302301
NPTHP,0.5,2.6238870676
SQPSL,0.5,2.4415783417
AETNH,0.5,2.79791646737
TQQMT,0.5,5.0203088887
KTSRP,0.5,3.22745353635
DTAHT,0.5,4.40377630899
QTNLF,0.5,2.21295396665
RSAQA,0.5,2.68728864961
QCTTT,0.5,2.02717042788
WTSTT,0.5,3.05308262987
MLHTD,0.5,2.00144986146
CNNIR,0.5,3.1458397708
HKIST,0.5,4.0754504429
CLAMT,0.5,2.80188536958
RTQMH,0.5,3.9861831048
KRTSY,0.5,3.0754504429
NDSLN,0.5,4.56087727007
IKAHV,0.5,3.59002361573
SHMQT,0.5,2.43159425312
NTRQQ,0.5,2.1254911254
CKYYD,0.5,3.0754504429
ILSTE,0.5,3.04630409724
LPPHP,0.5,3.40887417663
CEKRD,0.5,2.27289650711
ISSLV,0.5,3.61977095912
SSHKN,0.5,2.50354409501
AHNPR,0.5,2.33848484873
HLYTR,0.5,2.46972938201
NRNSL,0.5,4.21295396666
KNTLS,0.5,2.01655675385
CNIQS,0.5,2.0754504429
HPSWM,0.5,2.1685598473
CEFKN,0.5,3.70105492812
GSISA,0.5,2.14256463876
PSTSN,0.5,2.21295396666
SPNFP,0.5,3.49048794218
KACEA,0.5,2.05608511804
SHTKI,0.5,4.20198284883
WSSNS,0.5,2.05308262987
WKPRP,0.5,2.40122060408
HGSTN,0.5,4.69212180335
LRKTA,0.5,2.59002361573
LNSLD,0.5,2.594824602
TQHYH,0.5,2.69212180335
NYATI,0.5,2.35497297152
NNHAP,0.5,4.00144986146
DAHYA,0.5,2.38579056352
LMSHT,0.5,4.13599198484
DITNQ,0.5,3.27708430407
HATDK,0.5,2.24290718876
THHYS,0.5,3.50484323516
PTKAQ,0.5,2.10144565143
NAKTL,0.5,2.41063463449
LCEFQ,0.5,3.56087727007
QELTG,0.5,4.1458397708
LSPQP,0.5,3.0754504429
TKHWA,0.5,2.33848484873
GNSQQ,0.5,3.58359734657
SITKN,0.5,2.66913016072
DSTTI,0.5,3.33848484874
DPYIS,0.5,2.67952176657
CSTKM,0.5,3.0754504429
GKRLT,0.5,3.92344734946
YCPQN,0.5,2.33848484873
SYNSE,0.5,3.1940949394
GFSYY,0.5,3.15207172451
MNPIT,0.5,3.2703958589
YTRTH,0.5,2.23894917518
SPTEM,0.5,2.21295396666
TNSVS,0.5,2.0754504429
SCREA,0.5,2.18648175529
CLTRH,0.5,3.00986210127
DNISA,0.5,2.75352234801
LDEHA,0.5,5.26448426729
QTHHI,0.5,2.87551287239
LNSTP,0.5,2.07545044291
TQMTS,0.5,2.06164464338
SKPQP,0.5,2.33848484873
KNLAQ,0.5,3.41063463449
FRMNQ,0.5,3.98381996744
DHHSN,0.5,2.81241603707
KNATP,0.5,2.92344734946
PLPVT,0.5,2.46721816286
LAHQP,0.5,2.0754504429
AKLTS,0.5,5.11809478031
PHTTY,0.5,2.53112992668
WKESQ,0.5,3.26597234895
NLTQN,0.5,3.14583977079
YLTSI,0.5,5.02654084242
QLQNC,0.5,2.93794691915
TGSQP,0.5,3.28601742884
DNPTY,0.5,2.28076935088
QNAKL,0.5,2.89648030186
YSMGP,0.5,2.77458396354
VTDQC,0.5,3.70461274753
PCAET,0.5,4.28601742884
HFSTE,0.5,2.33848484873
TPPTM,0.5,2.1520717245
NQSHN,0.5,2.32920703515
KTSDN,0.5,4.10401959509
HSLNS,0.5,3.06285040612
YNSTM,0.5,2.07545044291
SRHYN,0.5,2.83152486002
DVCSL,0.5,4.43159425312
LKINS,0.5,2.62423933107
FSAFG,0.5,3.0754504429
GAYWT,0.5,3.09747674923
HNRQT,0.5,2.39397996133
CFSHM,0.5,3.89102587176
QPFVT,0.5,2.22886035756
QSTLS,0.5,2.66041294363
KYINN,0.5,2.14054547112
KSNNY,0.5,3.13203397127
LCHQT,0.5,2.75352234801
PSMKP,0.5,2.99453044752
STYMS,0.5,4.84098518927
NHTQF,0.5,2.64882496935
PHAQD,0.5,3.41648736074
HGPQQ,0.5,2.6466071441
PMSHH,0.5,2.66041294363
QLHDP,0.5,2.67551983601
HNTNE,0.5,2.17436546898
AKTKN,0.5,2.17802017654
LHTKQ,0.5,3.99056154532
SITSI,0.5,3.86503066323
DNHYI,0.5,3.62799146593
IFTTG,0.5,2.94114935119
RSQHN,0.5,2.33848484873
IHNET,0.5,4.76350643659
THNNL,0.5,4.21295396665
CALNQ,0.5,3.90552544146
TEHTN,0.5,4.15951470769
NDTTN,0.5,2.90552544146
HDQQP,0.5,2.06611257832
IANQM,0.5,2.1160924274
SPIDE,0.5,3.80880478351
NSAKM,0.5,2.56087727007
EACAF,0.5,2.82677133004
HFNQH,0.5,2.69212180335
LQFST,0.5,2.66681071483
NNPSP,0.5,2.09232426147
HRNVS,0.5,4.17306123953
IKSHH,0.5,3.22601011948
TPRNN,0.5,2.39095226863
SARTP,0.5,4.69693881965
QYRWH,0.5,2.86899956543
GMLST,0.5,3.01655675385
HTATY,0.5,3.0481430969
PKNTP,0.5,2.25102200748
TNNTP,0.5,2.21295396666
RYNRC,0.5,2.57949294824
YHETN,0.5,3.98003087782
PCKLT,0.5,2.94616742596
YTRSI,0.5,2.85305802156
NAHTL,0.5,3.08344323365
IRSTP,0.5,2.94991956082
TSSFI,0.5,4.50840985018
TTQHT,0.5,2.93794691915
CGTET,0.5,3.31645854241
MFSHD,0.5,2.31540123562
YANLN,0.5,2.57664458593
DRPFQ,0.5,2.40122060409
VANVT,0.5,3.77398645058
YTSTA,0.5,2.29666467305
QPIDM,0.5,3.5331322796
HHNLQ,0.5,2.82391167591
MHSWK,0.5,3.78914625774
RKHHC,0.5,3.67952176657
YLNSC,0.5,2.50198358102
LHMTM,0.5,3.89102587176
STSKP,0.5,3.75352234801
NITHH,0.5,4.20603455272
ISSQT,0.5,2.96297571365
PGWSP,0.5,3.77589016104
HNTNP,0.5,3.19830719069
DANED,0.5,2.05837692954
PSMSN,0.5,3.28957524825
NASMH,0.5,4.0754504429
DTNYC,0.5,2.90880057349
PHTQH,0.5,3.0754504429
WGTQS,0.5,5.39737853779
WSSTH,0.5,3.30371943057
WSSTK,0.5,3.50559483457
TNVTW,0.5,4.02201118394
HYTGT,0.5,3.24828703976
HTWNT,0.5,4.12275615768
HAPMP,0.5,2.44441829349
DWRTN,0.5,2.45396206616
NTCTL,0.5,3.1160924274
FYNTT,0.5,3.42594768998
SRNTL,0.5,2.93185958927
TSYSH,0.5,3.72752713948
CKTSC,0.5,2.80082806279
LMRTK,0.5,2.20098132498
HAMSW,0.5,3.1458397708
KITTI,0.5,3.6229382382
KDFMN,0.5,2.60151925456
YQHMT,0.5,3.75352234801
HSQKI,0.5,2.15562079159
TTKDH,0.5,3.1458397708
NPRHI,0.5,2.56087727007
MQCAQ,0.5,2.1160924274
QSHIT,0.5,4.11107435264
QSNSP,0.5,2.42775218683
PAQFE,0.5,3.42594768998
WGDLP,0.5,3.42594768998
RSTTH,0.5,2.65766233261
IYQSF,0.5,3.25602268854
NMNQC,0.5,3.31151780114
MSCNP,0.5,2.49048794218
SQPEH,0.5,2.69541939345
FCKET,0.5,3.54608026814
QTVSH,0.5,5.35178167135
GNETE,0.5,2.07545044291
PHHIG,0.5,3.27708430408
HTNQQ,0.5,2.48144280258
CMTTT,0.5,3.15111471284
TSLNS,0.5,2.07545044291
NVTHH,0.5,3.66041294362
NHRET,0.5,3.09055733529
KVLSV,0.5,3.75352234802
HMITI,0.5,3.3635758297
QKVNI,0.5,2.92344734946
RTCSP,0.5,2.83274903917
NLSLH,0.5,3.22167118375
NNYRH,0.5,3.27708430408
QLCTM,0.5,2.09455926585
SHWLT,0.5,2.64104761876
PAPDP,0.5,2.1254911254
QHTTK,0.5,2.69212180335
TLVDI,0.5,4.43534638799
RQTSR,0.5,2.41063463449
EIQTH,0.5,3.8239116759
SNNFN,0.5,3.75352234801
PTPRP,0.5,3.18648175529
NNQFN,0.5,2.22996039196
WNQQN,0.5,2.71288036352
KANRP,0.5,3.3973785378
NHQNL,0.5,2.39737853779
YMNSN,0.5,3.03892456687
TGITY,0.5,2.25602268855
EHPSP,0.5,2.38155357063
SKPWP,0.5,3.92344734946
KNTRY,0.5,2.16855984729
GDSTC,0.5,4.3183069668
HDYKQ,0.5,2.55260965409
YRTKT,0.5,3.57664458593
HGQLP,0.5,2.72550797185
LKHSM,0.5,2.42094700893
DPGMP,0.5,2.02100265888
STSHT,0.5,3.54011870991
LYHTQ,0.5,2.33848484874
HWNTN,0.5,5.21295396666
QSFKP,0.5,3.23894917518
YKGTE,0.5,4.95515620918
LCRES,0.5,3.39737853779
TMTNT,0.5,3.88737809475
NPRFP,0.5,2.43159425313
CYLND,0.5,2.16232789358
ENHYT,0.5,2.15687804225
NTHTL,0.5,3.09929718486
NMQLH,0.5,3.28957524825
HAPHV,0.5,2.22415217326
STRCI,0.5,3.30371943057
HQQTL,0.5,3.50246058385
QTGVH,0.5,2.23156964482
TERTM,0.5,3.86899956543
TSQHD,0.5,2.33848484873
STHHN,0.5,2.37019370846
TTFRT,0.5,3.08717973549
HEHTP,0.5,2.11107435263
DQNRP,0.5,3.24537544434
FFPTY,0.5,2.11107435263
RTTNV,0.5,4.44540005265
AVRTP,0.5,2.23894917518
ISTPH,0.5,2.12698074354
QSTNC,0.5,3.05469188274
DTYMT,0.5,2.15207172451
QENTN,0.5,2.26809552084
PTQLH,0.5,2.90036373634
TRLSS,0.5,2.94991956082
NTRHC,0.5,3.18648175529
YRHSP,0.5,2.42337374632
SQSRN,0.5,2.40559904459
QQTAS,0.5,2.33848484873
YCHTL,0.5,3.05308262987
YCHTQ,0.5,2.95230221213
SASHD,0.5,2.48287475807
YRPEH,0.5,4.56087727007
HRMTW,0.5,3.53488206154
NCSQP,0.5,2.94853833042
HVNVS,0.5,3.37243218066
DQYNQ,0.5,2.39242365585
TYQTV,0.5,3.67779502185
NTTWW,0.5,3.92344734946
KAITN,0.5,2.0754504429
ANTSP,0.5,2.56087727008
LRHHY,0.5,3.00144986146
NLTTP,0.5,2.36918164596
QLPFA,0.5,2.45396206616
SSSHD,0.5,2.53779365696
YTAKP,0.5,3.1006877344
RCSEY,0.5,4.68763441236
RQNEN,0.5,2.21295396665
GTHFI,0.5,2.97591476935
TTINS,0.5,3.67551983601
TMNWQ,0.5,3.54359927864
RTLTT,0.5,3.05837692954
FPAYP,0.5,2.23894917519
HSTNC,0.5,2.16855984729
TSHSN,0.5,2.7916574769
YTPTN,0.5,3.24537544434
MSPQP,0.5,2.66041294363
DSNTE,0.5,4.61859276793
VNNTL,0.5,2.51682208999
PPHTP,0.5,4.59482460199
DPGHP,0.5,2.22064835844
DNHHQ,0.5,4.00144986146
FATTI,0.5,3.03892456687
CITSS,0.5,2.75352234801
FTPQP,0.5,3.3973785378
SANLN,0.5,2.26809552085
SANLC,0.5,2.95515620918
HSHYI,0.5,2.49048794218
PHTNE,0.5,3.34704686223
GNANM,0.5,2.84098518927
TTQNE,0.5,2.10715930263
LCMNV,0.5,2.51905709438
HPNNL,0.5,2.1940949394
HSETV,0.5,2.06018368625
HAHHN,0.5,2.50642948605
HKQWP,0.5,2.16855984729
CNMHH,0.5,2.0754504429
VEDTT,0.5,3.21295396666
QYRYH,0.5,4.21295396666
IATSQ,0.5,2.23894917519
IVADN,0.5,2.92344734946
TSHFN,0.5,2.02915679063
NYHTP,0.5,2.33848484873
LHRQT,0.5,4.67952176657
NCTDL,0.5,4.50840985018
KPATN,0.5,3.79791646738
SKAFD,0.5,2.33848484874
IHTNA,0.5,2.30493228902
PITTK,0.5,2.84098518926
EATNI,0.5,2.29409072938
HISDE,0.5,3.23156964481
QGRTK,0.5,4.75352234801
TRTTI,0.5,3.40622945537
PHCYQ,0.5,2.81961153847
SGILS,0.5,2.33848484873
YCTNH,0.5,2.82019338766
HVPQN,0.5,3.66041294362
MNSFI,0.5,2.53779365696
ILNTP,0.5,4.02405129039
TTPHV,0.5,2.83152486002
SDAHN,0.5,3.83324954049
LDMLS,0.5,2.22745353635
PQATT,0.5,3.1940949394
TPPSP,0.5,2.33848484874
HQTKH,0.5,4.50840985018
SSDQP,0.5,2.33848484873
GMRHD,0.5,3.33848484873
GLDLT,0.5,2.89584710312
HQSRN,0.5,4.04522472716
HISLT,0.5,2.25584323884
DCATQ,0.5,2.35032650777
KVPRP,0.5,3.47203939421
ATYDA,0.5,4.65235288368
KGPHN,0.5,2.11448738959
HLSQH,0.5,2.36533238642
QTWRT,0.5,3.82247391679
KQHKP,0.5,2.6484659616
PNLTH,0.5,2.21777519801
RQPIS,0.5,2.93799309071
CKPEH,0.5,2.14536670248
RDSTE,0.5,3.24377040654
NHPYD,0.5,2.10229798059
TLPTN,0.5,2.24377040654
ETQTA,0.5,2.43641548448
NLTWP,0.5,3.2608439199
GSHHN,0.5,3.88197492855
NSQQP,0.5,3.11968005882
NVMTT,0.5,2.00525831984
NFQQP,0.5,2.84013767054
LLTDS,0.5,2.22573648371
QPTPC,0.5,2.01244486043
PRVST,0.5,2.2366459721
GQRTE,0.5,3.13685520263
LSTSH,0.5,2.72181770335
LSTSR,0.5,2.90772120341
VSCHS,0.5,3.6163245745
PITDT,0.5,2.22649241511
GTTNF,0.5,3.2729167522
HASTP,0.5,2.67064951846
IIHKP,0.5,2.1836494141
PHISQ,0.5,2.37052754883
HSRMW,0.5,2.5843141796
TDYKA,0.5,4.79865156802
PRGQP,0.5,2.33365591006
RQTTH,0.5,4.20358131642
KSQIT,0.5,3.70320202518
QYATD,0.5,2.32177291854
NGRTQ,0.5,3.41826813777
HRLDS,0.5,3.2608439199
HLTAQ,0.5,3.02137798521
ACTNP,0.5,2.75073039526
PGYQT,0.5,3.41193279929
QHIHS,0.5,4.78514363872
NTQWP,0.5,2.24377040654
TKAHH,0.5,4.06285462118
PRFRT,0.5,2.00239488184
NTAQN,0.5,3.65364620071
ETSQT,0.5,2.89584710312
CPLLS,0.5,4.2565944469
DCVSN,0.5,3.05751177126
HKQTL,0.5,5.10884082645
VKSRA,0.5,2.97246838472
SQSDP,0.5,2.72181770335
SQTNI,0.5,2.24377040654
PSKWN,0.5,2.37983195611
ITTKP,0.5,2.27771773846
IWHAT,0.5,2.1290918025
IATTH,0.5,4.28190553543
ITPEI,0.5,4.03975651452
HNPTM,0.5,3.06090634939
QCHTP,0.5,2.88707689349
NQSLL,0.5,3.23083135084
ELTSI,0.5,4.45878329751
SGRHP,0.5,4.06090634939
NSEHP,0.5,2.19130298665
ALKHP,0.5,2.09938049721
LYYKT,0.5,2.72764678215
TRTQR,0.5,4.3364196945
QPNRL,0.5,2.2166342766
TNDTL,0.5,2.79982021535
GSNTP,0.5,2.68434299793
NSKVT,0.5,2.38394806459
HYSAH,0.5,2.10884082645
AYPTN,0.5,3.2584171825
SKITT,0.5,4.11287633969
YKFQT,0.5,2.39577349998
TSSRP,0.5,2.95474079217
SLTCT,0.5,2.24377040654
CATAR,0.5,2.33823509055
HPLAQ,0.5,3.32177291854
QRCAK,0.5,3.60634048592
RYYHT,0.5,2.1757061316
KQCLT,0.5,4.364522566
GMAQN,0.5,5.16433593904
TRPRL,0.5,2.44838812615
ALETE,0.5,2.28885829607
PLTTH,0.5,5.95549004955
ASTKY,0.5,3.0537994629
MYSTH,0.5,2.74127006601
LSQAN,0.5,2.6317630828
AAGYP,0.5,5.78134540473
APIET,0.5,3.42510017126
HASYQ,0.5,2.701760051
TVQYT,0.5,2.70418780933
RRTSN,0.5,2.43641548448
DCTNW,0.5,2.24377040654
DTDMA,0.5,2.75834357937
AKITK,0.5,4.04307305631
DLQAP,0.5,3.62906056242
QTMTQ,0.5,2.43641548448
HTKAN,0.5,3.32177291854
VYNHA,0.5,3.8848759853
ATLTI,0.5,3.80353235314
CSQHN,0.5,3.20195023085
PRTSN,0.5,3.25841718251
IHQHT,0.5,3.59484484709
QNFPL,0.5,2.15888150896
YAHTY,0.5,4.91754217421
HVYTA,0.5,3.06368879006
CSARP,0.5,4.69514975288
HLQSC,0.5,2.0213779852
VMENP,0.5,2.98587930398
GTSHS,0.5,3.83851392805
TQRNK,0.5,2.5518927019
STAYT,0.5,3.19615238631
CNPVS,0.5,3.21402306314
KLLTS,0.5,2.25138359065
VQITS,0.5,2.26357888762
PQPLD,0.5,3.74800163515
HDNDS,0.5,2.19130298665
KDSTH,0.5,2.53595115803
HARHH,0.5,3.88120032716
QANHN,0.5,2.67588141918
KSGTL,0.5,3.91214891545
APTTL,0.5,4.5271386549
DPSME,0.5,4.15751467319
AYNTP,0.5,2.09352777096
GLRHP,0.5,2.66523417498
CSVTQ,0.5,2.96415311651
GVPTD,0.5,2.02137798521
MSRKP,0.5,2.67958946796
STYRT,0.5,2.9009812546
STYRH,0.5,4.7375850192
IMTNW,0.5,3.04243960073
QPNQL,0.5,4.03335062687
QLTQH,0.5,2.00409999377
MHSSL,0.5,2.92716264358
QQSLR,0.5,2.99935167888
NLYQT,0.5,3.99100433616
RHDYN,0.5,4.00627109282
ATQQI,0.5,2.2261977771
NKPQA,0.5,2.75177092545
ANTMS,0.5,3.48477850605
HDTSN,0.5,3.52387832573
ESSAN,0.5,4.35924762396
SSPTN,0.5,2.58616260398
LLPTQ,0.5,2.5990356853
KTHSC,0.5,2.37831252992
PDTTQ,0.5,3.2790075866
SQRHP,0.5,3.23437170854
YMQNQ,0.5,2.59484484709
TNSHY,0.5,2.08191952714
PMSTG,0.5,2.17338107865
LVTTT,0.5,3.13685520262
HWLTS,0.5,2.3108846024
MNCDY,0.5,4.12990244198
PCYTP,0.5,3.09176731309
KTQLQ,0.5,2.01172781517
ITTNR,0.5,3.95997744054
TTSQN,0.5,2.74307682272
TPGSY,0.5,2.39061179487
LPMVT,0.5,3.98330994437
DQTAV,0.5,4.8130342209
KETNQ,0.5,2.5567097182
KEHRQ,0.5,2.13685520263
NHLNA,0.5,2.99100433616
TNYTT,0.5,2.91446278129
PVYST,0.5,2.5433306884
FLHLS,0.5,3.95997744054
CNSAL,0.5,3.77157073854
EQPKN,0.5,3.97335647034
EDGHT,0.5,2.53327702374
STPQK,0.5,3.48080960384
GEQMA,0.5,2.45747710001
NSTLQ,0.5,3.79396748911
SPPFP,0.5,2.43641548448
TQNHP,0.5,2.01040686738
NATQP,0.5,4.3374652015
NDNIT,0.5,2.52791383897
QCDTP,0.5,4.09714549282
ASDTL,0.5,3.6536462007
TNHSL,0.5,2.77489475564
CDINK,0.5,4.53233990448
ANPKL,0.5,3.47594384867
RSDVT,0.5,3.20900498838
TSKAH,0.5,2.57596683688
TSKAA,0.5,4.7673323626
EAYTT,0.5,4.91214891545
PTLNV,0.5,2.36241490304
HKNYK,0.5,2.28727204518
TRKQT,0.5,5.01635991044
TGQFT,0.5,2.72181770335
KPTLH,0.5,2.34330608009
AKTTF,0.5,4.16735729102
TMKHH,0.5,4.47682975293
QRTSI,0.5,3.69694303471
TGPCQ,0.5,3.36715282205
CTPQK,0.5,3.61521863727
STHAP,0.5,3.29439647961
NYATM,0.5,3.50680481237
CLSHD,0.5,2.28375527645
TTMTA,0.5,2.35756006377
LEHLS,0.5,3.64586885011
HDNIT,0.5,2.36715282205
SMYQT,0.5,4.5529593896
KGDQL,0.5,3.53595115804
DPQTP,0.5,3.21856985242
SNRTL,0.5,3.52680172094
RINDI,0.5,2.0993804972
AIIDH,0.5,2.36715282205
ATSTL,0.5,3.29676349415
NTADP,0.5,2.08912259184
MDQQE,0.5,2.39061179487
KTLTD,0.5,3.62507704851
TATTA,0.5,3.32009136652
IASTP,0.5,3.71652340367
SFTGN,0.5,4.22381580016
IRTTQ,0.5,3.84240784416
NNEQN,0.5,4.48080960384
PTWSS,0.5,2.1889779337
PFEQT,0.5,2.95426378935
GARTP,0.5,3.68434299793
RTRMT,0.5,4.08849218106
PRHQQ,0.5,2.27233955874
NIYRT,0.5,5.45878329751
SHPSL,0.5,2.36930128862
GDNVS,0.5,3.12373970283
ATQVT,0.5,2.48477850605
QNVTQ,0.5,3.17174072027
DVCMH,0.5,3.67088073812
TWSTM,0.5,2.18957830618
PKTDV,0.5,2.87251459929
HTFTQ,0.5,3.15262251848
YSNTN,0.5,2.36930128862
MSDHN,0.5,2.20747427732
IKGHP,0.5,4.18284140789
EINTL,0.5,2.56569850143
SKTTN,0.5,2.23159569259
SAHFV,0.5,2.98485210918
KDTTT,0.5,2.26158168266
SVTNA,0.5,4.18012791109
QGLQT,0.5,2.75834357937
TSCFD,0.5,4.08507266052
TTPLQ,0.5,3.19130298665
HWQTN,0.5,2.52886173325
CMYKP,0.5,2.13685520263
QPAVS,0.5,2.92425551831
QRVTT,0.5,4.52387832573
CPTEK,0.5,3.05735728231
NPEMQ,0.5,2.08027167426
PYPRP,0.5,4.23803403699
QPPLH,0.5,2.0213779852
TSNQN,0.5,3.26272856424
SNLDN,0.5,2.79787194356
QKTTD,0.5,4.71652340368
HTPAN,0.5,2.70943397889
EPMYS,0.5,2.281137259
HIQVT,0.5,2.13685520263
VGQQP,0.5,2.70943397889
ENRTF,0.5,2.04388538461
LNHHW,0.5,2.00276230704
TPWPC,0.5,2.17717265781
PTHNN,0.5,3.33588860853
TTPDV,0.5,2.30148590439
TPPRM,0.5,2.12091365876
NKLNT,0.5,5.69851032986
EMLGQ,0.5,3.24377040654
LCNAL,0.5,2.8246860742
NATLQ,0.5,2.06090634939
HMMTQ,0.5,2.35698101699
NVTAA,0.5,3.34912340668
QFHTE,0.5,2.68737705802
NTMAT,0.5,3.24587192918
TLNEI,0.5,3.95997744054
TNTRY,0.5,2.89584710312
YRSNP,0.5,2.31556108961
TNINN,0.5,3.45631504192
HIDES,0.5,3.59628682126
ATSQY,0.5,2.15726141329
ANFKP,0.5,4.83302026567
TKTNP,0.5,3.31905853385
RKTSP,0.5,2.69122938351
QEQLN,0.5,4.44284175364
SHTSE,0.5,2.44128123966
QLYDI,0.5,2.39988960845
YTATD,0.5,2.01210017162
YTATA,0.5,4.00409999377
SDASL,0.5,3.83634609137
SNSLN,0.5,2.51251846357
HTSLR,0.5,3.52387832573
HAETY,0.5,3.10779273702
ATHDP,0.5,3.27645110534
SNPQL,0.5,2.08550832263
HMGTN,0.5,4.72796993033
QTHMT,0.5,2.26568518297
GSTPL,0.5,3.62624004337
QPTQL,0.5,2.32394075522
CDPMY,0.5,3.95997744054
TAHSN,0.5,2.25233242004
YKTQS,0.5,2.55505998099
FTFTT,0.5,3.52387832573
LDPTN,0.5,2.78219032132
ADQQP,0.5,3.4293260597
RTSLP,0.5,3.15888150895
NYANE,0.5,3.19130298665
NANRL,0.5,2.44838812615
SSDET,0.5,2.00120010327
LKCSE,0.5,4.35766137307
EATRH,0.5,4.78514363872
CGTTD,0.5,5.13685520262
QGYAN,0.5,2.83851392806
RTPTP,0.5,4.51323108154
HHIST,0.5,2.09462696723
DQRHT,0.5,5.5397032929
TMSSL,0.5,2.92826858081
SGLSA,0.5,2.73409603313
FPIVT,0.5,3.3108846024
MNTPL,0.5,2.76388176291
RTEQN,0.5,4.13685520262
KTQQP,0.5,2.65880790582
HNWTT,0.5,3.27978094231
STKHK,0.5,3.87935898034
TSGIV,0.5,2.73187136801
PCYNK,0.5,3.4856590035
LTRDW,0.5,2.42347642878
FTNTC,0.5,3.81618765394
KETSP,0.5,2.92184231165
ISYTH,0.5,4.90179636945
PLNDR,0.5,2.75834357937
HMGAL,0.5,2.24377040654
DSPRL,0.5,3.59740736116
PHHRP,0.5,2.19025489722
TSQAA,0.5,2.87935898033
NFTSY,0.5,2.03632832667
WAATQ,0.5,2.12091365876
HAYTQ,0.5,3.42130859209
NRVTI,0.5,3.2104118096
PSNYM,0.5,3.47455061337
STISH,0.5,2.1972278206
PAVES,0.5,3.3768586398
CGSTL,0.5,2.49942528201
NLMSN,0.5,2.10626688279
CKHLT,0.5,2.84240784416
CPTHN,0.5,3.97914974981
CTTNN,0.5,2.20900498838
RTQMN,0.5,2.50680481237
ENQLT,0.5,3.27771773846
QSRHC,0.5,3.34330608009
NHKLQ,0.5,3.11330047465
HTETN,0.5,3.48080960385
PGVAE,0.5,3.34330608009
TAHHQ,0.5,5.6536462007
SALNV,0.5,2.85894752031
TANRL,0.5,3.2264924151
DCSLT,0.5,3.45878329751
GTETC,0.5,3.84580642062
LPSTP,0.5,4.21575603037
PSYYT,0.5,2.08027167426
HRSMQ,0.5,3.0497226109
HCNFP,0.5,4.20724453052
QGWTH,0.5,5.02993999871
TAQIT,0.5,4.98541248791
NYSQQ,0.5,3.34661881412
QYNHN,0.5,3.18057658006
NTNLA,0.5,4.32394075523
STSAN,0.5,3.81723726843
DQPTQ,0.5,3.76861191482
YTENT,0.5,2.69694303471
TSAHD,0.5,2.17550113052
NLFTA,0.5,2.24377040654
EHFSS,0.5,2.74627074707
LIINT,0.5,2.06868369998
HNRTP,0.5,3.86572711474
EPTTM,0.5,3.35015975113
KSAAE,0.5,5.45322377217
YTHRT,0.5,2.8413993191
HRKLQ,0.5,3.58616260399
HTWDN,0.5,2.72709264538
MSKDM,0.5,3.39988960846
TITNN,0.5,2.70320202518
RTVDS,0.5,3.80098791678
ENQQN,0.5,3.45631504192
HIQSL,0.5,2.50882398001
NEPKV,0.5,2.0213779852
CAHNL,0.5,5.59067102966
PHPTN,0.5,2.52387832573
NANQN,0.5,2.51170361179
KSPAL,0.5,4.39834744365
KYSFT,0.5,4.15888150895
NDPTN,0.5,2.48704155755
KINFD,0.5,2.39061179487
TCTDQ,0.5,4.40308730842
KEYTT,0.5,3.16044202294
TSTKC,0.5,4.19130298664
LKVSQ,0.5,4.21777519801
DHNTP,0.5,2.06646587473
QPWQA,0.5,2.8355865783
ADATN,0.5,2.48704155756
SRYTA,0.5,3.95299101022
LSSSL,0.5,2.42510017126
TSSMC,0.5,3.34930482071
WKSTQ,0.5,3.08520959708
HITAS,0.5,3.68750333882
DMCLT,0.5,2.67345468179
QSKTL,0.5,3.48080960385
HKLPL,0.5,2.24377040654
HIMSQ,0.5,3.42347642878
PYSTP,0.5,4.22649241511
LASSP,0.5,3.15523373194
TRNIS,0.5,2.35698101699
IYRTH,0.5,3.34330608009
AGLSA,0.5,4.04127754264
SYPQA,0.5,2.06260064793
ILHTN,0.5,3.09592493857
NNYLN,0.5,2.95997744054
RNTAD,0.5,5.48080960385
SNAQP,0.5,3.75834357937
KNPYE,0.5,4.54911561723
NNTHI,0.5,2.09791954008
QSTTH,0.5,2.65880790582
HTKMP,0.5,2.00716412598
LGQFS,0.5,2.60634048593
PTMNP,0.5,3.08666944546
THSTE,0.5,2.5843141796
RYMTK,0.5,2.19540738498
AVNHR,0.5,2.49781602915
RHCER,0.5,3.8848759853
TALQT,0.5,3.71440023178
AKPMQ,0.5,2.01550141887
PYTRS,0.5,3.82873290726
HRTDP,0.5,2.52047974927
STHSL,0.5,2.23258666805
QLQAN,0.5,2.3972448872
HLKTP,0.5,2.83851392806
KSTWT,0.5,3.34673698549
KMHSL,0.5,2.84013767054
HSNVG,0.5,2.26930549865
IEYNT,0.5,3.83851392805
GSCQQ,0.5,4.01334066614
KTTWS,0.5,2.24377040654
STQLH,0.5,4.41369540799
EVPLS,0.5,2.11713696801
EQSTS,0.5,2.91828449223
ATQHQ,0.5,2.2729167522
NYVSS,0.5,2.80273769873
RQTKY,0.5,2.57106501118
PRSTL,0.5,2.9328413106
QIPKP,0.5,3.6695712473
LGNHP,0.5,3.07582576923
LMAMT,0.5,2.02137798521
QNIHS,0.5,2.46195057659
DVTNH,0.5,2.46616282788
QCTNP,0.5,3.09041962963
RDTAN,0.5,2.15888150896
ANYTQ,0.5,4.78956230998
DNTTQ,0.5,2.16642831801
RATNP,0.5,3.14505235559
QWRHP,0.5,2.75834357937
NFEHT,0.5,5.53444756744
PMTSA,0.5,2.66907624127
CISAQ,0.5,3.24377040654
NGAHN,0.5,2.1038401454
WTHTK,0.5,3.3089545753
EYTNT,0.5,2.06868369998
MSNQM,0.5,2.70943397889
NSLKT,0.5,3.09352777096
QFPSP,0.5,2.39834744365
LKPSP,0.5,5.01635991044
LTVTS,0.5,2.2965578209
TTFTH,0.5,4.6130042162
QCAQN,0.5,2.58080539382
DDLNW,0.5,2.48704155756
SAVSA,0.5,2.33453587047
HMSLT,0.5,3.98485210918
RNSTL,0.5,3.03467480782
GVRTH,0.5,2.36602615659
AMTTK,0.5,2.22131555571
DEHSV,0.5,2.91754217422
STVKT,0.5,2.35698101699
EQHSM,0.5,2.32718641473
TASLA,0.5,3.02137798521
LTNDE,0.5,3.33973946507
SLNYA,0.5,2.64586885011
PLARP,0.5,3.42780235418
TFTGM,0.5,2.22301184638
PMTSH,0.5,2.98485210918
AGNSL,0.5,3.43641548448
QTPHQ,0.5,3.73696992858
QQSSL,0.5,4.36241490304
PGDYY,0.5,2.08027167426
IMYNN,0.5,2.66907624127
DAHTQ,0.5,5.30431194847
APVQQ,0.5,2.13685520262
RYQAN,0.5,3.03335062687
YNANC,0.5,3.29439647961
WWQTT,0.5,3.81492710773
RNLTI,0.5,2.36377018265
SNHHN,0.5,2.55290122697
TDSNP,0.5,2.84052933472
HARLP,0.5,3.42130859209
MQASL,0.5,3.30431194847
SWSDP,0.5,2.2565944469
AVYDA,0.5,2.87180162916
PRYTN,0.5,3.53233990448
NCHHN,0.5,3.53795351095
QDRFT,0.5,3.72399207458
SRSTN,0.5,2.29240518179
VYHHT,0.5,2.60634048593
PSLSS,0.5,2.51536682588
NDMSN,0.5,2.44879920893
RATAR,0.5,2.21902374421
PGLST,0.5,2.77626548737
RATAY,0.5,4.60634048592
MANIT,0.5,4.44284175364
QETNT,0.5,2.70490432041
KSMYS,0.5,2.77428512324
MCMDQ,0.5,2.35924762396
WHTGT,0.5,3.34330608009
HKATA,0.5,3.90673541926
HTITC,0.5,2.3433060801
YSSAR,0.5,2.29891196073
GCAQD,0.5,2.2680997359
SSHAN,0.5,2.01172781517
ITKQH,0.5,2.89584710312
YATTS,0.5,3.68434299793
FRRLS,0.5,3.04307305631
YTESW,0.5,3.39988960846
QVTDD,0.5,3.37501493982
PTYMT,0.5,4.63608782933
DESTY,0.5,3.49530917354
VQTAA,0.5,3.25841718251
NQCRL,0.5,2.97557429559
SNISM,0.5,4.51536682588
DMSNP,0.5,3.62906056242
NNPCH,0.5,2.73409603312
EERNQ,0.5,3.88267171437
HVTNN,0.5,2.13685520263
RAMRP,0.5,2.55441269388
KSTPI,0.5,2.7389782545
TSCYK,0.5,2.68279254637
SWMTD,0.5,2.80098791678
NAPSP,0.5,3.39904863202
DNKLN,0.5,2.13685520263
HKYTQ,0.5,4.47350480322
HKYTM,0.5,3.967796945
IQHYK,0.5,2.24377040655
CEPQN,0.5,2.2729167522
HPTYR,0.5,2.96479445684
SVNMT,0.5,2.99538277667
PIKYT,0.5,2.72539315757
QRWQS,0.5,3.52387832573
HQAHT,0.5,3.16044202294
PAQFP,0.5,3.30431194847
DRQLH,0.5,2.40840110831
RATTC,0.5,4.29439647961
NHFNL,0.5,3.11823952446
NLTQA,0.5,2.9015382152
QYFKT,0.5,3.74019623266
AVSRT,0.5,2.5407521443
RPYYN,0.5,2.45878329751
KERTT,0.5,2.60634048592
QNTQT,0.5,3.57157506777
LTETT,0.5,3.43294329258
QANTP,0.5,2.20580255634
LLCHS,0.5,2.0213779852
QSYDN,0.5,3.45878329752
TGWRP,0.5,4.04127754264
TRHSE,0.5,2.13685520262
NSSFL,0.5,2.6222820298
LTSHW,0.5,2.36930128862
ANFLT,0.5,2.04127754264
NASFD,0.5,3.01006267198
YSPHY,0.5,2.48704155755
NAHWN,0.5,2.16576789454
RECHM,0.5,2.60634048593
LSHHR,0.5,2.80564929415
GAKMS,0.5,2.57937343833
QMLTS,0.5,4.49530917354
STYSH,0.5,2.66523417498
RDSIG,0.5,2.15888150896
KATHT,0.5,3.30431194847
QRPLP,0.5,3.22740696033
MNCMD,0.5,2.14363373525
QSHFN,0.5,4.53444756744
TACLA,0.5,2.24377040654
QHKET,0.5,4.52811531862
ASTDP,0.5,2.70943397889
SDIQN,0.5,5.60634048593
SSNYR,0.5,2.50680481238
AVNQH,0.5,3.29439647961
LESRS,0.5,2.0213779852
DWSTF,0.5,2.11823952446
RQKTN,0.5,4.18236986187
DGSPT,0.5,3.72181770335
MMVSQ,0.5,3.13685520262
MQMST,0.5,2.17089152662
NSYDS,0.5,2.5407521443
YDNYE,0.5,2.98073600071
NETWT,0.5,2.08027167426
TMTNH,0.5,3.14755509128
YQPTN,0.5,2.3509192642
CAPIT,0.5,2.73409603312
NHPLQ,0.5,2.20459980926
TSPVT,0.5,5.19372972404
LPDEL,0.5,2.12091365876
HSTSD,0.5,2.14213014466
HHNAN,0.5,3.84013767053
LASEA,0.5,4.21777519801
LKPNL,0.5,3.27595081229
TTYTM,0.5,2.67345468179
SNVAT,0.5,4.06739038296
LKISS,0.5,3.29439647962
QANYP,0.5,3.7939674891
WQQDC,0.5,2.1616992736
PNMTM,0.5,3.55979789999
PAVHS,0.5,4.66348439303
PTRAA,0.5,2.04785019656
RSQVT,0.5,2.51170361178
NKPHQ,0.5,2.67163194618
SHYRT,0.5,2.81723726843
TIRTP,0.5,3.10884082646
HDTAP,0.5,4.7807113924
EVRQT,0.5,2.2729167522
SGHEH,0.5,3.0648002655
ADAFK,0.5,2.00120010326
MTPSL,0.5,2.39061179487
PALTR,0.5,2.40795903843
RAATM,0.5,3.25233242005
KTHAP,0.5,4.20580255634
TTRTE,0.5,2.58480732438
QNFRP,0.5,3.04691307731
SQSRP,0.5,2.43641548449
NNQQI,0.5,3.44639957306
SNLST,0.5,3.52387832573
MRNET,0.5,2.08175060318
MKHDP,0.5,3.77489475563
IYHTM,0.5,2.73758501921
NYSHF,0.5,3.48873651961
PLYAT,0.5,3.22782886267
HSVYS,0.5,2.89131744463
NNKLQ,0.5,4.59830316686
PDQHQ,0.5,2.42689271037
TKHHV,0.5,2.44333489842
PRITH,0.5,2.0917673131
GTPQA,0.5,4.45878329752
FGSTQ,0.5,2.73758501921
PKLNQ,0.5,2.91847807762
DNWTT,0.5,4.47594384867
ARMKP,0.5,2.08027167426
LAQQQ,0.5,3.46321554383
RHRTI,0.5,3.13685520262
NQGAL,0.5,2.92470196579
DKKET,0.5,2.46195057659
PKKAP,0.5,2.87382079679
SNGIM,0.5,3.0511253286
GTCYT,0.5,3.30678020407
KSTNN,0.5,2.20900498838
NKYSN,0.5,2.04785019656
SSQQC,0.5,2.75834357937
LYPYS,0.5,4.04127754264
NNRLN,0.5,3.31905853385
CHPEK,0.5,3.49530917353
DHKES,0.5,4.41369540798
QRMTH,0.5,3.10137730727
YWCQH,0.5,2.51887764467
SGVHT,0.5,4.84117001051
WSDQN,0.5,3.32950028056
YQPQR,0.5,2.52387832573
LKTTR,0.5,2.24377040654
HYHTN,0.5,2.39577349998
NNAVT,0.5,3.15888150895
SNPES,0.5,4.39904863202
PETNP,0.5,2.86937489176
QAVTN,0.5,2.47203939421
TTPMV,0.5,2.92826858082
THQTN,0.5,2.51614267696
PKNNL,0.5,4.92826858082
KPLTQ,0.5,2.10884082645
VTKTM,0.5,3.65273339141
LSMNV,0.5,2.18265889224
PEPKH,0.5,3.13685520262
RASLP,0.5,5.23083135084
MSKAA,0.5,3.41504183369
HSKQN,0.5,3.0270916364
CKSTL,0.5,3.29439647961
IYKTA,0.5,2.20396939848
LTKYT,0.5,2.57391900823
PHSSL,0.5,4.95997744054
QKTHT,0.5,3.31683386873
LWQTD,0.5,2.13327086528
MTSTY,0.5,3.0213779852
CNRLM,0.5,3.33042478879
HNWHT,0.5,5.49942528201
QQHHH,0.5,2.2642345091
RHELQ,0.5,2.42636181982
RATRN,0.5,2.20580255634
QTSLQ,0.5,2.15382828123
LCDAL,0.5,2.16821937353
HSTNP,0.5,2.47594384867
SYVSS,0.5,5.04691307731
NPQTP,0.5,2.96479445684
TKGLN,0.5,2.24377040655
AHINH,0.5,2.47203939421
CDRYK,0.5,2.2545771615
ATRQS,0.5,2.60634048592
RCQTL,0.5,3.41826813777
RVTDT,0.5,4.59426765363
PKHTF,0.5,2.80987388001
LKPTN,0.5,3.64586885012
ICSTP,0.5,2.33384575085
