YHRPQ,0,2.73382516868
LCIPT,0,2.31364436612
RTSSN,0,2.18176797252
GQYNS,0,2.52874429489
HCIKS,0,2.52401982268
HYQPT,0,2.35428635062
HMHPP,0,3.50267819051
HLPKS,0,3.22267070607
PPNMS,0,3.65468128396
RTSST,0,2.3772094949
TSDSA,0,3.22551345584
QKIAS,0,4.03513855153
KIPLN,0,2.0036889129
LPHET,0,2.24245331826
QPNGS,0,2.38860642381
RQQPQ,0,2.73667465615
AELPT,0,2.58524078546
ALLPN,0,2.60751617588
KSHSG,0,2.64080910938
HNCKT,0,2.3938147148
ANPQT,0,3.10214026093
QSTKS,0,2.72868186539
HTQTT,0,2.88548594511
PRNSV,0,2.22388971336
THYPT,0,2.47118564311
SCHPS,0,2.08619498807
CANHS,0,3.01424848459
DRPSG,0,2.75001037485
SRSDL,0,3.03696735233
FPCDG,0,2.74173801823
MNSSA,0,2.65468128395
YNDSL,0,2.02342513096
RGSRQ,0,4.6508797138
GTQST,0,2.45304742279
CTNHT,0,3.32323041495
PTQRA,0,3.27236809054
PDSSW,0,2.4408244466
CATTS,0,2.89860686684
LCNNT,0,2.12636579793
RQTPA,0,3.1575251642
PCNRS,0,2.24897493856
TRNPP,0,2.5475324263
TRNPA,0,2.89218059768
SQPGS,0,3.45464109991
NRYNT,0,4.18436134918
KYNGT,0,2.7956885539
SKHNT,0,3.66414161321
SKNPI,0,4.14822075691
IPRQT,0,3.14822075692
KNSPM,0,2.47284296098
PISPD,0,2.86618538915
TVPPE,0,2.19841000621
QKYSG,0,2.26473476564
LPSGP,0,2.17934327441
PNTPY,0,3.0181884826
IPVPT,0,2.47190645004
IPYRT,0,2.29752470075
RPFTS,0,3.48356936757
QPMAT,0,3.44849587618
HPSPS,0,2.02098086574
CNSTI,0,5.66728132073
YPNGS,0,2.94635573784
YPYRT,0,2.94280667075
SAQRH,0,2.85888058853
NQNST,0,2.44237768025
QTNGT,0,2.89613861125
QTNGP,0,3.3197965931
ESPNH,0,2.07351036239
THTNS,0,2.45255746013
QPRSM,0,2.00878978459
TNNSS,0,2.18811348404
HPFPP,0,2.31517022035
PLQTT,0,2.0588304671
NNYPI,0,2.05969306505
SFCPT,0,2.38195037951
PLQTD,0,3.234130996
NNDPK,0,3.34392693306
NLPPN,0,2.77704488696
NANHT,0,4.00666661271
TKFST,0,2.92485096609
VADSP,0,2.10024072801
KKGTD,0,4.55940078052
YTRPT,0,3.69830821636
YTRPG,0,2.14371936468
PFPRS,0,2.08309062426
WPHSP,0,2.44716803896
NARNN,0,2.96674935572
HCAPT,0,2.07226884142
GSQPQ,0,2.3886064238
KVNTT,0,4.22510769152
HMTNS,0,3.60096342408
SHRPQ,0,3.68752454064
PHKTT,0,2.02044798977
HYHSQ,0,3.33749110809
QVNTM,0,2.26394489699
KNCSQ,0,3.04710827158
KRNQT,0,2.27273642255
VPDTA,0,2.05828388817
ITTPT,0,2.02940856131
YVCPT,0,2.95313380892
RILPT,0,2.37198835235
PCQPT,0,5.74437567251
SKLDS,0,3.74405709129
RNHSN,0,2.70931654054
RFFPT,0,2.37638012147
SVHTW,0,3.01771147977
LLKPN,0,3.38599521035
KWNPS,0,2.77307598476
HKQTS,0,2.06075791566
HKQTW,0,3.86618538916
FPQPF,0,2.03902198601
HFQTT,0,2.26855647659
PADPD,0,2.18154083011
CRQGH,0,3.63326230032
CGNYA,0,2.83674161126
YCKGQ,0,2.56937397133
QLHPL,0,2.16164127268
TDPTK,0,2.7166090331
WNNST,0,2.85245840604
WNNSF,0,2.20491952111
KSNES,0,2.31145680688
QNHSA,0,2.02146361462
TANYT,0,2.56958934717
GRSPT,0,2.49421661176
SPQPT,0,2.48974313518
LCANV,0,2.7286818654
QSSPL,0,3.23964378468
ALDRP,0,2.79907119329
PEQSH,0,2.49421661177
SAPTS,0,2.38797656348
HASAI,0,3.58068070251
NPCHT,0,2.28264777253
PTKPP,0,2.13257880707
NCSRA,0,2.56662510729
FNYSG,0,2.61720657854
ACKPN,0,2.68878913828
STNSG,0,2.82821753895
DAEKP,0,2.04675763479
NTTGH,0,2.6508797138
NTTGI,0,2.07281469653
PHHPI,0,2.81274613019
RMQTQ,0,2.36758317323
PQNNS,0,3.62592229098
RHQSD,0,2.2759970792
LGNLS,0,2.06971878323
NDNLT,0,2.48475628251
KTPDN,0,2.91681146222
AYNRS,0,2.5152782273
PNALS,0,2.89459380434
AHTPQ,0,3.71053451869
SPSQS,0,2.48174366629
RYNNS,0,3.82179126979
KYPSA,0,2.96134262219
AGDSI,0,3.18811348403
AKLPG,0,2.03124463543
YPTGL,0,2.23747268564
QQGPN,0,2.10487962282
RHQNT,0,4.17758281654
SATGA,0,3.21982234377
LRPNT,0,2.47916226604
SNNPN,0,2.51109043033
QLNWT,0,2.41673785909
NRSTA,0,2.40675377051
KNDTD,0,2.60718086035
PQRSH,0,2.42170411198
KVQQS,0,3.07917911249
CSQPP,0,5.0066666127
SCSPH,0,2.01009480055
AVNLS,0,2.82179126979
CSLGR,0,5.2784879207
INPPG,0,2.90925411104
QCSPT,0,4.13078030897
RLTPS,0,3.56864145289
QGPRS,0,2.2480560245
AANNT,0,2.1497181053
QAIRN,0,2.18436134918
NAKPN,0,2.77930793847
KNDSN,0,2.36348631661
PHRTT,0,3.52309773175
QAQSN,0,5.58765747969
RCNYT,0,2.98310314093
QAAPM,0,2.36095008091
TNKSS,0,3.35027328811
LTNGS,0,2.80592486433
RSPSC,0,2.93924885134
TAPTH,0,3.1857268912
DRNQS,0,2.89860686684
CPKES,0,2.8076332068
RLSGE,0,2.97829575548
LAPQT,0,2.07917911249
CAPYG,0,2.37164996956
APLST,0,2.07729200294
WSPHT,0,2.35944805574
LYLPT,0,2.22778362947
NPNPT,0,3.51109043033
SQGTT,0,3.18285775858
WQSSS,0,2.96389832709
SPKQS,0,2.19700278858
RKNNT,0,3.18949339332
NATNS,0,3.20116963687
PSITS,0,4.26664688658
TQNMS,0,3.30882734982
TQDSC,0,2.64961029441
PRSPS,0,2.36517466677
PTCPK,0,5.46744970221
TTMPT,0,3.19524966532
TLNGT,0,3.39842478632
CGKPP,0,3.64939861588
HDNLT,0,2.1933501324
RTESV,0,2.22963839086
QNQSD,0,2.91228180374
KDNTS,0,3.090738073
QGYPY,0,3.19102507946
PIQSH,0,3.33749110808
RASQT,0,2.43778066613
VPRST,0,2.13257880707
RIHST,0,2.89613861125
WNQTN,0,3.07917911248
SYSPS,0,2.24805602449
MGCNT,0,2.05700773148
LPRPQ,0,2.26855647659
DAQNT,0,2.36517466677
KFQAT,0,3.00878978459
NQTKH,0,2.66225450367
NMHSN,0,5.25045053964
GAYNG,0,3.04809874113
SPCMN,0,2.95474994488
PNHPT,0,2.54798786821
PNHPS,0,2.45986510697
SAHTQ,0,2.16649067234
SAHTS,0,2.67428956858
NQNWS,0,4.10057257277
RMKPN,0,3.37638012147
HGPSN,0,2.40675377051
SDQPS,0,4.93813523103
TLANA,0,2.17391960246
LRPSA,0,2.41518239258
VTPTW,0,3.25475067707
PIQTS,0,2.28939681988
AWNLP,0,4.83636973472
NLTPL,0,2.93031572657
LPTPS,0,3.19739129763
RSMPD,0,2.10024072801
PSDWH,0,2.23457279513
TSNPN,0,3.56998411938
SMPDP,0,2.19683070114
SWPHT,0,2.72230295283
HPQLT,0,3.03611039059
TCSTT,0,2.36868572968
RMTGQ,0,2.10719348865
HLQSH,0,3.06971878323
RNNKT,0,3.61620713614
PANQT,0,2.64438363109
HTPTS,0,2.07497177489
PYNSS,0,3.53328617644
HQAPM,0,2.77307598476
TQRNP,0,2.97964343893
HHNPT,0,4.7678202593
QPTST,0,3.88941769538
PRVPS,0,2.81789945453
QASST,0,3.12519927671
HSYPS,0,2.09445437683
RICTA,0,2.7990711933
YPKNQ,0,2.67145699671
SRNHT,0,3.02319450271
IAFTG,0,2.88068495885
CGHPN,0,2.22053496173
KTAPW,0,2.64080910938
SSNKT,0,2.13621419502
QVENS,0,2.01556301319
RTNRS,0,2.54630512292
RLDDG,0,2.50361530976
TPFTS,0,2.26338959534
QPTNT,0,3.19706878927
QQSTG,0,2.55704996521
RMTTT,0,2.55650089002
NANPT,0,2.60811723621
GHLPQ,0,2.29127655309
SQTPV,0,2.65175788875
RPSAC,0,2.77132620281
KATSS,0,3.16253155042
ACMPQ,0,3.40029874837
QTGRW,0,2.31869759385
SSDGS,0,2.32684990492
PTRPT,0,2.36176631574
NSSHS,0,2.2618054346
SVCSN,0,3.51945390326
SLEPT,0,5.58167945302
NSNRS,0,3.04337839106
SLRPT,0,3.70792330523
SMASH,0,3.80219053514
RASSI,0,2.21806670614
CSATH,0,2.87213465548
ASEGH,0,2.02566360316
NNSHS,0,5.74482156805
HNDQN,0,2.49421661176
SPNQT,0,3.05060996029
LDNRT,0,2.42781538604
TNDDI,0,2.81614470665
NKPYG,0,2.00093480126
RIPNT,0,2.61974749385
QDAPN,0,2.04798449088
LNQTV,0,2.03557056082
INDTV,0,3.48356936757
ITQSA,0,2.71126481232
RNQTT,0,2.19012982963
RNQTH,0,2.61320464798
RMYNT,0,2.18285775858
EPHFS,0,2.91228180374
CAPPH,0,2.07660516882
NTSDA,0,2.22201389066
SVAPS,0,3.37253805517
LVQTT,0,4.52049593657
RCNIS,0,2.81882214949
AANSH,0,2.81614470665
LPQMS,0,2.18869627339
RPHQT,0,2.03478499313
PAPTK,0,2.05584660865
QTFNS,0,2.54191335379
RAMAT,0,2.26473476564
VAPST,0,3.61265806906
KTYPA,0,2.59478057833
SPLHT,0,2.72064454634
HTQPV,0,2.3586594823
TQHPT,0,3.76523146976
QQTPY,0,2.03902198601
NIHST,0,2.87552325373
TCDRN,0,2.67524260644
RNNTH,0,2.29706148193
HNASH,0,2.07351036239
SSHNV,0,2.1933501324
NCTSD,0,2.81707698134
TSCMH,0,2.15449920344
NKSFG,0,2.09751093526
NAHHS,0,2.83971317779
KNTSS,0,2.01949942775
RLPPA,0,3.58997559457
HRSGE,0,2.17727192439
NQNNN,0,2.16164127268
PPANA,0,3.7286818654
NQSAQ,0,3.40675377052
PNTNT,0,3.55465246562
NSTTG,0,4.31081277534
QYHPV,0,2.91454841071
QPSLA,0,2.02108119049
IAPTC,0,2.37638012147
QIPPT,0,2.76430577513
HNNTG,0,3.50361530977
YWNKS,0,2.22404692963
KSPSS,0,2.98948817034
YPNYT,0,2.02835346203
NHYNS,0,2.65468128396
TMPAT,0,2.26765816085
QLPLT,0,2.25224382146
APYTS,0,2.1342279157
SKNPD,0,4.92291727425
SIKTT,0,2.48075435196
RGHPT,0,2.23964378468
SSPTT,0,2.37022789449
NRYGT,0,2.24805602449
LFNQS,0,3.3609500809
ASNST,0,5.39770863091
ASNSS,0,2.03902198601
QSHGP,0,3.04095979026
KWCTK,0,2.36868572968
QPNQT,0,2.13194958775
HHRHH,0,2.55970569335
NAHHT,0,2.06042902132
QPQPY,0,2.82179126979
NASAH,0,2.09675174194
TYSGP,0,3.71509280065
LFSNS,0,2.37638012147
TMCNT,0,2.53176635007
FNDST,0,4.01408408426
APTGN,0,3.06871934084
HHKPT,0,2.6714569967
NGTRA,0,2.12921979498
NTATT,0,3.08447341215
NRSSY,0,2.17312028112
TNCSN,0,3.96840889775
NTQAQ,0,2.4448888994
LLANN,0,4.17640798339
NRTSG,0,2.12664585132
ITETS,0,4.07513227942
NIRGP,0,2.40675377051
RVPKG,0,2.12723124189
CYAPG,0,2.36291515957
KFTPT,0,2.49128728072
RPDNT,0,3.83301852521
IKQGT,0,2.89860686685
LNRSH,0,3.22929509638
LNRSS,0,3.28891728022
QAEST,0,2.89487414796
TMNKT,0,2.4634681615
HGPHT,0,4.51109043033
PSFPT,0,3.36224223956
RAAPM,0,2.17934327441
RLTNS,0,2.62680225138
NTSWH,0,2.50829179697
LHASS,0,3.04306315124
SQMPG,0,3.58666286053
DHIPG,0,2.46054658788
KANNG,0,2.5152782273
MPSQT,0,2.0087897846
RAQTS,0,3.02006089693
VWPTS,0,2.79907119329
WPPRT,0,2.22491544753
CSSRE,0,2.12224783437
ARLPE,0,3.83301852521
CPANQ,0,2.56118243563
GPSRT,0,2.45884228166
EHHPT,0,4.55395869546
QWNAT,0,3.29482049183
PNNTD,0,2.54425729427
PNNTA,0,2.92485096609
RTSTA,0,2.40223828939
TQETS,0,2.06971878323
QPSDD,0,2.93924885134
PQPSL,0,2.72145029617
SMRPN,0,2.29127655309
PRSSM,0,2.49421661176
NHNSN,0,2.00260458737
TSRPQ,0,2.12026039186
QKPDQ,0,2.0423423443
KCSMG,0,2.15360395362
THTPQ,0,3.52816394369
RPTGA,0,3.49835041127
KQNNI,0,4.49774830273
KQHPT,0,2.16925445679
LLVPT,0,2.10719348865
PSGHG,0,3.71455273994
CPRTK,0,2.14997835515
NHCSN,0,2.69215598938
KPNQT,0,2.02665006134
NKTGY,0,2.87784830667
ARNTT,0,3.85245840604
INKPP,0,3.96134262219
PCTSS,0,2.78045551513
YKEQG,0,2.08482567563
TTQDP,0,3.20837232302
SMTPQ,0,3.23118220593
WHNTC,0,3.46120155454
PTPAA,0,2.08231882001
YVQST,0,3.3609500809
STNRS,0,3.38784530796
IAHTH,0,2.10719348865
GSNHS,0,3.49421661176
PHAPP,0,2.74390260234
AKNHS,0,2.42665332795
FNPTS,0,2.48356936756
ESRNS,0,2.36145040865
HLPSS,0,2.44716803896
NSAPN,0,2.35135553186
NSQST,0,2.35057093512
PARTS,0,2.70112614288
PARTT,0,2.7787225479
DSNFT,0,2.831419971
RSNGT,0,3.01826748893
TAPSC,0,2.12099928818
QSPTS,0,2.80969230905
YIQNT,0,2.57667877196
YCNKT,0,2.45986510697
LNSNT,0,2.58429195606
SRGKH,0,2.34535322585
MRNFS,0,2.3609500809
NHVNS,0,2.81614470665
PANTT,0,2.35576984179
LPSRN,0,2.23118220593
ITPHS,0,2.90925411104
RVNTT,0,3.05700773149
ALNSS,0,2.31364436613
NRQSA,0,2.09514586089
GAHNS,0,2.33051818469
GAHNT,0,2.55746816799
SHDPS,0,4.11065734396
VTATQ,0,2.5605591066
KNRTN,0,3.11724715332
SVPPL,0,3.1946563299
PNNLT,0,2.44323268304
NTTPS,0,2.50829179698
IRQTY,0,2.21982234377
SFNHT,0,2.17563454476
PDHSS,0,3.42055957004
SFSPA,0,2.39164687813
RQNTS,0,2.85176861638
PSKPT,0,3.20657501988
TAQTA,0,2.15142745982
TKGPE,0,2.25045053963
YPSNS,0,2.51945390326
SDCPT,0,3.74318910899
HANWS,0,3.93139680195
HRGTS,0,2.59262031582
IPSKS,0,2.7656084344
PTGKQ,0,2.89860686684
MTNSS,0,2.17614084238
QPAAA,0,3.37944642452
HGYNI,0,2.05060996029
MKNDT,0,2.29696562497
VPHPP,0,3.31964310675
ANTPN,0,2.09392113156
EPNGT,0,3.63031673556
HKCTQ,0,2.07548462893
RHLPT,0,3.52754199329
TASPH,0,2.05266948247
KTHNP,0,4.51527822729
GPMPT,0,2.07351036239
EQHPT,0,2.27465023451
HNGSD,0,2.24490717994
VTIPP,0,2.1933501324
HQNAS,0,2.16164127268
TMRPN,0,2.05060996029
DRQPF,0,2.2582312458
QINNT,0,2.59939884846
PSRTA,0,2.3743983972
SLSPA,0,2.03557056082
AANPH,0,2.7693238499
TNAPP,0,2.59262031583
YHTPK,0,2.41531578401
DHNPQ,0,3.39543845729
QMPPN,0,2.47714309841
RPQET,0,2.43823200199
RNNLS,0,2.57132553745
GCQAH,0,2.14371936468
SNPNG,0,3.47870361239
SGPQT,0,2.57221912377
TVDAY,0,2.73895020085
APHTH,0,4.13000026298
TFSPT,0,3.25274554118
SPFQS,0,3.01408408426
NPTRA,0,3.22437702802
ANQTV,0,2.1127316722
PACTS,0,2.65468128396
GAGGM,0,2.60315098331
KQSTT,0,2.67057891084
HNPAS,0,3.08052553819
KPTSM,0,2.97432963904
CPVTS,0,5.18022269842
SARNI,0,2.72954035697
SARNT,0,2.99371862415
RHNNT,0,3.14583941655
SKAPP,0,2.611220858
CQKGD,0,2.23895955652
IPRSS,0,2.78179320186
SKNRS,0,2.54630512291
APPLS,0,2.14822075691
RNNMT,0,2.34392693306
DCCNN,0,2.89218059768
NQSYS,0,3.15091486608
QPPAH,0,2.02146361463
NGPDQ,0,2.16164127268
QKCGQ,0,2.66978817635
PLGPT,0,3.25761033121
PSPKT,0,2.82359351243
PLRPT,0,3.40675377052
PMANT,0,3.37418590805
PNKPN,0,2.6093097762
RQFNN,0,2.49421661176
MPSHD,0,2.75747912971
QPRNS,0,4.47888637468
TYHPT,0,3.77015850138
DLRTT,0,2.24513558819
QYHTR,0,2.45737984358
KSPKT,0,2.11115150222
GQRST,0,2.87924154198
SKSSP,0,2.25021898598
PPHSR,0,2.47714309841
VKTNG,0,3.50267819051
INPAG,0,3.08321462572
NPCND,0,3.06106431793
NHDTI,0,3.50478585348
QKSGT,0,2.25063456859
PVPTK,0,2.00765781511
TQNSS,0,3.47945325909
NETTG,0,3.65889353524
NNYNI,0,2.64282112875
MSGPT,0,3.38195037951
HDTPQ,0,2.0066666127
HPSHT,0,2.11570498851
VNQTT,0,2.10719348865
VIRPT,0,2.02146361463
NACKN,0,5.59608417113
NMSST,0,2.52343675068
IAQMT,0,2.02589338655
KPNAN,0,2.01277788676
RPTLI,0,2.36954269142
KQNSS,0,2.63557246101
THCPG,0,3.55940078052
THCPD,0,2.5057952858
SSSQR,0,2.16164127268
DCQPP,0,2.73100691835
APNTA,0,2.37330728743
CFSRS,0,3.14371936468
KIQSM,0,3.85473536841
RNGTA,0,2.228092922
RAAPD,0,2.01408408426
TNSPP,0,2.62398448674
EPNPS,0,3.32694118874
EPNRT,0,2.45450690196
SINTA,0,4.73866595397
QHTPP,0,3.13164653238
ALSTS,0,2.47284296098
QTKPT,0,2.50628944406
CTSSH,0,3.10545843729
GTDTQ,0,2.89860686684
NHTNS,0,3.32958590999
ATNPQ,0,2.17430768451
KPEDS,0,2.59262031583
KNNDT,0,2.61415347737
YSLPT,0,2.15218094343
SRNKS,0,2.37457336476
TPVTT,0,5.51677092793
PNESH,0,2.50098984036
HAFNN,0,2.40965950169
INQPT,0,2.66051036276
TGPSH,0,2.87924154198
YQATG,0,2.31171948919
IEHNS,0,2.04616405526
PANDT,0,2.36517466677
LFQPT,0,3.32670051895
FAHKS,0,3.24325503823
APNAS,0,4.22510769152
NTSRG,0,2.36728232972
YANRT,0,2.75826095466
DARAS,0,2.6276299594
QHSSA,0,2.06971878324
RPFPD,0,3.51004157893
ARSDA,0,2.18965564885
TNPKT,0,5.08924680889
QTCKN,0,2.20837232302
RDKSD,0,2.18811348404
RKPTH,0,2.6772827129
SNNAT,0,2.35671308801
MTHSS,0,2.24805602449
RTNPT,0,2.39440537808
KTGSS,0,2.03902198601
RTSPD,0,3.35722218466
SCIPR,0,4.28327071708
RKNQS,0,2.02566360316
LHRPQ,0,2.00059442258
VLPAT,0,3.49806893726
RYHAT,0,2.18285775858
TNNRT,0,2.05811749696
KGYTS,0,2.21410869257
PPAQT,0,2.6772827129
PPNST,0,3.0712051514
SNEQG,0,3.86253761214
LFWPP,0,2.72868186541
SEAPT,0,2.53308950341
FNNSH,0,2.15534128432
NATTG,0,3.18310846587
KINPS,0,3.07679139111
NPKES,0,2.09683297705
TFRPT,0,3.12759969932
IRATW,0,2.64515850984
GPTTA,0,2.10719348866
MTNNH,0,2.44932515426
NNTNA,0,2.76430577513
LPDQQ,0,2.2049873026
LANMS,0,2.20216907926
QEGNT,0,3.87924154197
NTVNG,0,2.15014563383
QPPPA,0,3.5965783294
CNNQF,0,3.03319290721
QSDTQ,0,3.14010811113
HGPST,0,2.53603678746
AKFNT,0,2.37944642452
FSRPR,0,2.54425729426
HHPNT,0,2.70220965404
KGNSS,0,2.69953551974
SQTPR,0,2.55777030941
QDYSE,0,2.9451736853
CSATS,0,2.06019600912
TCRPP,0,3.16164127267
TKPSY,0,2.78179320186
QLRPT,0,2.02985140012
QDPSH,0,2.77598758018
HAPSI,0,2.31364436612
PHNKT,0,2.26257018153
CQNNT,0,3.78757555445
SVPHT,0,2.23633863996
NRNMS,0,2.92639002336
PSHNV,0,2.97660937885
RIRPA,0,2.04861866246
RTNGT,0,2.81768687146
KNHDD,0,2.59262031582
NHNST,0,3.69391644724
LNTSA,0,2.32429161032
IVPST,0,2.00501309384
YGNHS,0,4.58997559457
GLPST,0,2.91310643654
PLIPN,0,2.11457301902
SSDPS,0,2.32561700778
NRHHS,0,5.64515850984
TNMPH,0,2.13036981102
QYNKS,0,2.04969367252
PRSNT,0,6.37685966113
HCTPP,0,4.62398448673
NVCTS,0,2.80575808842
YRSNS,0,2.69907540332
PTHPP,0,2.63282184999
TRASQ,0,2.18474663294
SVYST,0,2.87924154198
TNHTW,0,2.33102644435
CGTPP,0,2.08589871029
ASNLT,0,2.13648779545
FPTTT,0,3.45907480564
KPCTT,0,2.86071025908
RHHTV,0,2.08623387002
RDNPT,0,3.01277788676
RDNPS,0,3.38806920725
DHGPV,0,2.02146361463
NASGI,0,2.36597252302
GLSPP,0,2.7321127708
RKSSA,0,2.29056075301
NGTAG,0,3.64080910938
NSMSS,0,3.02598617332
KLNTA,0,3.63382267906
EWPNT,0,3.18461179534
YPNKT,0,2.50673465161
TLTPK,0,2.76821022959
ANSSA,0,3.82076626439
HSNQS,0,2.16164127268
HNLHN,0,3.12921979499
HQQHT,0,2.82383909844
ITNNT,0,2.02627349327
KVTGH,0,2.55940078052
FPKGS,0,2.41899736627
LNHPP,0,2.0168072522
QAPMT,0,3.20048540871
HNSTS,0,2.05576858929
PSSST,0,2.53450931771
HRSRY,0,2.93924885134
HPVSH,0,3.9224536088
QPAPT,0,2.47190645004
NEPSR,0,2.72265807777
KAQMS,0,4.11724715332
NPKTI,0,2.50628944406
HPCFT,0,2.63282184999
NTANQ,0,3.28717215476
HASST,0,3.24534775443
THHTT,0,3.73946170415
SLPNV,0,2.17139178316
WPAKT,0,2.84554562309
PNDDQ,0,2.58895710173
CTRPQ,0,2.05909920045
HISSV,0,3.19335013241
IQQTG,0,2.28239343213
LSQPN,0,3.06971878323
PQCTG,0,2.83258273151
HCHDI,0,2.32561700778
DTAPK,0,2.91771568979
SNVPS,0,2.64796585659
SNVPA,0,2.18285775858
DDGKT,0,3.43355382985
RPGST,0,3.28351626129
PPNDT,0,2.40675377051
HANRT,0,2.03848073857
QKPQS,0,2.19876072824
HNDTA,0,2.19580787582
QHFPQ,0,2.00928890068
IAQPE,0,3.46976356804
SFSNS,0,4.27848792071
KLGNQ,0,2.18436134918
VQNDQ,0,2.40675377051
KPSGT,0,3.30291795953
TENPT,0,2.02221835963
MHNAS,0,3.17493809529
NAIPT,0,2.33906696301
PHNTA,0,2.33375193957
TQADS,0,4.09525387534
SCSNA,0,2.23964378468
PTPSA,0,2.56864145289
SHQQT,0,2.78179320186
STYPH,0,2.24595755861
NSHSA,0,2.23063458966
KNGGK,0,2.95695085307
LCPPV,0,2.53920406654
SQQST,0,2.20722230699
PSENS,0,2.41798102594
RSGHT,0,2.22344655715
KRNGS,0,3.45357462727
CLNDT,0,2.12723124189
RPCNT,0,3.90500463804
PSHTG,0,4.07009838988
CSSSS,0,3.20376674835
NQPPK,0,3.16164127268
WNNNN,0,2.06971878324
QHSTH,0,2.14371936468
HHNNS,0,2.32907440669
EPLPG,0,3.08482567563
DTRST,0,2.27465023451
NADPT,0,3.37714730843
SRPTS,0,3.51568814207
NNHTH,0,2.17228851687
FPHQT,0,2.83731354191
SPRSI,0,2.81173760513
IINTT,0,2.48322459638
TGTPK,0,2.30829113163
SKNMT,0,2.73895020085
NSCNN,0,2.71256220004
RTNTS,0,2.32973406866
PAVTS,0,2.93221525948
PYKTG,0,3.0103801155
TMTRG,0,3.74797320401
HQSAS,0,4.02880558997
GHYNV,0,2.79907119329
PPTNA,0,2.4639491721
RNLSS,0,3.89218059768
VSCTT,0,2.94591258162
PPAST,0,2.19607476974
SNDPT,0,2.35187241924
RAWNT,0,3.14925754822
PTTPA,0,2.10719348866
NSDKP,0,3.49892361444
TCNPS,0,5.39088736505
RPPTT,0,2.41574255374
TLNNP,0,2.12868654972
TLNNT,0,2.39098645465
GLHTT,0,2.30157153382
PKSPA,0,2.34201287928
ILHQS,0,7.10719348866
KMCPH,0,2.47044844583
NHSSI,0,2.93657471704
NHSSM,0,3.02146361463
GNNNH,0,2.7693238499
NKTRC,0,2.08440816874
NTPPT,0,2.7693238499
VHPQS,0,3.71458703551
QYYNT,0,2.13099105984
RTTGS,0,2.31364436612
TTNYS,0,2.12773706614
QPASA,0,2.37022789449
NCEPE,0,2.03319290721
TKHTG,0,2.17493809529
SSSGG,0,2.21078067486
PNAPI,0,2.3301324889
KSAPT,0,2.81953529585
CPQPV,0,2.38235711621
CTHSF,0,2.14699449671
SNYNI,0,4.10803397515
TPQTV,0,2.12273992186
TPQTQ,0,2.15885883201
VVPST,0,2.07917911249
HQETG,0,2.1199419814
HNGAQ,0,2.39543845728
SNPAT,0,3.74065450707
CDKPK,0,2.50574286515
TAPNA,0,3.44237768024
PNSSR,0,2.23895955652
TIAPK,0,2.78405862244
TGYNI,0,2.62398448673
KHNSS,0,2.10983337053
YQASH,0,3.20261305373
LPPHS,0,2.48541071438
HWSPT,0,2.09605293105
RNHTS,0,2.25936730514
RNHTA,0,2.01302677748
QSRPT,0,2.82928580634
RKPSQ,0,3.1857268912
IPRNT,0,3.07144346371
PPKPT,0,2.65468128396
NGPKT,0,2.17228851688
DGNPT,0,2.32895161891
AHCPN,0,2.08482567562
QTYPN,0,2.83780358778
NYRNH,0,2.93233772416
QQNNT,0,2.67209833703
GPYLT,0,2.57667877195
STAPV,0,3.34535322585
QFPTG,0,2.02907679874
STQSA,0,3.1199419814
QFPTT,0,3.52141475309
QSHTG,0,3.74882843851
NNKPN,0,2.13406919464
KPLPS,0,2.29837760947
SPKPN,0,2.0168072522
QAGTD,0,3.0588304671
PMNAH,0,5.36224223955
YGAST,0,2.86618538915
RAPAT,0,2.7233286309
TQDPQ,0,2.22463936006
RHPTK,0,2.98655456612
QPDPQ,0,2.46976356804
HPYNT,0,2.53841943877
NDNKT,0,2.31788135901
RASPA,0,2.51975170387
QPTDG,0,2.91454841072
FSPTS,0,3.71487606587
TLPSD,0,2.42305558284
HRAPH,0,2.51356338691
SPSHT,0,2.32561700778
LLPNC,0,3.72145029617
HANDI,0,3.60876095166
EVRPA,0,2.15317969393
DIPSG,0,2.48611156213
TGRNS,0,4.32049803716
SQETH,0,2.07233473144
ARNRT,0,3.57975816489
TTDPP,0,2.70443431916
MSHSI,0,2.33375193957
PVHTI,0,3.23964378468
APAPT,0,2.99171627123
NSFNN,0,3.54015289593
NQTAD,0,2.00260458738
KNNSD,0,2.22825287489
QNTTV,0,2.38403369402
HNHSH,0,2.79377689363
LATPT,0,2.75252860735
SAAGA,0,2.20549556227
QPNRS,0,3.03227036959
SDASS,0,2.27653119311
QTPRT,0,5.02636241404
HAQSH,0,2.29657085277
LPHRT,0,2.52223098793
ASHTS,0,4.14057965715
PNCTY,0,3.43976882774
PNCTH,0,2.96433421484
TQPAS,0,3.44174919187
CTQNI,0,3.83606540078
RTLPE,0,3.02146361463
NINTA,0,2.15569200634
HKPPD,0,2.14552160731
TNDTA,0,2.68145765651
TKPNT,0,3.46032245205
VPKST,0,4.88653403455
QPIRT,0,2.57333532888
MSPHT,0,4.97356892452
KPTNP,0,2.28374288041
TLSTG,0,2.67478885741
HWTPP,0,2.54531460105
QTCTR,0,4.10322458645
RTCDH,0,3.52223098793
INTSS,0,2.74692757433
VTDQH,0,2.49421661176
SLPTG,0,2.0948097642
TDANN,0,2.81614470665
LPKSV,0,2.14094228001
YSGLQ,0,2.21410869257
NCSRT,0,3.22551345584
PTGSG,0,2.68266170118
TWDNN,0,2.20116963687
HRPTG,0,2.75483415326
SACKH,0,4.4462821347
SDNKS,0,3.44237768024
YCRPT,0,2.9870848225
VPRVT,0,2.27693977284
TTGPT,0,2.55756994901
QAAPI,0,2.45932182132
LPSKA,0,2.10189918898
TPCNN,0,3.46203620602
SPPPG,0,2.32429161032
PLSTD,0,3.16164127268
FDNDT,0,2.90237369676
QMNPQ,0,2.19049613535
FNNAT,0,2.85185860765
IDTPI,0,2.73895020085
NMRNN,0,2.29752470075
TPPTT,0,2.04616405526
STHNS,0,2.29360661288
PSNTS,0,2.25547349606
NGTNT,0,2.4462821347
LQCPN,0,2.37583188091
DTNKT,0,3.39670010585
AKDHA,0,2.00501309385
FAPSR,0,2.31032400783
QVHPS,0,2.32958590999
NQTDD,0,2.53328617645
QTTPY,0,2.39670010585
APART,0,4.38893249343
QASNT,0,2.2877657343
KTCPQ,0,2.12896559798
RTTPG,0,2.84785356638
PSCPT,0,2.41846719108
QNSRA,0,3.83301852522
KNPQT,0,3.35794446514
GKHTT,0,3.41574255374
HNPPS,0,2.07768949435
RTQNQ,0,3.48712718698
EMNRS,0,3.55395869546
GYPRT,0,2.22809292201
CLHNI,0,3.82690540149
AAPSV,0,2.72507061185
DQTDT,0,2.13467422508
IPTNT,0,3.09442105477
RLQTT,0,2.18750333599
AAANT,0,2.95519039521
CWGQH,0,2.60210136884
LCPSS,0,3.53977918914
INVPV,0,2.41492770196
TPSQR,0,2.07820332953
QGCPN,0,2.26074941769
AWNPA,0,2.55875686396
RAQWG,0,2.16164127268
QHGPN,0,3.25475067707
QNGVS,0,2.14371936468
CLNGP,0,2.06210559913
NPQHR,0,2.62439266188
TTIPS,0,4.20549556227
NLTGH,0,3.00070505446
TPTNV,0,3.13013029993
HRNNS,0,2.47157577157
INSSN,0,2.49835041127
RLNST,0,2.33275318907
TNCPH,0,2.95265879545
CTNSH,0,2.74419486477
CVCGL,0,3.03478499313
RSAPH,0,2.5836315326
KTNYT,0,2.20753603865
HTTPG,0,2.26090290405
PLNSD,0,2.54723499407
NFSNP,0,2.23191996869
RTNIS,0,2.87490260625
QPSRT,0,2.39993250466
DNHTI,0,2.15600573801
RHPDS,0,2.61849894765
HDTNS,0,2.47284296098
SDDHH,0,2.04482760769
CPDTA,0,2.03586337492
PTKTA,0,2.91454841072
RNKHT,0,2.05060996029
RRTGN,0,3.21732540525
GTNRT,0,3.76317024178
TTAST,0,2.37022789449
VWNKT,0,2.17531620958
WTPNG,0,3.01408408426
YVEPS,0,2.29303408645
NNDTH,0,2.54684354242
QCNTT,0,2.34243278955
NNSAY,0,2.59043192702
ASQTS,0,2.16164127268
KSQPH,0,4.82179126979
KSQPL,0,2.45114788987
YPTPL,0,2.88373359036
NMSQP,0,2.06971878323
VPNPR,0,2.32163715687
VPTKY,0,2.32323041495
NYTKH,0,2.1549466201
HPTTS,0,3.75682234576
HPTTA,0,2.38075856198
RNDTQ,0,4.36167706254
NPKTN,0,2.00213288718
MANTS,0,2.80277992295
HGANS,0,2.31364436612
WQPPT,0,2.42257873768
NWATT,0,2.14732160136
PHTTS,0,2.26925024676
SNNLT,0,3.19524966532
HAHTT,0,3.00249610999
VTPGD,0,3.56864145289
PIHPT,0,2.35428635062
YDAPT,0,2.74214412521
KKNTT,0,2.63075544471
LTHPY,0,3.73468060602
SWNAS,0,2.6394145273
LCQSQ,0,2.97660937884
YHNST,0,2.51826208573
TLGPS,0,3.42244757762
DTLPK,0,3.56518313312
HGNSD,0,2.20228325718
NCNNS,0,4.23357855677
YTNAT,0,2.22948391846
PTCTQ,0,2.4688498916
TQNRT,0,3.82725542152
YTNAS,0,3.11862838371
TSPPK,0,2.74390260234
MPTSS,0,4.77921580941
HMCSK,0,2.56055910658
CNDSM,0,2.85988343511
CNDSS,0,4.39043146521
HHQNN,0,2.17934327441
ETNMS,0,3.77889331136
RPCTQ,0,2.37768572793
IACPE,0,2.22720435018
TSQNV,0,3.05636922958
MSPGT,0,2.03723093049
PLTPS,0,2.59837384305
RTNAS,0,2.76510527365
YQSKS,0,2.36675570258
HNNNS,0,2.56014340423
TYNPL,0,4.23457279513
QRPTR,0,2.05060996029
PKSNG,0,4.33410846868
PKSNF,0,4.17934327441
PKSNA,0,2.7340153097
NWYPS,0,3.41957781087
TKCGN,0,3.46203620602
SGTPD,0,2.25475067707
RPPPL,0,2.90925411104
QGAEG,0,3.59657832939
RFTNS,0,3.18285775858
SPAHT,0,2.46976356804
NATRT,0,3.30157153382
QYDPT,0,3.4005218168
PTNTS,0,3.31028535403
QHPTR,0,2.4540594853
NKNTA,0,3.28939681988
LTYPT,0,2.90029324347
YINNV,0,3.09125194478
NHSNQ,0,3.25045053963
CWNTA,0,2.70714870385
HDSNR,0,3.3938147148
NDPAW,0,3.54630512292
VPTSQ,0,2.15936572798
VNKTI,0,2.43303309531
SNKNW,0,2.20116963687
WPSPT,0,2.03319290721
KNHNS,0,3.33102644435
KPSTT,0,3.40208233079
KNKTD,0,2.47663786463
LPHNI,0,4.05883046709
TNDPH,0,3.81688246941
KPSTR,0,3.12785295922
ASQGR,0,3.15339727858
MPDLS,0,2.88788046025
QTMPT,0,3.05368443144
CPTGI,0,2.38611400445
LANSD,0,2.59657832939
HVSPS,0,2.36683730529
YCSGN,0,2.04535423484
PNHTG,0,2.60642611535
KNKTI,0,2.74135569543
NTKPE,0,2.40985968138
RRLGT,0,2.41492770196
QYYPT,0,3.69215598938
TNSAG,0,2.10719348865
KLNRT,0,2.69551500147
NNPNN,0,2.37198835235
RQGPG,0,2.19012982963
AGCHS,0,2.49421661177
RPYNT,0,2.7300337584
LRNAT,0,2.57667877196
QTSMI,0,2.96134262219
KPWGP,0,2.65468128396
TVNHS,0,2.65667809402
PNRPM,0,2.86149369383
FAQPT,0,2.59789525787
FSSPN,0,2.40675377052
PTIPT,0,3.03840950668
LPESC,0,2.47449837715
NRQTH,0,3.76430577513
TPSLD,0,3.38730140785
PTHSQ,0,2.87853881667
SLPPH,0,2.75501601321
TAPPR,0,3.26699427282
TPISS,0,4.05060996028
TCSPQ,0,3.27574775836
CRQSH,0,3.68752454064
KFPPT,0,2.41104112891
MSNQT,0,2.69591300983
ASQGP,0,3.5261890015
NPQQT,0,2.20048540871
ASNPA,0,2.13467422508
TPNYI,0,2.57667877196
KTNES,0,4.094654293
MHSQH,0,3.07445670224
STQTT,0,2.37638012146
SYNQS,0,2.39026564772
PLHGT,0,2.0828641593
PKNAP,0,3.76430577513
ANNPQ,0,3.41957781087
PNNSA,0,3.40133349473
TNNKT,0,2.34116542888
HSPAT,0,3.13739372643
IRHTM,0,2.47284296098
AVPNH,0,2.72430342489
QRRPN,0,2.57667877196
DQPSG,0,2.20837232302
DQPSH,0,2.17934327441
INSPH,0,2.61620713614
CPPAK,0,3.94369475638
QGSDG,0,2.23580376367
WQNPK,0,2.84969726636
QHRGQ,0,2.30675798054
VATTS,0,3.52569484324
PNPKT,0,2.84770596854
PVSGS,0,2.66873932495
TISPK,0,2.12921979498
QACAT,0,3.10719348865
GRNHS,0,3.94644740832
HEQGN,0,2.75467707393
HSQNI,0,2.39468093821
LPRTN,0,2.00117660048
LPRTA,0,4.44750011286
NINQT,0,2.04535423484
EHNNS,0,2.36404931956
RLSPT,0,2.59345448471
FRNPT,0,2.79218480771
ANASQ,0,2.32304306412
HPSAR,0,2.33533943722
QRATG,0,3.35377247883
APTHT,0,2.63428949513
AFEST,0,2.96968996491
NYKNT,0,2.03124463542
RAFPS,0,2.1110151996
SAHPH,0,4.09924473554
RAART,0,4.79661554156
NFEPE,0,2.98624114117
RPNQT,0,2.97685041051
GKCAN,0,2.79333482374
FGGNQ,0,2.99171627124
YMASD,0,5.82340052265
RHSTP,0,2.46564745957
MDQPN,0,2.09582467457
PIQPE,0,2.0423423443
NNPQS,0,2.11190818253
RGTAT,0,2.84285288532
TSFPK,0,2.79907119328
YLTPS,0,2.24608108231
LPTTT,0,4.21878517978
TIGST,0,2.84415908282
TQVPT,0,3.82821753895
KHTPT,0,3.16527984974
CAASD,0,3.78526539377
IARMT,0,2.02146361463
NENGQ,0,2.12211290849
NADQT,0,2.54329260346
HYLPS,0,2.58666286053
NSQGT,0,3.26289106565
MSNTS,0,2.05060996029
ITSTS,0,2.11681149122
NRGNT,0,2.39026564772
SQTGQ,0,3.31733884967
TGSYG,0,2.33275318907
RTNSS,0,2.47284296098
SDNNA,0,2.21585424033
ANHTT,0,2.69382134226
NPTNG,0,4.21594769223
NPTNS,0,2.41732301222
NFANS,0,3.46223341673
PHETR,0,2.02954834476
TTPSD,0,2.55114367985
ACGMD,0,2.10543087995
LQANV,0,3.07144346371
LQANN,0,3.69677261745
LQGPR,0,3.56157187957
PLSSS,0,3.18094182864
HSMPG,0,3.19185588573
QQSPS,0,3.24469701241
STDTH,0,3.14010811113
NTNAT,0,2.56124873139
CAFKS,0,2.1933501324
PSAPS,0,2.0087897846
CASPQ,0,2.72145029617
CPSTA,0,2.18037783525
YWNRT,0,3.77755897239
FINNT,0,2.28855338516
HSRPY,0,3.22693273293
QRHTI,0,2.25177911054
QINNQ,0,2.21410869258
QLNGS,0,2.55321979913
RNHTI,0,3.14532861754
VTHTR,0,2.26473476564
YPHTT,0,3.4227660885
PTSNS,0,2.71963672579
PSNSS,0,3.24878521078
AESGR,0,2.7990711933
NANKS,0,3.1420790063
FNNTS,0,3.39706037431
TNNTN,0,2.10112748795
PSANT,0,2.09433133772
QACTT,0,2.72692140753
YYMPT,0,2.44589216442
QYMNG,0,2.01369464033
YAAPN,0,2.3609500809
LAHTS,0,2.57166069719
NNNTC,0,2.97285724398
STKTG,0,2.11370679561
SNNKS,0,2.35914513253
TASDD,0,3.64833975708
AAMPE,0,3.47821613307
NHSAA,0,3.86916308895
ANCSH,0,2.58117455322
KNNEH,0,2.53386568842
NTAPV,0,2.28939681988
PTNPI,0,4.0361103906
QSWNT,0,4.00170035981
LVNQT,0,2.61019589811
SRSVT,0,6.52136372308
KATKT,0,4.01161582867
KANQN,0,2.61620713614
PNEPT,0,2.71242245141
SNGSD,0,2.35576984179
THAPP,0,4.45114788988
THLPK,0,2.8473263619
YRAPS,0,3.17228851687
IPQTN,0,2.05364402038
KHTGA,0,3.69433036061
RTMNS,0,2.18811348404
HPRSP,0,2.27391808781
KMHPT,0,2.77598758018
LSANN,0,4.10101491373
RYPSS,0,3.562739581
QSGPY,0,2.04266745868
NYNNS,0,2.26722002903
DCWNT,0,2.13568204561
RLPTQ,0,2.6820317721
HDKPP,0,2.69523538231
HCNHT,0,5.21778435071
HLPHG,0,2.10505774431
SVNNS,0,2.43809173705
PPTHS,0,2.39262181326
SNHPD,0,2.19931169064
SNQDT,0,3.01161582867
RNQTN,0,2.98166260657
NQHPN,0,2.06019600912
TAPPL,0,2.57276372196
STTKE,0,2.79907119328
ILLPD,0,2.67354031121
TTAGY,0,2.32102389649
NNYGG,0,3.16164127268
NNNSA,0,2.71963672579
DSQSH,0,2.87055058171
RTNDT,0,2.32429161032
NKNWT,0,3.91021815721
RSAHT,0,2.21410869257
SYAGH,0,2.14010811113
MYRPT,0,3.4659448918
NACPE,0,2.08956359463
RSPTI,0,2.48356936756
LANNN,0,2.16574567101
SCNWT,0,2.16925445679
ANGSQ,0,2.73135105218
SNNSH,0,4.0368771698
RSDRN,0,2.22510769152
LSESY,0,2.35873225565
LCHTG,0,4.33749110808
APNHT,0,3.78967249529
SERPY,0,4.77857074119
KNKSS,0,3.1903926236
NTPPY,0,3.03402707609
KIQMT,0,2.10719348865
KNPFT,0,2.33410846868
PVRTK,0,2.26117694622
CDNLG,0,2.23769551289
PYNNT,0,2.04707249622
QVSTS,0,2.00501309385
NLTDQ,0,4.00878978459
SRPPR,0,2.61360534095
KLSHH,0,3.39853326371
PSEPN,0,2.75252860736
CKESH,0,3.62269116971
CDLPP,0,3.31364436612
TAPHT,0,3.0932542977
PVNTH,0,2.84304889035
PSQTH,0,2.64621970521
NHPSA,0,3.40675377051
SPIQT,0,2.34086583486
KCQSS,0,3.22835061515
LVNNT,0,2.10983337053
DPQPK,0,2.48648096298
HHNDT,0,2.30691850293
QSQPN,0,2.44543423868
NVNTS,0,2.1924786766
TANPT,0,3.37381988115
TANPK,0,3.81856736892
HNPAD,0,3.28939681988
MPKPS,0,2.67799445195
QHNPD,0,2.42912158354
SPDRP,0,2.64379296781
LIPSS,0,2.07351036239
SIWPK,0,2.42257873768
PKNDS,0,2.78234199856
QRING,0,2.21410869257
NSTHG,0,2.38075856198
RTGAQ,0,2.16574567101
SMRTA,0,2.91454841072
PRNQS,0,2.87909040322
QTDPP,0,3.82629266203
ADSPY,0,2.10719348865
ENPPC,0,3.00170035981
NAMPT,0,3.00501309385
MNQPS,0,4.10410750878
DPNAT,0,2.76430577513
HKNLT,0,2.03902198601
SPTPP,0,2.32163715687
HDSPT,0,2.35695553739
NNSSG,0,3.81371796926
ATSPS,0,2.5322846526
RNSSS,0,2.68213927947
ATSPD,0,2.83301852522
RNTSY,0,2.24805602449
ARNPH,0,2.38403369402
PAASS,0,2.9620245863
HSQPK,0,2.63557246101
QNSTQ,0,2.08482567562
SPCNH,0,2.76039072513
CRNST,0,2.54425729426
HICSA,0,3.33156627412
RNHPP,0,2.5702525028
LRTPS,0,2.21982234377
PDNPF,0,2.62398448673
HAANT,0,2.69783589845
NHFNT,0,2.15091486608
PACKN,0,2.84969726636
SPNTT,0,2.1141129026
NAQNS,0,4.7196367258
TPTSI,0,2.42371259767
LPSNT,0,2.91088519662
TPSKT,0,2.09232021218
TPSKQ,0,3.99921080778
HNTSQ,0,2.58152817161
CNMPH,0,2.24921249352
SNPRT,0,2.28939681988
KPTHS,0,2.87163981924
KPHTV,0,2.55465246562
LNHST,0,2.85153861319
YTNSC,0,2.73228410209
KWNNT,0,2.73468060603
IDSPP,0,2.78818287715
DPHHT,0,3.44517398883
STRST,0,3.20803417816
TCVPT,0,4.27182419043
TCSNP,0,2.62176666148
TPNRT,0,3.07603255717
KAQNT,0,2.57903419295
SNSSC,0,2.01360887709
SYCPD,0,3.62269116971
RIHTK,0,2.46302199016
GPNST,0,3.00170035981
GNQTA,0,2.23815416654
HNNST,0,2.74790643267
GPLST,0,2.61062610388
SASPH,0,2.2998385666
SPCKI,0,2.53603678746
RNPPI,0,2.10101491373
TTMPH,0,2.89218059768
CVDAE,0,3.22809292201
KNRPT,0,3.04638124684
RKNES,0,2.23391717365
FSRTG,0,2.85871413971
SGNTH,0,2.01161582867
SGNTG,0,2.49421661176
SNCSK,0,2.54060951725
HDNES,0,2.49421661177
YPYPS,0,2.41175445157
TFPHS,0,2.38011864401
HLPQT,0,3.00666661271
GTPRT,0,3.25613190745
HANST,0,3.27979659564
DSLPT,0,3.01428402814
ENNRS,0,4.69677261745
NLGHT,0,2.00027828474
FTSPK,0,2.2333022578
REQPY,0,2.37638012147
APNPS,0,2.94732215188
DIGPT,0,2.77831263312
HPGPT,0,2.17493809529
CDSPH,0,4.06658753505
YNNTG,0,4.45888353866
NANTC,0,4.39056173701
PCPHT,0,2.40869157476
TWPTR,0,2.21410869257
THNTS,0,2.24547286348
EGCPT,0,2.16519909209
TTKSG,0,3.56133080762
SCGNQ,0,2.8700758051
QPWWK,0,2.83301852522
GMCAT,0,2.73494085587
LANAT,0,2.17051942402
GYSSA,0,2.52223098793
TEKPT,0,3.25073761456
SSTGA,0,2.45450690196
QINRT,0,3.03319290721
DTCSH,0,2.23964378468
YMNDT,0,2.86618538915
FTGPT,0,4.31450285769
NSHPE,0,3.23964378468
SMNTT,0,2.428356025
KPKQS,0,3.14763441468
TMNTT,0,2.99171627124
TKSSD,0,2.58607746996
TTHPK,0,2.03124463542
NPMPN,0,3.52493519686
IPQQP,0,3.29427904125
NGGPR,0,2.04535423484
SDTSH,0,2.34982670243
SQNST,0,4.50829179698
TPPAT,0,3.75667749541
PLDPK,0,2.07917911248
ATKDT,0,5.39827561659
VNNSY,0,2.98696274126
IGSPI,0,2.14790716164
HVDNH,0,3.28939681988
QNHQT,0,2.03902198601
RNISS,0,2.05178719009
IIPLT,0,2.67264783049
PFQST,0,2.52569484324
REPHT,0,4.15494662011
PQTPS,0,2.5655036964
LQNAT,0,3.13467422508
QPSPY,0,3.22948391846
CSARS,0,3.30829113163
NVTPY,0,4.00666661271
RVHQS,0,2.83078005302
YPLPK,0,2.77930793847
SAPRS,0,2.11824867716
DSTKA,0,3.44676944936
VIQPN,0,3.93031572657
RPSHY,0,2.56055910658
CPQQF,0,2.89401959735
RPTAP,0,2.96746872499
RSNPT,0,2.8037476805
QAAAS,0,2.84415908282
FPAKT,0,3.35803848548
QANAT,0,4.48949420152
VLNTS,0,2.03124463542
GTNPI,0,2.55650089002
QMTPI,0,2.09546419607
YNMPT,0,2.08106375684
RNNKS,0,2.4328160671
TNTPN,0,2.5387821642
TNTTS,0,2.57400463766
ADEPI,0,3.50829179698
NNNTY,0,2.92780450741
QTNPF,0,2.56518313312
QTNPK,0,2.14181983177
QTNPT,0,3.46260700525
ISNDS,0,2.40374502064
QGSST,0,2.17934327441
MRCPR,0,2.23964378468
FNSNT,0,2.82436521346
AFFNN,0,3.48611156213
SPNQS,0,2.5584659687
NASNN,0,5.1141129026
ARSKT,0,2.82179126979
HNSSM,0,3.50628944406
HEATS,0,2.26345860895
QTKTG,0,2.73667465616
RDDPR,0,2.26925024676
GQSAH,0,2.2761696607
NNATG,0,2.1933501324
RNHTT,0,2.24133016131
SSPNS,0,2.25549261333
CPQSI,0,2.61230268169
IPNRT,0,3.73911522174
TQPSI,0,2.93031572657
TQPSH,0,3.0817484721
IAANT,0,2.36452553512
GKPPM,0,2.25058595945
SQPDN,0,3.61320464798
QLLPT,0,3.07090472251
NNASQ,0,2.14371936468
EPCNH,0,2.0423423443
IPNIS,0,2.21925199585
TINQT,0,4.16608717771
TTSPW,0,2.13307212048
SPMST,0,4.56864145289
AGSNV,0,2.41621409976
HHCTY,0,4.3609500809
KCADN,0,2.66978817635
HTQST,0,2.33749110808
WGDPK,0,2.64379296781
AVTGH,0,2.07660516882
RVPQT,0,2.77132620281
NRSKG,0,2.82821753895
NNHSN,0,2.09020613464
NQTGM,0,2.02183625961
CPSPT,0,2.59262031582
QNNSN,0,2.40895132622
QNNSH,0,2.06460510472
QNNST,0,3.4761018172
QNNSQ,0,2.84676793532
QNNSS,0,3.22004164833
HKSTS,0,2.21410869257
TQQTG,0,2.89613861125
HNQTF,0,2.7466037734
TQQTT,0,3.49686619018
HTNSS,0,3.72198721282
VINNT,0,2.4448888994
CTNLS,0,2.25338384131
PKNKT,0,2.55553296309
APPSS,0,2.5131431151
CIGQH,0,2.92852244475
AAAAT,0,3.03772866899
CIKPQ,0,2.06496525327
NGSHT,0,2.37253805517
NPNNQ,0,2.11824867716
QFCPQ,0,2.10719348866
HGQTT,0,3.26473476564
NATPA,0,2.71963672579
NFSSA,0,2.28253383358
KINTS,0,2.01161582867
WRNSS,0,4.41237831971
PPNHT,0,2.7013745194
RNCTK,0,2.33749110808
QNTGS,0,2.03902198601
RACPH,0,2.00070505447
MQNQT,0,2.35079736454
NQHNT,0,2.12921979498
KCNTS,0,3.52223098794
QPKPH,0,2.03902198601
AHAPT,0,2.28204236874
LPHHT,0,2.25844217538
HNRSQ,0,2.53887673924
QKNHT,0,2.21410869257
HTNPG,0,2.7055453666
DLHTH,0,3.19465632991
CGRNI,0,2.26473476564
MSSPT,0,3.57871503911
LANQT,0,2.5419133538
KSAFG,0,2.02473132846
CNNNN,0,3.57667877195
TRSPT,0,2.42912158354
VMFTG,0,2.16164127268
NPRNN,0,2.98166260657
VYNNS,0,2.29983856659
SSTPD,0,4.29943050691
PRQPN,0,4.57667877196
FPSTR,0,2.42122425333
RSSSS,0,2.02824214726
HDNRS,0,2.35253337951
TMKTI,0,2.21410869257
LTHTS,0,2.02665006134
QKTPT,0,3.15121390123
GTDTG,0,2.75343796449
DNSNG,0,2.05751832963
PHQPT,0,3.90237369677
ENQPH,0,4.57975816488
PTPGS,0,2.38657588857
YSNAS,0,2.03790590425
CNRTA,0,3.63705138993
NASTH,0,2.17542822441
VSHPT,0,3.37185898007
QSPLT,0,2.43590011617
NVNQT,0,2.49421661176
CSHKS,0,2.20261305373
LACPD,0,2.17162536125
AAKTT,0,2.0093682896
APKSV,0,2.59416619869
HTSKG,0,3.1913088232
MACDN,0,2.48475628252
YSAPI,0,3.81614470665
QNGLD,0,3.35317273031
ETKPY,0,2.07417843143
NAQPH,0,2.08555265728
GPRAW,0,2.42665332795
NISAS,0,3.61220242839
DTSQG,0,2.34456893932
PNRNP,0,2.01408408426
RNQPT,0,2.61289895987
HVPHQ,0,2.36095008091
GINSN,0,2.05060996029
MCGPN,0,2.36611178602
PKSTR,0,2.62815498945
NHHNS,0,2.89401959735
FHGPT,0,3.16519909209
WQHPT,0,2.2480560245
RTNPI,0,3.29914479643
SNHSQ,0,2.04606398971
LSQTT,0,2.89721228477
RVNNT,0,2.80288280724
CAQNT,0,2.72210921148
RSSPP,0,2.87387978095
NQNTQ,0,3.07222377339
TSDPT,0,2.66662089727
TDSPA,0,2.6506793534
RPFYT,0,2.98166260657
YNVPY,0,2.42170411198
NANMS,0,2.13337742046
SLQPP,0,2.77132620281
FANQS,0,2.32299736511
MTNRT,0,2.43891243828
ANAQT,0,2.03902198601
QSNTH,0,2.47427776472
NKTNS,0,3.11292226537
PNKTH,0,2.53080225022
TGKPP,0,3.05725323392
HSVPT,0,4.97660937884
FTNAS,0,3.50147242777
QKNNT,0,2.33963957466
PHQSA,0,2.86762592351
RTPPI,0,4.37022789449
IPPLT,0,3.04095979026
NTQPL,0,5.02513927278
PFTNS,0,3.59855327158
RQPFS,0,2.42781538604
SNTSG,0,2.27823902999
VDNSN,0,2.03680416076
IQSWD,0,2.62398448673
TGCTS,0,2.2067291622
GTRPA,0,2.26419974059
PRKSQ,0,3.12099928818
PRKST,0,2.83674161126
QICQS,0,2.1860943164
TPKNT,0,2.80118348509
QFNAS,0,2.2446970124
RTDAD,0,2.41084652515
CNDAW,0,2.12803774245
RENQS,0,2.49421661176
AANQT,0,4.21870180387
HNTTG,0,2.69953551974
SGSPQ,0,3.18285775858
AWNSS,0,3.51667146259
QRPKA,0,2.69743093141
QRNQT,0,2.47756193859
CPKST,0,2.04662461234
MQHPT,0,3.61062610387
RAPAG,0,2.95107428674
VTMTG,0,2.5709424024
TQSNY,0,3.16925445679
SQSAT,0,2.22693273293
PATTS,0,2.23569087452
PSAPN,0,2.3005437536
CRTNS,0,4.38403369401
GPRIT,0,2.479431275
QQPSV,0,2.34535322585
IRLPT,0,2.67498084557
NNFNT,0,2.45638453824
CSHTS,0,2.17346670807
NCNGP,0,2.38860642381
SSPPM,0,2.03124463542
LGALG,0,2.37198835235
TCNQT,0,3.76491233181
HQDPT,0,3.11876081598
NKSDH,0,2.82821753895
CTSRG,0,2.38075856198
HCNRT,0,2.16536435872
LNNTH,0,3.01025222267
TDHTA,0,2.94018597059
VSCPH,0,2.52064473705
NYMPD,0,2.96134262219
NPPNE,0,2.98166260657
GACSK,0,2.53013618602
FMCSM,0,4.01364881648
DSQPR,0,3.26473476564
NNKST,0,3.01919700766
NNKSM,0,2.64014519081
INNNV,0,2.99671695229
VIRST,0,2.70048497357
SPNRV,0,2.10719348866
NVPSG,0,2.20919320216
KSHNI,0,2.98770320873
KSNPQ,0,3.07917911249
KSNPP,0,2.31869759385
KSNPR,0,2.46763601265
TISGT,0,3.83971317779
AACPN,0,2.75548192474
HKPTR,0,3.74065450707
SANLS,0,2.34709455985
KKNNT,0,2.07917911249
CTGAD,0,3.57793056817
PGRTS,0,3.20030289305
MLHPT,0,2.73156437394
DSRST,0,2.84702015474
APDTA,0,2.00012851105
AVHTT,0,2.88026057436
NYYNT,0,2.50478585347
QTSQG,0,3.82291793525
SRSKS,0,2.19931169064
SANQS,0,4.19328559817
SAHGP,0,2.02342513097
SAHGT,0,2.2771184901
LSHSG,0,2.12296080451
QDNST,0,3.12703223575
GPQQT,0,3.05060996029
AQANS,0,2.45247207082
NLRTS,0,3.37022789449
KPLSS,0,2.25422327986
YPRPT,0,3.13585724691
TIDNP,0,3.9065996576
RENYT,0,2.10719348865
TQHPE,0,4.3609500809
EWNKS,0,3.17051942402
NIEPS,0,2.16377701702
AISST,0,5.4674497022
GLNSS,0,3.31155198716
LPNRA,0,2.37777470354
AHPPN,0,2.46275918025
IPNLS,0,2.42690034363
SENSS,0,4.0492017659
TDNTM,0,2.0361103906
CQNQT,0,2.20410151922
NASNH,0,2.63157456314
SITTG,0,2.15781956172
NCSAS,0,2.35467163438
MPSSK,0,3.1549466201
KEHPS,0,3.44237768024
MTKPT,0,2.40200024054
RMNPT,0,4.34759169804
HNPSS,0,3.02513927277
THGNT,0,3.93031572657
YAPST,0,2.74941330698
SCKDP,0,3.37125508929
HATPT,0,2.31869759385
ANSTS,0,3.90500463804
SNKTN,0,2.73485163265
QHNRS,0,2.5214809515
EATNS,0,2.7286818654
AQNGY,0,2.10719348866
NTNPP,0,2.31468941871
KINQT,0,2.60315098332
KNMPQ,0,2.13036981102
NATSQ,0,2.0194080051
HTNLS,0,2.45841589034
HPSSI,0,2.67145699671
RPKAT,0,2.60315098331
QLNTA,0,2.24385603596
RSQSN,0,2.21410869257
HPTSA,0,4.22267070608
HPTST,0,2.01792615055
KPSSM,0,3.32429161032
RNDSQ,0,2.10172527602
RNDSS,0,2.04289499516
MQCTT,0,2.60113181568
FSPPI,0,2.00093480126
DDPNC,0,2.39543845728
TNGSD,0,2.05620955994
HAHTA,0,2.34535322585
GHNAS,0,2.85421274749
QCQTQ,0,4.41826775853
MVPSC,0,2.29549701941
GQNSS,0,3.94835990204
MQMPS,0,2.21718152662
YRNNS,0,3.71462832911
NPKHG,0,2.34086583486
RASPS,0,2.5855569233
SNNNH,0,2.1124684307
AQSPS,0,2.30675798054
PLRSG,0,2.44612232356
ILNTS,0,2.43650111391
KNNST,0,3.50026565645
TMTPS,0,2.45884228166
CQKTS,0,2.70198699874
CWHTA,0,2.40005911794
RPQTS,0,2.32675986591
PHQSM,0,2.49421661177
DVNDT,0,2.7286818654
NMNDT,0,2.02259558412
TNGTQ,0,2.36611178602
LPCNN,0,4.12978017372
PNCPD,0,2.32473819601
PANKT,0,3.65244627957
SPISI,0,2.37418590805
DYDAG,0,3.96746872499
QRQTA,0,2.41028546149
RCTPN,0,2.20672916221
IDKPT,0,3.30186719835
MNHPT,0,2.45718849202
QTSQT,0,3.00093480127
LPMNT,0,2.05686895076
TGNRT,0,2.09821589253
NEEST,0,3.47623887084
GSHST,0,2.07263626661
QAVAS,0,3.39543845729
TIPPY,0,2.30291795953
TIPPH,0,2.5304557552
SINGH,0,2.15465484236
AAHTT,0,2.94280667076
VVQST,0,2.3551210021
SQNMT,0,5.86253761213
NCRPS,0,2.00139882463
RMTPN,0,2.96134262219
QCQTS,0,3.62176666148
APLPN,0,2.65468128396
AYYPS,0,2.57667877196
MASAR,0,3.25641949743
TSVPH,0,2.55597977928
GNGTC,0,5.13467422508
TTGLI,0,2.66499857494
PAFNH,0,3.05780546169
GPFKT,0,3.32004213732
FARPN,0,2.3768214411
RTSSY,0,2.05987675372
PLKTA,0,3.02632419401
FYDIG,0,2.16007558291
NGMYG,0,2.48527880982
HDNKT,0,2.24946587272
KHSTR,0,2.35974792774
RPMSN,0,3.10045592359
RPMST,0,3.00426727313
PPTPF,0,4.03781983285
FNMPP,0,2.30371389283
NTTKQ,0,2.47522514516
YFAPA,0,2.61128669474
IFNGT,0,3.99370982976
YCRNN,0,2.39369525966
KTNLS,0,2.48826266826
ISPTT,0,2.02632419401
NNTGP,0,2.6678702231
MVTPT,0,2.97385677412
PRNSD,0,2.17130283832
CPHSQ,0,3.18466122118
FKNNT,0,2.99717784835
PDRPP,0,2.9893794778
HSPTQ,0,2.24222462425
TPRSS,0,2.10736076611
KPVQS,0,2.04067948699
ISANS,0,3.34380638387
RGTPI,0,2.00170040705
GTRSG,0,3.8451747549
TTCNS,0,2.18659902542
IQPNH,0,2.16144112492
MASKS,0,3.42028946967
LPETY,0,2.16382771776
NPSSK,0,3.23213373116
NTSAQ,0,2.21359109223
ITNAS,0,2.65789763703
RSKSA,0,2.54174576149
ERINN,0,2.01579352652
RAKPT,0,2.30303353674
HRDSN,0,2.28935859985
QPTPV,0,2.06696617851
DSNST,0,2.62706969198
PSPRS,0,2.06723632083
ITHPT,0,2.93867151197
GQRTT,0,3.70439609913
TTLPT,0,2.08290772238
LPSGT,0,2.03156084238
PNTPH,0,2.70839802968
PAHNT,0,3.57532981696
NKSSM,0,2.4268621236
RSHPT,0,2.35974792774
RCQAN,0,2.01182462432
GGNST,0,2.26388791234
CNSTK,0,4.10493402871
NISGQ,0,3.43910571935
NPPKT,0,3.53728611329
TGCRT,0,2.23046491079
KPHRH,0,2.38246800424
FSNRT,0,2.74640362565
RTNGP,0,2.68167602263
NNNKS,0,2.1745884126
VACHH,0,3.95611519173
QSQST,0,2.15811406657
SIKQT,0,2.59546172758
RENAT,0,4.46886965012
SDSPE,0,2.02971478322
RPTNT,0,2.43209877197
KKNKT,0,3.56759541232
RTKTT,0,2.25500709506
DANNT,0,2.13735550641
RMRPT,0,2.25715001894
IGRLS,0,3.05489334621
DQDWD,0,2.40038991223
IFPNH,0,3.10806994478
RNGTT,0,2.22458834446
CAAKN,0,4.24222462426
CPHNH,0,2.22224440399
SRCSS,0,2.5034834052
RSCKD,0,2.19716490164
FVLPT,0,4.37870608544
CEHPD,0,2.04543301696
RAMHS,0,3.18336790416
RLLGT,0,4.43413012406
KTRPQ,0,2.07176716477
CAPSS,0,2.50456448059
RTLDT,0,4.91751461767
LTAPD,0,2.11602699696
NPRRP,0,2.31031821849
HNWSS,0,4.65672966549
QSSPN,0,2.28935859985
SNPHT,0,2.58214034908
TMMPT,0,2.88799603746
QKPHT,0,2.57946124887
NMAPT,0,2.45571698627
AHPST,0,2.04715769743
YKPTK,0,2.57623974764
VKPSR,0,2.55870677961
SVHTQ,0,2.63728190327
SVHTR,0,2.36378344098
HQNPS,0,3.40483581726
DGNQS,0,3.38324510905
CTPGH,0,2.79837224733
RCTGN,0,3.08013063771
SRTSG,0,3.01182462432
EPCQT,0,3.92162681535
FCFPT,0,2.59192136987
QNKSF,0,2.52201935664
RPCPS,0,3.05489334621
RNESI,0,3.21914959757
DLHPT,0,2.64925454493
PCNAT,0,2.14816226136
RGHHT,0,3.1373555064
TIQGS,0,2.05686558854
QHNYT,0,2.30085423868
KNTPA,0,2.12031302241
ATTPT,0,2.35974792774
QPKTT,0,2.46951882348
SHNKT,0,2.79715324004
PEQSS,0,2.55239300568
APPYS,0,2.51860469223
PNGPA,0,3.062587738
RPPTY,0,2.63985584694
RPPTA,0,2.55639493624
IQQPS,0,2.06823114575
NQNKT,0,3.09396291089
NCSRQ,0,3.32057733046
SQANY,0,2.39369525967
HEQPN,0,2.11717762446
FNYSI,0,2.74879021849
NFSPM,0,2.89553758648
QMQTA,0,2.74002000886
YPSSE,0,2.9060299603
MPNST,0,2.2153580184
PMNHS,0,4.11248083776
TCNST,0,2.02944016724
TPVLS,0,2.24044899936
RPANT,0,2.213976788
ANGTT,0,2.36343674345
ANGTK,0,2.14623365775
VRNTS,0,3.34990014178
KPSPP,0,2.39137953679
NLLPT,0,4.1671028498
RTKST,0,2.83891576444
PSQNS,0,2.47463784817
QQFNH,0,4.08013063771
HDIPI,0,3.44721076899
EPNHT,0,3.25810766586
PESPS,0,2.1518550761
YPTGS,0,2.70439609913
EPTSD,0,2.89735206922
RVLPN,0,2.20009126175
CNNHT,0,5.03889286752
PDCND,0,2.94928315825
PHTPI,0,3.37115269101
PCPYS,0,3.01182462432
ADNNS,0,2.49099246102
SSPLG,0,3.0008535065
PNFST,0,2.22194567844
KNDTM,0,2.67478963704
NYFNN,0,3.83779522455
DCNYS,0,2.27121125314
QEPPP,0,3.16906436613
GAQNN,0,2.01119089049
QTQQA,0,3.03351969542
HTNSC,0,2.55239300568
NLTGI,0,3.56946651904
QPQHN,0,2.07785449465
RFQNS,0,2.62564198771
YIDSA,0,2.04467350389
QYTPN,0,3.46429631128
NLNQT,0,2.85857836402
HASPG,0,2.2551919967
MLPGT,0,4.05489334621
TDNYG,0,2.7187513921
TNKSE,0,2.16382771776
HMATR,0,2.65726212354
LTNGG,0,2.86743471498
KPTAS,0,3.26367195619
WTHPN,0,2.35974792774
DPSTH,0,2.42971048591
ACYNN,0,2.34990014178
KIAPN,0,2.52639779715
PPKSN,0,2.65299694662
RTIPS,0,4.70439609912
TNESA,0,3.65992146999
TPCNP,0,2.35974792774
LIPPA,0,2.55988754223
STGGP,0,2.13735550641
PKDPS,0,2.23046491079
PCSTT,0,2.06775003892
ITCPS,0,4.92743243703
QPLPT,0,5.58765033047
KPLST,0,3.90994501031
HSRPT,0,2.68386478871
QQYQT,0,2.91496308506
PKKPC,0,2.5010742284
PTNPY,0,4.79524952957
SHPTK,0,2.43340496946
CEPPQ,0,2.27925800988
TPDRL,0,3.97865776039
TKHNP,0,2.23421704566
CPNNT,0,3.26205125385
CPNNQ,0,3.58481448338
ATPND,0,2.16382771776
RAINS,0,2.06429204421
KQVPS,0,2.64299555446
CYNTK,0,3.21535801841
RFQTS,0,2.4539303668
QNPSI,0,2.28773668282
HYNKT,0,3.38427024687
VMPNT,0,2.28084709999
CIRGT,0,3.00556563385
PSWPS,0,2.93139128607
HNVTA,0,4.42938211558
SPTQI,0,2.2761832111
TEHPK,0,3.30982270241
CAGAR,0,3.23421704566
DFYPT,0,3.4539303668
QIKTT,0,4.2005175271
HVSTV,0,2.16007558291
CDKST,0,2.61768446593
VTQPT,0,2.35974792774
TPQKT,0,2.37493433155
HMGPI,0,2.69923439401
GAAAT,0,2.52068414595
QNRSG,0,2.33435858448
KFNST,0,2.07024131054
WNHSG,0,3.85820143521
RNAST,0,2.9840324723
RNASA,0,2.71159160052
YPGKT,0,3.67182823667
CTNKT,0,2.01768527575
KPHNS,0,2.09244308453
KPHNT,0,5.92743243703
LPNGC,0,3.06896853142
KINTT,0,3.12195081341
QPTHT,0,2.35516065825
RCNAT,0,3.02875195233
GHNKT,0,3.37342286463
KGTPI,0,2.70596339427
TSAPI,0,3.69535095952
HVYTS,0,2.78978759036
RPHYS,0,2.77478542702
AEPSS,0,2.04638184636
MGPNI,0,3.26999327498
TNKPH,0,3.20583524428
CTQPY,0,2.1727066176
TREPT,0,3.3887161519
HTCTS,0,2.26464961268
PKASR,0,2.74002000886
SQDPT,0,2.10698185736
HHNPE,0,2.13140624007
HRSTI,0,2.71977132501
NIAPQ,0,2.6848433017
RMNGP,0,3.24044899937
HNNRT,0,2.09590506291
KSDQG,0,2.79837224734
NWPNT,0,2.52201935664
PYAPD,0,2.03004248226
HALPT,0,3.18710854159
TARPV,0,2.26021225419
LPNTS,0,3.97641928819
QNNLS,0,3.02395717947
MNHSV,0,2.8839071494
PMHRP,0,4.26622210105
TIIPG,0,5.04067948699
LICST,0,2.36249330448
QIPPH,0,2.73296525132
QQDNT,0,3.04780392142
NHNTT,0,2.13735550641
NITQS,0,3.01182462432
KNKSL,0,2.01706127268
SQTPN,0,2.73750441094
TQSDH,0,3.49099246102
TMQPP,0,2.88154232786
SSNPT,0,2.55239300568
NHNNS,0,2.25283272383
FTPPE,0,2.37493433155
ICPSK,0,2.39369525967
TTFYG,0,3.17071410335
PTRPH,0,2.26367195618
NSRNN,0,3.38528301985
NITDN,0,2.16144112492
NPHDH,0,2.17893461016
MQEPP,0,2.28935859985
HNSAS,0,3.72824284108
HPSES,0,3.9719318972
NHHKT,0,4.76444348279
GNCTA,0,3.82541150009
GNCTI,0,2.77478542702
HPTMS,0,2.61950720154
TVSPT,0,2.67614376572
LCSPP,0,2.30846742279
QPKYT,0,3.50658931607
QNSSQ,0,3.59790766493
QPGMT,0,3.20264696666
NRTNH,0,4.26755422953
CRNHR,0,2.21535801841
YDNNS,0,2.75708342528
TNPMS,0,2.23591934088
CNQTN,0,3.78489872566
HNRSV,0,3.21045088768
QADNH,0,4.14135743696
NENAT,0,2.02632419401
TTQTS,0,2.81987331655
THLGT,0,3.38528301985
MNPPR,0,2.44316393592
RANST,0,2.67892541161
YGCGN,0,2.04337935819
NTSDC,0,5.94184509477
EGTKS,0,3.81292055591
STEGA,0,2.11762910156
HPDVT,0,2.23889353287
TPSPH,0,2.68790797634
SNPKT,0,3.26021225419
QIGAT,0,2.30133124152
NNQGA,0,3.56436564735
SAAQG,0,3.1480027506
PNQTQ,0,2.01102953196
HMPSS,0,2.01182462432
NDSKS,0,3.09108165382
KCTPP,0,2.97995760284
LYSPT,0,2.07495896927
QGLPT,0,2.37405576442
LRHPH,0,2.46385633108
KNVSA,0,2.12497178195
EDPNY,0,2.49580947731
HKPSQ,0,2.19772812438
CTVPN,0,2.18798157947
HQNPN,0,2.47954244027
HPKTG,0,2.04896039046
HPKTS,0,2.81987331655
NCNER,0,3.75750743558
ASSTR,0,3.1745884126
RNNTT,0,3.06616445855
KMHTS,0,2.00070665983
PRMPQ,0,2.1103884588
SCNTT,0,2.60891318988
NPHNT,0,2.48926502711
QSSTS,0,2.94471042846
MPKKT,0,5.08637157768
QLGPP,0,3.34380638387
QHNSS,0,3.30111444159
DDRKL,0,4.338325449
QNNDT,0,4.25619173591
LNKTT,0,3.27228508649
QVKPS,0,2.02054184142
HNNGS,0,4.08637157769
QPCPS,0,2.25591211675
QPSST,0,3.69782344521
HENTT,0,2.60238114151
KPQPS,0,3.14043489934
HMSPT,0,5.98145097528
RNLPA,0,2.28935859985
SHPTR,0,2.66787022311
NQNNP,0,2.35974792774
HLNNS,0,3.18552278886
PNGSG,0,2.3802120303
SNHTG,0,2.84517475491
NPYPT,0,2.4088656943
NQSAA,0,2.31910594324
NGHYS,0,3.06546258792
LHMPP,0,2.40562828916
YKNQT,0,4.00634949425
QIPPQ,0,2.59408595398
QIPPP,0,2.35974792774
QTNQS,0,2.4504016804
ISNGT,0,2.63039551768
NKNKT,0,3.34439996341
SKSKS,0,2.01182462432
NMTNV,0,2.25744935189
PNQTI,0,2.58586771023
PNQTN,0,3.81093837784
MKNTS,0,2.56612372154
GTSPI,0,2.63039551768
PMQPK,0,2.52542595808
LNGSN,0,2.75033238329
TPAPP,0,2.989798318
KTHSN,0,2.35612761206
VVCTS,0,2.6678702231
QPHKG,0,2.02632419401
KNNPK,0,2.68989652943
TPIGN,0,4.16120224835
SCNST,0,2.41506891046
HMHNN,0,2.66787022311
KTGRN,0,2.6678702231
CPTNA,0,2.25283272383
NETPS,0,2.77478542702
PHSNH,0,2.79340110519
NPKNN,0,2.20689643966
YTKPA,0,2.99491124138
GTQDS,0,3.24541525226
YVKPS,0,3.36317883314
RGSPM,0,2.01182462432
NRTSS,0,3.13281158126
NGSDT,0,2.89877414429
NNATS,0,5.04957954631
HPNLS,0,3.25283272382
LNRSQ,0,3.04327426294
SGYPT,0,3.43910571935
VAATT,0,2.1373555064
VKNDT,0,3.49099246102
QQEPT,0,2.20446970227
SPLPN,0,3.8662837815
NSPKT,0,2.07176716477
KSSDM,0,2.55239300568
SKVPT,0,2.49794522166
SNHPP,0,2.25810766587
AYNDT,0,3.10185682518
GHSPD,0,2.28935859985
CSNTS,0,4.22544683603
KVQTI,0,2.56734334715
NKSNT,0,3.29450190312
KISTT,0,2.425039388
IKNNS,0,3.15384362918
NQANT,0,2.34439996341
PFCPA,0,2.33826820033
HNNTC,0,2.40506461673
HDNTT,0,2.08290772238
PNDLV,0,2.8129205559
ANDAS,0,2.09296138704
NPSNS,0,2.91384946476
HCHRH,0,2.92162681535
PPNVT,0,2.10844281448
PNNTQ,0,2.61741279753
GDTTA,0,3.08844590591
RQAPM,0,3.30728050785
ICNTT,0,2.61977593489
TMCSH,0,3.12123584103
RHPVS,0,2.34380638387
SKCNS,0,2.49826779182
KPFNT,0,2.72231800712
PNPPT,0,2.57987374211
NPYGE,0,2.52437862951
SSYNI,0,2.52930939257
CAANK,0,3.45152417783
RQPTW,0,2.9060299603
NQTNH,0,2.9873300624
NQTNT,0,2.41134912423
QKNAS,0,3.91124766957
HVSNI,0,2.94143529642
RAYNQ,0,3.4756117712
QLQPP,0,2.61994238178
NASRA,0,2.11909330001
RHSSS,0,2.17333480351
TALPN,0,4.30728050785
QTPTR,0,2.41313514049
QDHSH,0,2.72231800712
MNNSH,0,3.00305441469
TAAPT,0,2.29535734047
MPANN,0,2.22795805519
TKPPT,0,2.44316393592
TEDPQ,0,2.45928360129
SRNPG,0,2.11427189329
SACRT,0,2.54142188786
SSCKN,0,2.06979222259
KVNRT,0,2.46727639205
TIQPP,0,2.11582234485
TTPGQ,0,2.17771324402
KVNLS,0,2.37342286463
MQNNS,0,2.12680558706
ATRSS,0,2.33480157061
DTTPS,0,2.76370192789
APLNS,0,2.11837240303
APPTT,0,2.88799603747
TRAST,0,2.49794522166
LGPTT,0,2.88440991819
KNRTV,0,3.01618981688
NLCRG,0,2.15857199232
NSSPT,0,2.73498441896
NSSPP,0,2.25036446824
KTMSF,0,3.34246993631
ATATR,0,2.72231800712
KITPA,0,2.86896786608
PRRSS,0,2.97741459353
TAQTQ,0,2.18758097551
PQNQT,0,2.04580156851
HYPTS,0,2.47055471363
SNRTN,0,2.11295416291
GNSSS,0,2.89816784252
TIGKP,0,3.20446970226
KKHNT,0,2.67577542118
CARTT,0,4.16382771776
IPSKP,0,2.37480630253
TQTPQ,0,2.1373555064
SPSNS,0,3.06546258792
SPSNQ,0,2.22616477335
DAAPQ,0,2.03781983285
QYDGI,0,2.08844590592
HNDST,0,2.06199350649
CSTNT,0,2.79185894038
ANTPS,0,2.60816397698
NNENH,0,2.33666431463
YDPTR,0,2.25764974012
YPTTF,0,2.59969872046
HCQPN,0,2.41837565771
SDRTP,0,2.9099450103
MTPTA,0,2.87432110057
TTTPT,0,2.63039551768
RLLPT,0,2.65726212354
QQNST,0,2.35348893727
LWQNT,0,2.47242470098
KRPNP,0,2.55239300568
TMSND,0,2.63728190327
FPVKT,0,2.06696617851
TAHNT,0,3.01579352653
MNNKS,0,2.29693181955
IPTPG,0,2.46993084549
IPTPQ,0,2.09247390772
GAKAN,0,2.13735550641
MCQPN,0,2.67577542118
LAKGT,0,2.989798318
HPNAT,0,3.37812645706
APHTQ,0,2.63728190327
MSNNH,0,2.94471042847
DIDPS,0,2.33480157061
TRNRS,0,2.89989734728
TPNNS,0,2.25410775266
NCNHT,0,3.16906436613
HQNSS,0,3.37182076004
FPEAT,0,2.37771447427
RKYNN,0,2.27901665563
LPSAI,0,2.52601759026
PAYST,0,2.05489334621
HAYNT,0,2.79771616206
IPVRS,0,3.45374541775
QPSTI,0,2.98808997553
PNKPT,0,3.77992873029
YNASH,0,3.44463682533
NATAT,0,2.01885874377
PRNMT,0,3.76740589665
TKNKT,0,2.02632419402
TIDNT,0,2.36928214414
LQIPS,0,2.35675788513
RSNLS,0,2.82777851463
NMSNA,0,2.03044030249
QIANG,0,3.28132128078
VTQPN,0,2.60486042558
CTSNT,0,4.75850034343
LHDSS,0,3.39369525967
TDDIN,0,2.32106745957
PSNRS,0,2.1491809418
KNSTQ,0,2.75170181391
VPHHT,0,2.5944347765
PQNDT,0,2.51997152798
SKSNT,0,3.35974792774
YPHNT,0,2.93321478962
TPKQT,0,2.3240311775
NDPKG,0,2.4268621236
RINST,0,2.38082764585
NNNHS,0,2.93705685592
RQNHS,0,3.09512727101
LNPSI,0,3.02920670255
QLCHT,0,3.43775043974
PNQST,0,3.44982327204
KTPNS,0,2.35974792774
TTNTA,0,2.26699078682
FANES,0,2.65024032908
ATSAT,0,2.53511501425
NSKPY,0,2.82541150009
SANPM,0,2.47477210856
CDLPT,0,2.29270980935
CTETH,0,2.07672914745
RANVT,0,2.91738982246
KLSAT,0,2.37734628014
QNNNS,0,3.09081292047
QGPTS,0,2.02054184143
SRCSV,0,3.48527880982
NTCSN,0,2.52382385349
YNKSN,0,2.55539549385
HHGSA,0,2.92678852047
MRQTS,0,2.04210719126
SPRPM,0,2.00170040705
SPRPT,0,3.02632419401
NTQLF,0,2.94471042847
KLYPD,0,2.24753842415
YTQPH,0,3.77478542702
TTVPI,0,3.8149000143
HFNHT,0,2.88170063093
RTSPT,0,2.03909149009
PYNTS,0,3.55881927484
KFPHT,0,2.49482771815
STQNS,0,2.10654945962
NFSGH,0,2.43691578826
NVGNH,0,2.26021225418
HNQPP,0,2.72231800713
MANPL,0,2.17893461016
QRGAS,0,2.24044899937
RPSLD,0,2.33666431463
SSAPQ,0,3.95611519173
TAENT,0,2.46047051624
PPNSN,0,2.4805000872
KGYNT,0,2.17130283833
YKNKT,0,2.98535241296
LVHNS,0,2.21535801841
TPEQG,0,2.63117011907
PMNNT,0,3.17761937662
PSGPT,0,2.20009126175
HPFNT,0,2.80340386084
VLQTT,0,2.04525392255
KSPTC,0,3.92936246412
NNNPP,0,3.57476081871
QTNTS,0,2.67830190298
SMFSH,0,3.08844590593
HPTRT,0,2.90602996029
NMHNT,0,3.18982292629
RMLPP,0,5.1146354299
VLSDS,0,2.2153580184
QSSPP,0,2.52201935664
QTESA,0,2.30728050785
EEHGC,0,3.27485903015
DNSSQ,0,2.62564198771
TGRKT,0,2.08607500146
TPQQP,0,2.66787022311
PSRSS,0,2.87030803806
LNQSH,0,3.05172328332
PKRGS,0,4.54377987538
TSSPY,0,3.69535095952
LRTNS,0,2.12585986756
FSRPS,0,4.80873275894
WPTSQ,0,2.22761895657
TNHAT,0,2.40614083323
SPRTR,0,2.31714175636
VGQQV,0,2.79185894038
FPPNN,0,2.16382771776
YCEPN,0,3.18982292629
QTSPL,0,2.49099246102
RNNAT,0,2.75899654121
TADNP,0,2.04271863226
DPNSA,0,2.24541525226
MSNSV,0,3.62564198771
NCNSD,0,2.75170181391
MPPGN,0,3.54032017338
MAQPT,0,2.59678712504
KPMQP,0,3.25744935189
LNTSQ,0,2.1480027506
TCQAS,0,2.15230584787
NPNRS,0,2.50281097683
QTQTS,0,2.71385642838
HSSPT,0,2.77081652482
NMNPT,0,2.18982292629
LQAPP,0,2.59303499018
PNMPI,0,2.97257380824
YVPSY,0,2.44316393592
HGDPT,0,2.28935859985
YNTPT,0,2.9873300624
NSTKD,0,3.1535447445
RPMGS,0,3.17130283832
TLYGN,0,2.54311519209
LLSSS,0,3.16091023438
FTNTT,0,2.87985928412
PDHPH,0,2.05828393541
PQNTT,0,2.34131067949
AAKPN,0,2.22616477336
SSDMS,0,3.9573768403
MSAPT,0,2.33052778882
IPPFS,0,3.03478577276
RRIPT,0,2.93525009921
TNHTI,0,2.18211208464
YNFSA,0,4.40705364252
DAKAS,0,2.59969872046
MPHPT,0,3.61704596402
PRCTN,0,2.02219630839
RDNPG,0,2.01805657803
MHDHR,0,3.03426201343
KTCAS,0,2.75924457612
PCNSN,0,3.1600755829
ANYNT,0,3.07176716478
QSNNS,0,2.46385633108
KQHPC,0,2.2153580184
KNNTH,0,3.76389711088
KNNTI,0,2.9239912437
KNNTM,0,2.14260167597
NGTAQ,0,2.72565371969
SISTT,0,2.77968422643
IKSSY,0,2.50740555091
TAMGH,0,3.3337527192
VASQS,0,4.23046491079
PCAST,0,2.53090358271
TLPSQ,0,2.26860003968
AAPNC,0,2.41298994902
AAPNN,0,2.69535095952
KNNKS,0,2.26860003968
VTNLS,0,3.02952662605
RCYTH,0,3.28935859985
HSCSQ,0,2.68687833786
TACNS,0,4.79397899225
YPKSN,0,2.57229256312
HNTPN,0,2.05064387321
KPTKD,0,2.30041378835
SQCPN,0,2.13735550641
KNQTN,0,2.81542741151
DDNNQ,0,2.16621036908
TGNKS,0,2.16757011945
TGNKP,0,2.77478542702
HSNLH,0,3.47295853819
KQSST,0,2.69816414541
GCKQG,0,3.46568137248
PTGTA,0,2.989798318
VQLGA,0,3.83532696895
FNRPP,0,2.07176716477
AHLPH,0,2.62693995905
KNSSQ,0,2.43108670946
KNSSG,0,2.62496163163
HACTH,0,4.0967135219
LTPPL,0,3.20639715082
QNNPT,0,2.17857816913
KNRST,0,2.544859333
NRHPY,0,2.83367911607
HIAGS,0,2.61704596403
NQKPN,0,2.07176716478
DHAPT,0,2.96743050497
INKTT,0,2.61512876103
HSLPS,0,2.08290772238
LYCSS,0,3.18747898583
QTNDT,0,3.13895761099
HASHW,0,5.66091746246
GSPPK,0,3.20992413235
ANNAT,0,2.40614083323
QMNSS,0,4.30473382573
PMPPH,0,3.70687360273
NTGSN,0,2.13066085383
TNQST,0,3.92162681535
HINSA,0,3.18830669385
QKNNS,0,3.21797396661
NSNPP,0,2.92162681535
HNDTS,0,3.58017616219
HNDTE,0,2.00137783688
MAKTT,0,2.28058839022
GRSPY,0,2.23646365141
YTHTT,0,2.83779522454
IPSQI,0,3.4485571947
KTCSK,0,2.26663852335
NMTDG,0,2.6281605133
KLNHS,0,3.92905383325
IVIPK,0,2.09671352191
NTQTT,0,2.27409184319
YSPTT,0,2.21219073932
TNSSN,0,2.21765713449
HNPNI,0,2.11038845881
AVAPT,0,2.6678702231
KNSSL,0,3.46993084549
SAHHS,0,2.91496308506
RGCNT,0,2.37342286463
HFPTG,0,2.05649367365
PTPSH,0,3.2185183593
HTTPA,0,2.17483021182
SNSTR,0,2.17997514035
HNPTD,0,2.55239300568
RHRTT,0,3.52201935664
LINYG,0,3.08637157768
MNNAS,0,3.1373555064
CPTTT,0,2.82541150009
GIDAT,0,2.87432110057
YLKPY,0,3.01182462432
HTPNS,0,2.83618597168
VKCPT,0,2.86925011102
NFKTT,0,3.57125203293
NLQTQ,0,3.35974792774
NNETN,0,2.85007355433
HQNNT,0,2.18408655675
VTAPA,0,3.53348454313
TPYPT,0,2.15711876122
QTHPV,0,3.00556563385
CSNNP,0,2.1983849398
TRPSG,0,2.20092063518
CQNRS,0,2.8549557757
THSTG,0,3.44424420183
SPQSM,0,3.10320728399
TTYSG,0,2.7458727351
SQPSY,0,3.24541525226
RTNTA,0,2.46993084549
PSHRT,0,2.3520943552
YQPSH,0,2.59840540344
QGRSP,0,2.16007558291
SHNTS,0,2.63039551768
PPTNT,0,2.69736589706
EPRTD,0,2.33162432683
PPHHT,0,2.18982292629
NTNTS,0,3.89412425018
MLNKS,0,2.54679029945
HPNTV,0,2.13313092054
TRTPT,0,2.65548649865
HNCTA,0,2.10791172851
AQQPL,0,2.64925454494
RHPKS,0,4.97064721764
NKTRS,0,2.1373555064
QKPNI,0,2.78121169618
KVPTS,0,3.71159160053
KQQAT,0,2.34594212821
NAHNT,0,2.13283294771
GPTSY,0,2.25228049605
QVHTI,0,2.07434570887
AACGR,0,2.92162681535
YPQPE,0,2.1180871727
SLNKP,0,2.4840060307
LKNQT,0,2.11136029787
TPQTC,0,3.15534125188
AQSTR,0,3.19772812438
QEDQN,0,3.27485903015
LAKTT,0,2.15534125188
KASAW,0,2.96241243019
RSSTT,0,2.41994270966
APSWA,0,3.92825990768
APITT,0,2.59840540344
RPQPT,0,2.55988754223
ACHSS,0,3.01951901611
MSNKT,0,2.63740911945
TNKTH,0,2.01372415723
ILKTS,0,4.48615930728
HHPKP,0,2.55239300568
TPSAS,0,4.15725506384
KANLT,0,2.28935859985
RNHTH,0,2.89342992352
PCIPT,0,2.44626465482
NLSSS,0,2.36597988145
ESDTN,0,2.33666431463
YHLPT,0,2.54142188786
RKPST,0,3.2304649108
VALPN,0,2.19314328459
YPINQ,0,2.13735550641
TNEPE,0,2.18659902542
GRDNS,0,2.3132053418
YNQTS,0,2.44316393592
STAPP,0,2.28935859984
RTNDS,0,2.22515111089
NSNPT,0,2.22860456877
QSHTQ,0,2.04835050034
RVNRS,0,2.50880373713
SAIPP,0,3.32888696404
MDTPT,0,3.3877623039
GVSAT,0,2.34990014178
SPKPT,0,3.04989266516
NEHPT,0,3.22755331538
NTTNG,0,2.54909541558
SGPNN,0,3.1049340287
PTNSI,0,4.72765145142
PTNSC,0,2.38328748454
KLHSS,0,2.54801456517
TCPRT,0,2.63331300106
TQSGT,0,2.74002000886
CNESH,0,2.40994874066
QFPKT,0,3.65992146999
HNENH,0,2.6678702231
IYPNI,0,2.46385633108
FPTLT,0,2.1373555064
FSPTT,0,2.27293305194
QNPPT,0,3.44316393593
ARSTS,0,2.87432110057
RQQTI,0,3.95449144925
HNRTI,0,2.59969872046
RTVPP,0,2.12393499064
NNNFR,0,2.4268621236
VTPSV,0,2.05762831393
HPTDR,0,3.28212703062
EPNAT,0,2.78441412821
HNSGP,0,2.09913618417
PNHST,0,2.9099450103
NVSAH,0,2.28935859984
TTDPD,0,4.23109094467
TRHAS,0,3.44316393593
HSPPT,0,2.39656820129
MHPTK,0,3.1600755829
KNISQ,0,2.17688387059
QNTTG,0,3.00581159669
PQRTH,0,2.09671352191
PTLPN,0,3.00305441469
PNRST,0,3.20362872582
PYCNN,0,2.03044030249
TKDNQ,0,3.43413012406
TRLPN,0,2.47463784816
TIHTS,0,2.02821501347
NSQQT,0,2.13263309616
QQTNG,0,3.68292456882
AVSPN,0,3.41298994902
CNPPA,0,3.15756872729
PCAPT,0,3.60405512551
CTQSH,0,2.74704043653
GWVTT,0,2.74161856308
LPIMS,0,2.6593082096
MTRPV,0,2.69325554152
QHNNH,0,2.31019210326
HSDPM,0,2.06527782836
KAQHT,0,4.12334864841
NCNNH,0,2.81542741151
NNTSM,0,2.99717784835
KTPPY,0,2.31947393075
QAAPT,0,3.16768004326
RRNQT,0,2.18466122118
GASPF,0,2.24306494757
QSGPK,0,3.59192136987
NSGKV,0,4.71696477263
NVCSH,0,2.3768214411
NRNVS,0,2.04219827336
HISPQ,0,2.07595496173
DRSPT,0,3.32498250958
VTQPA,0,2.85982153087
YTLPG,0,4.03351969541
EPPRT,0,3.22616477336
PPNAA,0,2.85123748746
NDQNQ,0,3.76184637131
RCVNG,0,2.16496773761
PTSSH,0,2.82439587524
NNYTG,0,3.96743050496
GPKNN,0,2.31615865919
NANLS,0,2.2651110536
PDGPQ,0,3.00518542695
LNETD,0,4.1373555064
QHPDS,0,2.28935859985
GNHGQ,0,2.72993119123
HTLPQ,0,2.02632419401
KENNS,0,2.24222462425
TATPT,0,2.71159160052
NMTGD,0,4.12730184175
RCPNH,0,2.18042422829
ARSAH,0,2.50289104427
NRNNT,0,3.03454470082
PTPKA,0,2.6978234452
FNCTH,0,2.31105367094
RDSPM,0,3.76740589665
TMSPP,0,3.06546258792
EIPPA,0,4.07264981701
GRDTH,0,2.15329705027
NDSQA,0,4.08844590592
SLANT,0,2.09671352191
LPNNN,0,4.20264696665
LPNNT,0,2.02632419402
PTPDT,0,2.73681757682
KASTT,0,2.24362092085
IARTS,0,2.36378344097
HQPAQ,0,2.64622939172
QGPNV,0,2.12270873044
QNTPQ,0,2.94471042847
CDQPH,0,3.18502194003
AFHSH,0,3.04902872414
HINTI,0,2.40483581727
YTPST,0,2.05049711618
NTESS,0,2.14675420441
RAKTS,0,3.10082963038
GSIPK,0,2.03208346331
NKDPT,0,2.08716974923
NVHTI,0,2.64277924214
NNPKS,0,4.04424610202
ENRSH,0,2.09671352191
KEQQP,0,2.6678702231
GLKTM,0,3.68790797634
NCTPT,0,2.27041703619
NCYPD,0,2.36796843454
APQLT,0,3.57031491368
PVHGP,0,2.85007355433
EAKPQ,0,2.51833116961
INHQT,0,2.71466443458
EPRSS,0,5.46428428235
TVPTF,0,2.66231069776
SQMPY,0,2.1373555064
MSQGR,0,2.23046491079
HNNFT,0,3.13066085383
IQPSR,0,4.13161913685
HPCPT,0,3.43340496946
HCNMS,0,6.30192727335
RVYPP,0,2.78619019029
YPPNQ,0,2.18366463898
HYAPT,0,2.22795805519
PTKTS,0,3.65265712916
QCAPT,0,4.67708875313
SNDSH,0,2.59470381054
STSNM,0,2.09988080098
RNYTS,0,3.37309086716
QTNNS,0,3.08077197803
HWNRT,0,3.09232175279
HANHT,0,2.2153580184
PALGP,0,3.45928360129
HAKPT,0,2.04183719339
GRYNV,0,2.66323877437
HPNSQ,0,2.31489369196
LAHQT,0,2.05489334621
QLQST,0,2.96743050496
KPPPL,0,2.23332456493
TASGP,0,3.35662182675
ANCGD,0,3.04067948699
MNNAI,0,2.73119615847
NDHTS,0,4.36660159878
LQPGR,0,2.45285733213
SMCRT,0,3.10698185736
HRNAT,0,2.51762758752
VVPPY,0,2.76789904143
YSPNT,0,3.54032017338
KPGTT,0,3.29834738307
CPQNV,0,2.02187828899
PTNTD,0,2.92162681535
LKTNS,0,2.98325547212
APRTT,0,2.89026264444
SVHPP,0,2.73681757682
GMTPT,0,2.32710069384
NTSPY,0,2.18585402409
HTRTG,0,2.33666431462
HMAPY,0,2.69923439401
RTMST,0,2.34594212822
AVIPS,0,2.66985058723
TSDQS,0,4.12497178195
PHNAS,0,2.87864702597
SRATS,0,2.44547780177
TRNAS,0,2.3293742787
TAANS,0,2.22616477335
TPPTG,0,2.46047051624
GPSSA,0,2.99491124138
PLTPT,0,2.65917402413
RMNST,0,2.12889392765
HNPPV,0,4.68167602263
HSNTT,0,2.1944994135
TCDNN,0,2.92364881293
HNNNT,0,2.26585184697
MIHPP,0,2.34653230824
NQVPN,0,4.48750347494
FPSNI,0,2.99150463994
RNNHT,0,2.64871912276
NQDNQ,0,2.72231800713
NLATT,0,2.20009126175
SNQGT,0,2.57381198931
FNNQT,0,2.25693712215
GPTHT,0,3.7687109126
AKAPY,0,2.50880373713
SVNSS,0,3.22426357163
KNHSN,0,2.44547780176
MPIRT,0,2.8117796345
NATRG,0,3.76579664379
LAVNS,0,3.75080656408
CNHPP,0,2.23538758936
SFPKT,0,2.24871661535
PTNTE,0,2.58214034908
PQEPS,0,2.47839242424
QIPKS,0,3.60448151683
SKSDS,0,3.87030803806
NHSNH,0,2.20446970226
HLNRS,0,4.6431161761
VPTST,0,2.78221563249
QMDPM,0,2.04033105201
QMDPG,0,2.52270132074
CTLPN,0,3.2904852653
CTLPR,0,2.32014472527
NFQSP,0,2.51175102118
LLYQS,0,3.64843969315
RGCAT,0,3.57886521704
LPSKT,0,3.17688387059
DNNLT,0,3.04543301696
MTNHS,0,3.5814859172
PAPRT,0,2.31015040146
PAPRS,0,2.20868195355
WSNRT,0,2.44547780177
QQHTS,0,2.70181755502
DMNSS,0,2.24427071032
QPKRT,0,2.15128246445
CNANM,0,2.18244339593
YTNSS,0,2.87185284498
DHSNA,0,2.01182462432
AASMS,0,2.42686212359
QSANS,0,2.23873252677
KSNNS,0,3.3526234933
KSNNE,0,6.3293742787
LPHNT,0,4.10976967473
TTNGT,0,3.63985584693
CYSPT,0,3.35034922974
RATNS,0,2.64843969315
HNHTS,0,4.63560637393
YNPPR,0,3.00556563385
QPQLS,0,2.54968879676
KMPYK,0,2.6544911933
KMPYT,0,4.27121125314
PYPTT,0,2.19328678161
CANAT,0,2.88231389132
AACPQ,0,2.05489334621
CNNSH,0,2.02469770563
SKDPV,0,2.33998467292
LNPPT,0,2.33148407551
FNQSN,0,2.2153580184
SPVTT,0,2.28400536535
LVNAT,0,2.22377025822
QPDQQ,0,2.28935859985
RCGQW,0,2.80505843813
TLSSA,0,3.05489334621
KPTMT,0,3.05489334621
LCNPT,0,2.43822198576
RAPKT,0,4.21370639253
DYPSH,0,2.08582520576
MLSTG,0,4.07456037967
NCNQT,0,4.75663808031
NCTND,0,2.78121169618
QCPSR,0,2.22795805519
VQPKG,0,2.65548649865
RTSNS,0,2.38117930826
QNNHT,0,2.2153580184
QNNHS,0,2.87787891999
RTNSA,0,3.64389136016
TYRPW,0,3.49881196548
TCANR,0,2.54569835311
RLKPY,0,2.68624875242
INGGT,0,3.00305441469
TVCPQ,0,2.70889749136
VDLPQ,0,2.75033238329
PRNTQ,0,2.92881905569
RHREN,0,2.52201935664
PKHNS,0,2.1103884588
LYNPT,0,3.07176716478
CYNHT,0,3.31535380838
AHTNT,0,2.54377987538
VVTPY,0,3.95232361257
YFNSS,0,2.516688944
RDQSH,0,2.58008473955
IINTQ,0,2.02632419401
NCHPK,0,4.56095501918
HPSAA,0,2.37836360591
RPTGT,0,3.03351969542
KPENT,0,2.52814545943
SSMPT,0,2.05828393541
NIQPD,0,2.02632419401
KPSAL,0,4.53294064301
LANDS,0,2.16103450287
HKAPT,0,4.66091746247
QPNPT,0,2.42106427906
FKNMS,0,2.34594212821
SAHPN,0,3.57229256312
QPVPL,0,2.78212740236
NAHST,0,2.26860003968
RTPSA,0,2.28634984998
TPPST,0,2.17761024219
STFPT,0,2.932326704
NTVPW,0,3.74221756456
TYSSA,0,2.94928315825
CQYPH,0,2.59192136987
RDSSD,0,2.41673790633
HAAMS,0,2.80663429306
PCTGP,0,3.84533304061
KPMSQ,0,3.71039483975
NVTPT,0,2.36306066178
QNSSA,0,2.58732679579
HFNQT,0,3.98979831799
IPQGP,0,3.8143137912
TPSTT,0,2.35319021172
LNHTS,0,2.10365598784
IQNKT,0,3.01439398393
CNMSK,0,2.47242470098
QTPHS,0,2.34594212821
RSFTS,0,3.76184637131
NMNRS,0,3.60301907875
RNKSQ,0,2.60106685241
YTNTG,0,3.06272984044
HTPPT,0,2.63874171062
LASPS,0,2.24889200834
QQTTK,0,3.73561482974
QITAG,0,2.63039551768
PKPPL,0,2.44917228533
ANHTA,0,2.31792775205
KTNTS,0,2.14479209524
MRSNS,0,2.01706127268
HEPWR,0,3.17948098207
HTATH,0,2.36736111185
THNSS,0,2.7135932589
STNGT,0,2.65548649865
SCPAQ,0,2.08942102934
SPKQT,0,2.16382771776
PKNTK,0,2.82541150008
TPDTT,0,2.06696617851
KSLNA,0,2.7455076345
PHPNP,0,2.70919708539
HNKTH,0,3.08844590592
CPNAQ,0,3.03044030249
GPKKT,0,3.47839242424
PTNAS,0,2.27873096401
NNTPE,0,2.24753842415
TNNTS,0,2.45928360129
PTNKT,0,4.24820127509
YNNPK,0,2.00784477341
CNQQS,0,2.03781983286
SIKPT,0,3.61128669474
PPETH,0,2.24427071032
DNGKV,0,2.73296525132
SKPNT,0,2.91496308506
LSGPR,0,3.01182462432
RPPNS,0,2.192850619
DNYDC,0,3.83367911607
INNSS,0,3.75626533905
NAHTH,0,2.27323893449
GPGAG,0,2.24044899936
RTKSS,0,2.31792775204
KQDRH,0,2.07176716477
KNDST,0,2.8793743283
NMPTR,0,2.71159160053
KNGSH,0,3.00784477341
LCQPT,0,3.42971048591
ILATH,0,2.33097768905
HPNHT,0,2.45186612973
NCPQS,0,2.16777490228
CISTS,0,2.11717762446
AANPA,0,3.49516813699
GSNNM,0,2.24044899937
TCNPH,0,4.84517475491
LPCTS,0,2.69232326683
NSHHT,0,2.15329705027
NGVNS,0,2.28935859985
AHSPQ,0,3.01182462432
QHDHT,0,5.08191651998
AGNDT,0,3.69232326683
HSYGS,0,2.93090462894
RTMNV,0,2.96743050496
SRDGP,0,2.35348893727
CDNNK,0,3.38696939647
SLSSI,0,2.4268621236
SCEPM,0,3.54569835311
TAIPF,0,2.56734334715
GRPAN,0,2.44855719469
NRQTS,0,2.3783636059
LSNLS,0,2.47653358031
PHHTT,0,2.5145194462
LPIPT,0,3.71533157681
SHSTG,0,2.74879021849
QDYNT,0,2.30530014372
KNEPY,0,2.94371443599
PSYSA,0,4.37196387745
PTHSA,0,2.32357431519
NNQST,0,3.24609114594
LIRPP,0,2.2651110536
PMNTT,0,3.01333135556
RTNNP,0,2.76617229671
CHDDH,0,2.55761071495
CNING,0,2.64299555446
QSIPR,0,2.1898229263
VADEC,0,2.9467907389
SNHPQ,0,3.81070500127
QTNSW,0,2.63039551768
SKNNT,0,3.55668036408
PPNRQ,0,2.87432110057
QKIPP,0,2.59192136987
QNQGN,0,4.49621017029
PTKST,0,2.59790766494
PTKSS,0,2.33939928235
FCAPT,0,2.4131709647
SYGNF,0,2.05857839302
CNHSI,0,2.34757321379
RIQTA,0,2.04456990293
ISNKS,0,2.00044556219
RNTNS,0,2.09437843366
PNHLS,0,2.87432110057
GNKPE,0,2.82777851463
KSNTT,0,3.29136095276
LLPHT,0,2.22224440399
QPQTQ,0,2.30487159922
TNNAT,0,2.25188389443
HNSPT,0,2.93232670401
LANNT,0,2.46493016443
STNPD,0,2.02854201927
RCSRT,0,2.01473621974
RMPTA,0,3.28935859985
GSPDS,0,2.18244339594
WHNPP,0,2.72231800712
VHHPT,0,2.5034834052
HGIPN,0,3.75003876468
SWPTH,0,6.85143138505
SRPPT,0,2.06583420902
EQCNG,0,2.19349858444
PIMPI,0,2.84657611009
HAPMT,0,2.84657611008
HTDTD,0,2.77478542701
NHQSN,0,2.55239300568
NHQSS,0,2.56734334715
MAHTT,0,2.6402657617
PANMS,0,3.77478542702
HRTNS,0,3.81987331655
IADPG,0,2.5034834052
NWTKP,0,4.31792775204
DRNRS,0,2.24946587272
SRNTD,0,2.28084709999
SACNS,0,2.75292599305
KSTPT,0,2.41197788651
HVRPT,0,3.84189962288
ASNQT,0,2.54377987537
QNNPV,0,3.24044899937
QNNPW,0,3.75402686685
QNNPK,0,4.31489369195
NCNTI,0,4.68442139937
NCNTQ,0,2.12730184174
LTEPA,0,2.46568137249
DCTPI,0,2.75750743559
NQPMS,0,2.54311519209
QTPSS,0,3.59631696208
CPSHT,0,2.15857199231
NEIPH,0,2.61768446593
NPNQT,0,2.46993084549
TSQPN,0,2.47280474094
YGNKT,0,3.33405419137
QNNKS,0,2.06896853143
SITPQ,0,2.00903140943
SITPK,0,2.49331377293
MANQT,0,2.27970842981
PTCST,0,3.07004557143
AHCTT,0,2.92162681535
PTNQS,0,2.72587582654
PMNGH,0,2.22377025823
SPTGQ,0,2.86179918032
QSPST,0,2.21765713449
NMFNN,0,4.84394745153
CTIPI,0,2.3952920446
CPLTG,0,3.5798737421
NSNYT,0,4.23421704566
STQTV,0,2.68989652943
KQHTT,0,2.25036446823
LPRQS,0,2.43775043974
KNPLT,0,2.02017196703
PSQGN,0,3.62278233357
IMNLS,0,2.45739649174
SPTPY,0,3.2605545712
SACAT,0,3.88799603747
HDTDQ,0,2.41981884659
KNNRS,0,3.5372861133
RHGPL,0,2.56946651904
MPHQW,0,2.05489334621
VGAST,0,2.33811791177
DCDNN,0,2.24946587272
MTPPA,0,2.04271863226
PLSSC,0,2.55239300568
NPRGA,0,3.27485903015
PRTPD,0,2.67638172296
PTLRP,0,3.82992698121
QAMNT,0,2.40038991223
LTNAS,0,2.95989683228
TPNSS,0,2.27880040815
CGYNH,0,2.09988080098
QTPPH,0,2.31964116678
RATTT,0,2.28014006982
APHMT,0,3.10288328915
TTRSS,0,2.07434570887
PSRPS,0,2.11468006844
KCFNQ,0,3.31138490618
PTQTS,0,2.34990014178
NAQNI,0,2.6567296655
HECND,0,3.28935859985
QNATS,0,2.79648049811
TPTSS,0,2.38776230392
QRPTT,0,3.5801761622
HNTSA,0,2.01182462432
MPNPT,0,3.89816784252
APSPG,0,2.58948232442
RLQTI,0,2.49992558579
CSHSM,0,3.3520943552
HNKTI,0,3.49099246102
SCGQR,0,2.00877130034
HNNSS,0,2.61128669474
APVTN,0,3.14534829716
VSPFT,0,2.00137783688
TTPPV,0,2.28935859985
CHGNQ,0,4.12056026386
SINRT,0,2.37281103467
QYQPI,0,2.68167602263
RTASS,0,2.54377987537
KAQQT,0,3.05489334621
NWPTH,0,3.49099246102
LHTPT,0,2.09168537757
LHSNS,0,2.90449924924
ATAPA,0,2.1800419055
HDNAT,0,3.05489334621
SGNTQ,0,2.66787022311
PPNPN,0,2.07734819704
ANWPA,0,2.59192136987
NPPFS,0,2.16621036908
EADHS,0,2.28935859985
SHKPF,0,2.44855719469
SDPHS,0,2.3132053418
TCAPW,0,2.92162681534
NANNI,0,2.78619019029
NANNT,0,2.56974024925
WSNKS,0,2.52967292918
CINDS,0,3.07071831337
HPTNQ,0,3.16120224836
HPTNT,0,3.48313034324
RSKTT,0,4.41981884659
RGEPT,0,4.48130990761
TTNPS,0,4.61128669474
NGDSH,0,3.2153580184
NAMPN,0,2.1103884588
YPSVT,0,2.3482522889
CRNKT,0,2.43122731615
CTTPT,0,2.9088783226
ARKPS,0,2.06524766129
IQSTV,0,2.192850619
TMQTG,0,5.81605344539
CNTSV,0,3.11665651374
GNPSS,0,2.1600755829
NRTTG,0,2.01300570915
NRTTH,0,5.64268189101
YNHTS,0,2.27409184319
TDNNS,0,2.5034834052
TPRSL,0,2.40038991223
TPSSE,0,2.96211670506
LTNRT,0,2.26464961268
NPPPT,0,2.42028946968
CNTSR,0,2.86261559991
PWNSS,0,2.81542741152
YNNMT,0,4.23546559185
PAKMT,0,3.14963383618
SAAPI,0,2.43095487823
PTNSS,0,2.91696543798
MQQTH,0,2.28935859985
KSYNN,0,3.22583346206
YTNKT,0,3.01805657803
CQNHS,0,2.93867151198
TSGHH,0,2.90233547674
LTTPP,0,3.17873942717
PSPTI,0,3.55239300568
RMSQG,0,3.26151061489
CGPPV,0,2.98423879264
PTNNS,0,2.41624621815
QIATT,0,2.00744618381
HPRTT,0,2.34013316708
SGKPS,0,2.00925068065
RHTPK,0,3.04067948699
PVCTR,0,2.24946587272
TRRSQ,0,3.34990014178
RNIST,0,2.09296138705
NKSGQ,0,3.77478542702
HSGAT,0,2.79055274287
NLYPT,0,3.54544024505
CNPHT,0,3.25693712216
SSATS,0,2.35974792774
PKNSC,0,2.45928360129
SKNKT,0,2.84189962288
YQQST,0,2.74002000886
QTNMT,0,2.78505376247
WPITS,0,3.25898495081
TAYPP,0,2.164322554
HHAST,0,2.58073763138
PTDPP,0,2.3917948927
PTYPQ,0,3.52201935664
RDPPM,0,2.85639919257
HTHTA,0,3.96211670506
WNDHG,0,3.07024131054
HCGNN,0,2.28935859985
APKQS,0,2.59192136987
ITHTR,0,2.05489334621
HNSHS,0,2.3768214411
PNPYP,0,2.4268621236
RIKTS,0,2.58073763138
NNNTS,0,2.51254349308
VVTPT,0,3.01182462431
VSNNS,0,4.41274101536
KPCHN,0,2.31402065408
RVQTS,0,2.12697636063
LPHPL,0,2.12123584104
HSPNN,0,2.34990014178
YSHNS,0,3.67402245008
DNDTS,0,2.16382771777
ASNPI,0,3.0967135219
HFQPT,0,2.07296491913
HNSSQ,0,2.58304321852
QVGAT,0,2.83092850506
KSNHT,0,2.34594212821
SNNNS,0,2.10493402871
TSPKT,0,2.63485516587
LSHPM,0,3.16073843385
LSHPT,0,5.54863108689
HPPTT,0,4.96743050496
RQQQT,0,2.67213224996
SRGAI,0,4.46461704559
PSPTR,0,2.00305441469
PCDPW,0,2.35348893727
QFNNT,0,3.23421704566
SHMPT,0,4.34246993631
IAANN,0,3.26755422953
GCLPN,0,2.46993084549
NNASN,0,3.8117796345
KLQHS,0,2.02426172755
QRPDN,0,2.10493402871
KHNTT,0,2.06140665317
VKPYT,0,3.29757910666
RANAA,0,2.94471042846
KVTST,0,2.83779522454
NVNAT,0,2.56237709425
RTIPP,0,2.85982153087
HPRTS,0,3.51860469222
RISPS,0,2.71858528825
AAHST,0,2.85229479424
CPSPD,0,2.08942102934
HTNAT,0,2.09506378468
TANSQ,0,2.30041378835
DNQGS,0,4.83955568241
RLPIT,0,2.40572335654
RQSNV,0,2.17688387059
RLCNS,0,2.14623365775
FRNRT,0,2.18466122117
TSGPP,0,2.93705685592
NYSPS,0,2.93426364103
TPPEA,0,5.36952894853
TFPTR,0,3.18466122118
HTPHS,0,2.1944994135
NTNSQ,0,2.6281605133
HQAPT,0,2.02971478322
HPSTC,0,2.15685168203
RNCTG,0,2.37342286464
TSNNI,0,2.97089436027
YMPSH,0,3.05489334621
DPTSG,0,2.33586170262
LPRRT,0,2.00137783688
DLHTT,0,2.04516180819
YITPS,0,2.3482522889
KPNPP,0,2.30530014372
PHSTH,0,2.54636921806
DYPTS,0,3.3888942734
PHSTS,0,2.12123584103
SMNNT,0,2.10045592359
GANPK,0,2.6678702231
PNNFT,0,2.4805000872
APTNP,0,2.22167179234
CQIPP,0,2.98535241296
CTHHS,0,2.0967135219
TPTKT,0,2.76328978818
CKNNT,0,4.32498250958
CNQTG,0,6.17409605322
QSDPD,0,2.01412374041
RAFNQ,0,3.4870667578
DRQKH,0,3.1064945427
RNRTA,0,3.44547780177
RNRTQ,0,3.19753102144
PPWNV,0,2.74764929708
SLAQH,0,2.05489334621
SPHHT,0,2.47839242424
NTSNC,0,3.09671352191
CAGSD,0,2.062587738
CNRTK,0,2.2153580184
LADNG,0,2.12123584104
QRPSY,0,2.1103884588
KYNYS,0,2.18888580704
PIPSS,0,2.71917145181
SVHAG,0,2.02763513916
IHNST,0,3.42964994097
PAMST,0,2.30846742279
SSHRT,0,2.88799603747
TTAPP,0,2.01652505448
TYNNC,0,2.59790766493
TPGAN,0,2.77478542702
SQQDD,0,3.23153794546
KRPPT,0,2.4762034425
PTGPT,0,2.47522514516
YNASN,0,2.3768214411
INATS,0,2.04543301696
NSSSQ,0,3.30158490218
ATHPG,0,2.02784202165
PKSTI,0,2.70889749136
PVHNT,0,2.57886521704
TANNS,0,2.52685791357
APPKP,0,3.12175865136
TRPIG,0,2.86925011102
PAGST,0,2.06459916397
RTSPV,0,3.86896786608
LGCPD,0,2.22377025822
QCRHT,0,2.61950720154
QRSPP,0,3.07595496174
PQNPN,0,2.07176716477
TTNAT,0,2.09905746238
NPSPD,0,2.24306494757
LTSPP,0,2.48650507002
RSNKT,0,2.35974792774
IPKPT,0,2.51659228425
TSDPS,0,3.02426172756
CKDHN,0,4.35662182675
DAQPS,0,3.32498250958
TNTMP,0,3.32498250958
KLATG,0,2.2153580184
ANTSS,0,2.51586712966
CDPTG,0,2.28523071423
KSKPF,0,2.39064193569
RPAGT,0,3.55988754223
RSKYI,0,3.38838797578
KNQTD,0,2.55239300568
NKTNP,0,2.33998467291
LSCNS,0,2.93705685592
SANDW,0,2.18982292629
NSSAQ,0,2.07595496174
NACNW,0,2.86743471498
TPKSP,0,2.57748398664
HSPYD,0,3.15725506384
CRNNS,0,2.74616474908
ERNKS,0,2.28935859985
TASNT,0,2.49099246102
NHTGP,0,4.07246597566
LSRPT,0,3.63985584693
IANST,0,2.92825990768
YEPSG,0,2.25283272382
NPRST,0,2.84394745153
NDSRA,0,2.74002000886
VANMS,0,3.43455651539
LPNAT,0,2.55810665688
NLNGD,0,2.25652720739
MQNTS,0,2.89252569594
NPTSR,0,2.30846742279
WLLPT,0,2.28935859984
PATTT,0,2.08261254181
TTHTT,0,3.06896853142
HRPTR,0,2.33000058434
PPCKN,0,5.33375271921
SDNLT,0,3.16120224836
CEGHV,0,2.09296138705
HWHPA,0,2.95815269137
TNHGP,0,2.58214034908
NETNT,0,2.12730184174
RINNS,0,3.76408553835
AAQET,0,2.40483581727
SNCTS,0,2.91358053102
SNCTI,0,3.23689117995
RNMPQ,0,2.32330593177
NSSNS,0,5.12730184174
HKNST,0,2.15587559437
HTRTS,0,3.59969872046
QPRTN,0,2.1373555064
RLKAT,0,5.11106881489
NTSRS,0,2.07434570888
YHPRT,0,2.05926118194
RINWT,0,3.21981766659
QLPNN,0,3.40853030083
HCANT,0,2.19691235108
PAKTG,0,2.3482522889
LLLPQ,0,2.10409305227
LNPPP,0,2.77478542702
FPHPT,0,2.62597413806
SANLT,0,2.56161153571
PYYPS,0,3.07785449465
KQNPT,0,2.14675420441
RCSMT,0,2.20843860447
SPDIG,0,2.52542595808
RYNKT,0,2.01439398393
KANMS,0,3.07219724229
RDDNS,0,2.44221008793
RTKQT,0,2.0189608056
NNISS,0,3.11717762447
NVNRT,0,3.36219940673
YGHHT,0,5.04271863226
TSPNH,0,2.82541150009
MHYNT,0,2.11717762447
LPPNT,0,2.12123584104
RATGA,0,2.15413121915
LTTPA,0,2.05828393541
NNGSQ,0,2.4619090707
VTNPT,0,2.866903629
VTNPA,0,3.1373555064
RPTKT,0,2.9873300624
SAAKT,0,2.03438074888
NRSNC,0,2.2121232748
HYNTA,0,2.10045592359
NPQAT,0,2.30158490218
LTHYV,0,3.49099246102
QRNYT,0,2.4931538023
QTRRP,0,3.49437907065
WYPPI,0,3.55239300568
GHRQS,0,2.06546258792
HCKNN,0,2.37836360591
HPRQT,0,2.06373264327
HHHTM,0,2.19624919546
LNCSE,0,3.97865776039
VNNLT,0,2.37055468269
QSRTR,0,4.22952535033
QINST,0,2.01403091782
TIPPT,0,2.38246800424
NNHPV,0,2.49621017029
RAPTT,0,3.78505376247
ESDPS,0,3.69208077669
YLNNS,0,2.21535801841
GTTSS,0,4.12148142705
THQTS,0,2.27728576755
VNNVG,0,2.31749908021
GLNDN,0,2.05489334621
CAENY,0,2.46727639205
QQDPT,0,3.24541525226
INRTW,0,2.03781983285
QSHPG,0,2.03632558617
ALNYS,0,2.85325948504
HATPH,0,2.52542595808
IHTNS,0,2.02106846856
RHTNG,0,2.20009126175
SNDTD,0,2.39960391655
SCTNE,0,3.27121125314
LNKST,0,2.4438685489
NAENA,0,2.69441201055
TTSPY,0,2.29765792307
PQPQS,0,2.07347214237
KINQG,0,2.81890798025
PRYNT,0,2.01579352652
NNNQH,0,2.71562335455
PQTPT,0,2.05489334621
NPTNA,0,2.03781983285
QLNTS,0,2.3802120303
KYYNN,0,2.26021225419
HAHTS,0,4.82125985682
TSNMS,0,5.18174962576
GLTPP,0,2.6978234452
TTYPT,0,4.01182462432
KMNPM,0,4.61704596402
PAPSS,0,2.19155381437
FATGT,0,3.87432110057
DPTNS,0,2.4930144586
EPTPH,0,3.46510092788
RHFPT,0,2.71732227357
RSSKS,0,2.55239300568
LHRPS,0,2.30241475267
KPNST,0,2.41916431054
IAQNV,0,2.64299555446
LHRPK,0,2.81542741151
LPGPT,0,2.52102883477
SPCHH,0,2.38696939647
KHPTS,0,2.38889427339
TMTNG,0,4.41589100578
SGHTS,0,3.28132128078
TTPSS,0,2.95232361257
HETTG,0,3.00305441469
RSSNT,0,4.44894165706
LAKPK,0,2.20362872582
RSSPT,0,2.10917273863
NKGNC,0,2.12889392765
SLQAT,0,2.24044899937
PDESD,0,2.43775043974
IDCPT,0,3.16154497197
QFNTT,0,2.63039551768
TNKPP,0,2.04820312867
GMNRS,0,3.70014662612
HNHSQ,0,2.15725506384
RNNFT,0,2.00490521038
NPQTT,0,2.59036085588
RENLT,0,4.5747608187
REHPT,0,2.53817914646
TLSPT,0,2.53615236467
PPVRT,0,2.47295853819
DPCPS,0,3.64389136017
PTLPT,0,2.49099246102
PPKTT,0,2.27349219439
NSQNI,0,2.39503667774
HDHSS,0,2.25122347096
HTQPH,0,3.54233934102
RISNG,0,2.18585402409
ANRSQ,0,2.09988080099
ANNQT,0,3.31042021537
LNNDH,0,2.05489334621
LNDSH,0,4.51817729034
PPHKT,0,2.12270873045
PNNRT,0,2.81987331655
ACAPH,0,2.11248083776
FKCSS,0,2.61128669474
NASKT,0,2.57229256312
PHPPV,0,2.52542595808
