ACNVF,-73.6517,-0.91274,0.473248, -3.17875
ACPSR,-73.8714,-2.13314,0.506057, 5.084625
ADIQM,-71.3818,-1.48562,0.114603, -13.26475
AEEMQ,-71.343,-3.25574,0.557624, -25.78175
AEMEE,-74.5144,-4.92233,0.419634, -39.807375
AEWIT,-73.3349,-0.73632,0.55606, -16.058
AFTAN,-71.0909,-2.83833,0.759559, -3.64825
AHIQV,-75.4678,-1.57903,0.860003, -2.721375
AHNKD,-71.4093,-2.75508,0.646649, -0.565874999999998
AHNTR,-72.5398,-0.80557,0.548688, 5.2765
AIPVN,-71.6893,-2.85861,0.641516, -3.340625
AITLP,-71.6643,-3.93302,0.496922, -3.364125
AKEIP,-75.1955,-4.41224,0.526273, -2.504625
AKLIP,-76.4643,-4.05549,0.60697, 7.332125
AKTYV,-72.8089,-0.56249,0.569696, 5.452375
ALDTP,-72.672,-2.16305,0.504347, -12.3395
ALDVT,-72.1232,-4.2644,0.884119, -13.717
AMSIP,-76.9669,-4.58548,0.597199, -3.5155
ANHEL,-72.4686,-3.54815,0.47253, -17.513875
AQLQP,-74.3862,-6.20714,0.858511, -4.65875
AQMCA,-73.6254,-2.53145,0.572227, -4.084625
AQMMQ,-71.5474,-2.06432,0.769059, -3.7665
AQSSP,-74.4621,-2.97302,0.52084, -4.106375
AQVIT,-74.3606,-2.19718,0.479898, -4.206875
ARCKV,-73.4787,-0.57328,0.651787, 15.9185
ARTVP,-74.4812,-5.13233,0.553305, 4.441875
ASAIN,-76.6898,-2.26477,0.745469, -3.19575
ASHHM,-72.902,-1.52846,0.738713, -2.007
ASIHL,-71.1142,-1.90982,0.504372, -3.17925
ASLYP,-72.282,-4.05877,0.5965, -3.58375
ASSIH,-76.5601,-1.41749,0.764562, -3.224125
ATATR,-71.9653,-0.92775,0.485309, 5.166125
ATDIQ,-73.0009,-2.08007,0.86561, -12.28425
ATHIP,-75.8028,-3.0907,0.541849, -2.40425
ATLET,-75.1863,-4.21699,1.00536, -17.355375
ATMAM,-73.5618,-0.28834,0.384121, -3.062
ATMIA,-75.3176,-2.50505,0.825839, -2.99675
ATNMP,-76.847,-2.7536,0.542171, -3.561875
ATSIQ,-74.6966,-2.58508,0.594286, -3.2465
ATSVA,-78.0561,-3.04693,0.382926, -3.646
ATTIC,-70.5789,-2.62087,0.440551, -3.707875
ATYLP,-71.7248,-3.33519,0.744114, -3.253
AVHCS,-69.2028,-2.55029,0.652443, -2.855875
AVIVS,-74.5313,-2.39481,0.513583, -3.094
AVNVE,-72.0828,-6.13446,0.862412, -11.006125
AVTHK,-78.0892,-2.11569,0.062187, 2.00075
AWEYP,-70.8657,-7.75714,0.925326, -14.7695
AYLSP,-76.7057,-3.05612,0.0646867, -2.75175
AYLVT,-72.3078,-5.02472,0.921413, -3.202375
AYNLP,-73.1482,-8.09767,0.965584, -3.66575
AYTQE,-73.5881,-5.18602,0.516459, -10.37025
AYVHC,-74.3852,-1.50557,0.50788, -3.02225
CANVY,-71.0009,-0.6203,0.544648, -3.011375
CAYLP,-71.098,-1.57308,0.531878, -3.21575
CCAVP,-74.3493,-3.92794,0.581348, -3.180875
CDLVP,-73.9834,-5.23485,0.892791, -13.560125
CESIM,-75.8361,-4.88109,0.646109, -15.982625
CGQAY,-71.8485,0.1828,0.587017, -4.04875
CHHIL,-72.8307,-3.15681,0.444193, -2.924
CHHIY,-75.2215,-1.79051,0.539942, -3.3975
CHTVR,-75.9241,-2.39706,0.0766979, 4.1705
CIEVA,-76.944,-5.70308,0.850719, -12.760625
CKTIK,-73.391,-4.05129,0.987151, 9.97125
CKYVS,-68.5984,-2.24837,0.649597, 7.04475
CLAFP,-74.103,-2.4393,0.422871, -3.31575
CLIVT,-71.8965,-2.33052,0.571902, -3.34275
CQLLA,-73.4538,-3.5279,0.898495, -4.430375
CQYHP,-72.7636,-3.48342,0.45594, -3.719875
CRFIQ,-74.1076,-2.1496,0.446509, 5.575
CRKVP,-73.8773,-4.7762,0.665496, 11.8515
CRQIP,-75.9654,-5.0727,0.563558, 5.126625
CSAVP,-73.9983,-4.02947,0.533562, -3.48275
CSIIT,-72.5429,-1.11052,0.640005, -3.588
CSLVP,-74.2998,-6.18879,0.65004, -3.40225
CSQIH,-80.2315,-1.58198,0.0587155, -3.2145
CSRIA,-74.9411,-3.50941,0.580397, 2.42525
CSTIT,-73.294,-2.65392,0.639216, -3.900875
CTAVD,-73.9821,-2.36669,0.609088, -10.6165
CTEEK,-73.6478,-2.88454,0.56694, -21.77075
CTIQP,-74.3694,-5.98158,0.689546, -3.45275
CTLLN,-73.5354,-3.60422,0.608598, -3.16425
CTTIH,-75.0405,-3.16916,0.257849, -4.204125
CTYID,-70.4126,-2.46,0.74759, -10.675
CTYIS,-72.6268,-0.76535,0.505225, -3.6565
CVIYK,-76.6774,-3.40571,0.670412, 1.6305
CVSVR,-79.4335,-3.78871,0.385845, 3.0035
CYLKT,-72.3401,-5.95503,0.897517, 7.6945
CYNED,-73.7457,-3.76278,0.600329, -26.295625
DAELT,-71.7586,-3.78389,0.493827, -27.617125
DAMEE,-75.2031,-1.81138,0.632537, -34.10225
DARIP,-73.9093,-6.16006,0.556469, -7.88275
DASQL,-76.7187,-4.35637,0.582417, -13.679375
DATIN,-70.8839,-2.96194,0.616201, -14.818875
DATPY,-71.7573,-1.91343,0.52088, -11.5815
DAVLE,-81.0418,-2.19929,0.22649, -20.970625
DAVVQ,-76.5035,-2.45135,0.0926798, -13.935125
DAYTK,-72.7653,-0.19612,0.231778, -6.8465
DDFDD,-68.4966,-1.65226,0.47821, -46.2035
DDFEE,-68.6176,-3.0136,0.441771, -46.42125
DDIDD,-72.8189,-4.04758,0.735746, -49.38
DDIDE,-76.1799,-2.59935,0.164822, -48.39325
DDIDV,-71.3796,-4.25594,0.736352, -42.687375
DDIDY,-71.4679,-3.26001,0.455593, -41.249625
DDIED,-70.8189,-4.68178,0.584943, -51.6685
DDIEE,-70.6047,-3.68954,0.527501, -47.934875
DDIEV,-73.1395,-1.59334,0.732335, -38.255375
DDILD,-73.7403,-4.63979,0.790465, -32.961375
DDIVE,-73.9553,-3.51386,0.349623, -35.981625
DDIVY,-74.5781,-3.88525,0.630799, -24.4985
DDIYD,-73.6697,-5.10648,1.18015, -33.864125
DDIYY,-71.4358,-2.85091,0.556949, -24.919
DDLDD,-66.9391,-3.7917,0.907224, -50.758
DDLDE,-72.4709,-6.84248,0.548404, -53.599
DDLDV,-71.9092,0.18946,0.600938, -35.614375
DDLDY,-72.9522,-2.67591,0.636403, -40.004875
DDLED,-70.9705,-3.61707,0.594553, -46.63775
DDLEE,-73.6613,-3.07066,0.475169, -47.817875
DDLEV,-76.4342,-2.41867,0.725176, -38.337
DDLEY,-75.5314,-2.94903,0.754901, -38.99575
DDLVD,-72.4977,-4.45197,0.611421, -32.055875
DDLVE,-76.2416,-5.63228,0.67148, -31.669625
DDLVV,-73.6241,-3.28966,0.859678, -25.156
DDLYD,-72.7601,-5.69767,0.879578, -37.72975
DDLYE,-73.9634,-6.42964,1.01076, -37.139125
DDLYY,-76.3225,-3.65002,0.562369, -25.597
DDMDD,-71.3986,-2.69084,0.619847, -48.183125
DDMDE,-75.5218,-1.45607,0.975297, -41.180125
DDMDF,-72.7104,-1.81585,0.56125, -39.753875
DDMDL,-76.2256,-2.07662,0.753701, -38.81825
DDMDV,-78.4669,-0.14839,1.06002, -38.714
DDMDY,-72.1415,-2.25133,0.819401, -40.558375
DDMED,-73.4664,-2.03921,0.450619, -46.722125
DDMEE,-75.5353,-1.84821,0.405592, -45.889375
DDMEL,-72.0288,-2.04141,0.679895, -39.044625
DDMEV,-74.6097,1.1546,0.562024, -34.97725
DDMEY,-75.3365,-2.22235,0.626908, -37.973875
DDMFD,-76.0692,-0.64332,0.671557, -29.588375
DDMHD,-73.8738,-2.40938,0.25657, -32.283
DDMLD,-69.0955,-1.82202,0.612102, -31.2265
DDMLE,-72.2502,-2.55523,0.480175, -35.526
DDMLV,-73.3219,0.95231,0.202128, -24.8355
DDMQD,-73.7718,-2.58877,0.637431, -31.514
DDMQE,-72.9166,-3.72481,0.741809, -31.94775
DDMVD,-73.3449,-3.84969,0.720922, -31.589125
DDMVE,-73.3775,-3.26752,0.368935, -34.704625
DDMVV,-72.5741,-3.47357,0.155068, -22.12325
DDMVY,-75.0046,-2.88581,0.438219, -23.598125
DDMYD,-74.0291,-2.17404,0.699421, -31.992625
DDMYE,-76.4467,-3.77737,0.854392, -31.466375
DDMYV,-73.1902,-1.40846,0.591143, -28.979875
DDMYY,-74.6261,-1.63571,0.469159, -28.146
DDYTN,-70.3803,-4.21559,0.655885, -28.68475
DEFEE,-72.1899,-4.3501,0.615288, -50.3065
DEGHM,-71.8402,-1.73755,0.192635, -29.965625
DEIAA,-74.9733,-3.51628,0.370132, -26.29425
DEIDD,-70.8027,-3.43633,0.500263, -51.682375
DEIDE,-75.1734,-5.67756,0.714626, -51.945125
DEIDV,-73.0375,-1.93936,0.646734, -40.444
DEIED,-75.3551,-3.88885,0.127467, -50.4775
DEIEE,-72.3489,-4.00317,0.467939, -50.143625
DEIEV,-77.5462,-1.84831,0.163579, -42.360875
DEIEY,-74.4713,-2.11396,0.703116, -40.423875
DEILE,-73.8259,-5.48918,0.93787, -37.942875
DEIVD,-72.4751,-4.39698,0.587795, -35.36
DEIVE,-74.7874,-7.51749,0.901325, -34.8365
DEIYD,-74.184,-3.05842,0.23695, -35.488
DEKEE,-74.1146,-3.91308,0.541058, -42.856625
DELDD,-72.9403,-4.40581,0.647304, -50.102625
DELDE,-72.9383,-1.06375,0.467355, -46.701
DELDV,-74.32,-1.97513,0.0592475, -43.386875
DELED,-75.2454,-4.3401,0.770535, -48.876625
DELEE,-74.5014,-5.80219,0.823268, -50.60475
DELEV,-73.6911,-3.36683,0.804409, -41.63525
DELEY,-76.0804,-4.78085,0.456991, -43.111125
DELVD,-74.9878,-5.15452,0.840819, -34.657125
DELVE,-76.9711,-5.98089,0.672407, -34.545
DELYD,-74.5651,-4.4925,0.741669, -34.405125
DELYE,-74.8775,-4.8891,0.818426, -34.341
DEMAE,-74.0523,-1.5751,0.697601, -34.354625
DEMDD,-73.1788,-1.20552,0.581456, -51.751
DEMDE,-75.5657,-2.3036,0.389886, -49.6575
DEMDL,-75.7973,-0.74011,0.622149, -41.637875
DEMDV,-74.271,-1.85694,0.767262, -43.103625
DEMDY,-73.492,-3.65237,0.819768, -44.046875
DEMED,-73.5397,-4.09167,0.612315, -49.90975
DEMEE,-74.5474,-2.44011,0.596017, -48.125125
DEMEG,-71.6094,-3.71846,0.501335, -41.869625
DEMEK,-72.7307,-2.41222,0.851498, -34.4445
DEMEL,-77.4346,-3.14758,0.409374, -41.43125
DEMEV,-73.0443,-1.81072,0.877997, -40.6195
DEMEY,-75.4324,-5.50555,0.758943, -41.7915
DEMGE,-75.2259,-0.80279,0.506891, -34.239375
DEMLD,-70.6631,-3.54369,0.785326, -34.8455
DEMLE,-74.1629,-3.31531,0.530006, -34.495875
DEMQD,-74.1716,-4.30064,0.746266, -34.7505
DEMQE,-74.6458,-3.74955,0.742721, -34.562875
DEMVD,-74.7327,-4.4044,0.748473, -34.659625
DEMVE,-75.4695,-4.727,0.85531, -34.359625
DEMVV,-73.7027,-3.79909,1.00507, -27.293
DEMYD,-74.5475,-3.77718,0.745363, -34.21475
DEMYE,-75.0785,-3.36216,0.713759, -33.149125
DEMYY,-75.5191,-1.94092,0.728245, -25.593125
DEREE,-73.3901,-4.37386,0.556157, -43.337125
DETEE,-75.7468,-2.68058,0.756823, -49.124875
DEVEE,-76.1899,-6.78191,0.660352, -50.00625
DFDEP,-74.6161,-3.83216,0.518827, -33.911125
DFIDD,-70.6534,-2.97182,0.625184, -39.033625
DFIDY,-74.7873,-0.96637,0.461073, -27.16575
DFIEE,-76.7709,-4.40336,0.600763, -35.515375
DFIYD,-72.2791,-2.81254,0.591903, -21.855375
DFMDD,-73.8506,-3.01476,0.765826, -38.474125
DFMDE,-70.6997,-0.16946,0.727845, -34.458125
DFMDY,-72.2888,-2.95876,0.980054, -28.45425
DFMED,-71.6315,-2.49088,0.661333, -34.6785
DFMEE,-74.4904,-2.30725,0.572131, -34.951875
DFMVD,-73.6325,-2.72583,0.541724, -21.756625
DFMYD,-77.0989,-2.03464,0.573806, -21.493375
DGMEE,-73.9959,-1.86151,0.924168, -36.086625
DHDIE,-71.9301,-2.59293,0.659125, -30.98075
DHIQT,-73.142,-5.37026,0.849872, -14.056125
DIFEP,-74.4222,-4.89236,0.699233, -29.21525
DKPIP,-75.9968,-5.40684,0.465187, -5.520625
DKSAT,-71.9863,-1.25735,0.612278, -4.41275
DLIEE,-73.5054,-4.87086,0.56099, -36.212375
DLLEE,-71.6849,-3.11937,0.655374, -40.290375
DLMDD,-73.0328,-2.72025,0.512717, -38.04325
DLMED,-74.5684,-2.25009,0.821439, -34.361
DLMEE,-77.1585,-3.54214,0.840399, -37.215375
DLMEV,-72.7194,-0.60682,0.625423, -27.889625
DLMVE,-74.0633,-3.45582,0.383108, -20.73975
DLTYP,-76.1835,-5.4224,0.885594, -13.1435
DMPIC,-73.8396,-1.92729,0.663261, -13.037875
DMTVP,-73.4611,-5.88591,0.833949, -14.3675
DNLTP,-73.862,-5.79459,0.538743, -13.5935
DNYYP,-72.7812,-4.97889,0.603876, -17.4
DPLHT,-76.0654,-4.84008,0.618145, -14.077375
DQHVT,-72.0471,-3.25022,0.501981, -13.95425
DQLMN,-72.2217,-3.82278,0.443689, -17.85975
DQMEE,-75.5704,-2.96439,0.897875, -36.04625
DSMVH,-75.4098,-2.26111,0.942184, -13.442875
DSRVQ,-73.1581,-4.1352,0.601907, -10.56125
DTLVQ,-74.9205,-2.61629,0.521335, -17.725375
DTRIN,-75.9521,-4.14637,0.772153, -7.73175
DTSMY,-72.9149,-0.22754,0.429243, -13.701625
DTTML,-73.7077,-3.85998,0.782671, -17.72175
DTTYH,-75.2362,-1.09399,0.827382, -14.525625
DTYYP,-72.3267,-3.13088,0.566824, -13.909125
DVIDD,-74.5567,-3.29296,0.593201, -39.813125
DVIDE,-72.7259,-5.2081,0.402355, -42.19725
DVIDY,-72.6177,-4.24106,0.603081, -34.13225
DVIED,-78.2803,-5.00473,0.729004, -36.981375
DVIEE,-73.4897,-4.8517,0.966808, -35.408625
DVIEV,-70.8267,-1.96223,0.457028, -26.792625
DVIVE,-73.1125,-6.17636,0.923005, -21.252875
DVIYD,-75.4036,-3.4026,0.690028, -22.068875
DVIYY,-71.0445,-3.56453,0.513608, -17.80325
DVLDE,-71.6434,-3.91999,0.75428, -41.555125
DVLDY,-73.2044,-3.517,0.686831, -30.461375
DVLED,-71.049,-4.71962,0.780444, -36.810875
DVLEE,-73.6511,-4.98667,0.127206, -40.40725
DVLEV,-73.2973,-1.91203,0.477502, -28.04675
DVLIP,-74.7334,-6.82184,0.697573, -13.81175
DVLVD,-74.7237,-4.67497,0.568737, -21.0245
DVMDD,-75.9064,-2.5486,0.617705, -36.98275
DVMDE,-72.3376,-3.13404,0.728937, -37.691
DVMDV,-75.6173,2.73114,0.161838, -25.833375
DVMDY,-73.9109,-2.01368,0.653501, -28.111625
DVMED,-70.367,-3.08419,0.538827, -35.132125
DVMEE,-73.5798,-1.60844,0.606763, -36.048
DVMEV,-74.5631,-1.88196,0.853919, -27.31825
DVMEY,-74.6661,-1.33348,0.587257, -28.143125
DVMVD,-73.6184,-3.70576,0.691697, -20.69975
DVMVE,-74.6456,-3.69491,0.901015, -20.3905
DVMVV,-75.5149,-2.46368,0.424233, -13.32275
DVMYD,-76.7823,-3.34758,0.809072, -22.395875
DVMYE,-74.2433,-3.36028,0.91655, -22.4325
DVYQQ,-70.0663,-3.26718,0.421852, -13.031375
DYFYD,-70.7344,-2.46119,0.471783, -19.64425
DYIDD,-73.9543,-2.10345,0.508634, -38.722
DYIDE,-74.7944,-5.01803,0.71501, -37.9335
DYIDY,-75.4425,-3.88986,0.405882, -26.755
DYIED,-70.9067,-3.96219,0.585701, -35.513875
DYIEE,-71.829,-5.35439,0.474127, -35.573375
DYIEV,-73.1947,-3.1435,0.869941, -23.84075
DYILD,-73.9766,-2.24383,0.463389, -21.226625
DYIVD,-72.1851,-3.83509,0.582473, -21.2905
DYIYD,-72.2511,-3.12267,0.589863, -20.47925
DYIYE,-70.7803,-4.03414,0.243911, -18.3435
DYIYV,-73.591,-3.36855,0.885745, -12.32825
DYIYY,-73.1539,-4.01822,0.731342, -11.6535
DYLDD,-71.8587,-3.91812,0.559825, -37.85
DYLDE,-74.3008,-5.30106,0.389429, -38.402625
DYLDY,-73.2899,-3.36889,0.727292, -29.1065
DYLED,-70.9796,-5.07922,0.602863, -40.088375
DYLEE,-72.8535,-3.50548,0.404527, -39.16525
DYLEY,-80.3794,-3.18348,0.471827, -28.616625
DYLVD,-74.8426,-5.12196,0.565018, -20.290375
DYLYD,-74.4961,-3.52928,0.781847, -20.688625
DYLYV,-78.6924,-0.47313,0.403555, -12.556875
DYMDD,-73.82,-2.60705,0.662192, -37.697625
DYMDE,-71.0769,-4.00718,0.542436, -37.63
DYMDV,-74.0541,-0.06765,0.101416, -29.716875
DYMDY,-74.8868,-2.86782,0.547104, -28.202875
DYMED,-70.6784,-2.84871,0.582694, -34.0165
DYMEE,-75.8201,-2.30486,0.395633, -35.42275
DYMEV,-75.5847,-2.3397,0.88445, -28.216125
DYMEY,-71.121,-3.44781,0.825595, -27.75625
DYMFD,-73.7164,-3.84427,0.778328, -20.957
DYMLD,-73.806,-3.39813,0.79483, -20.870125
DYMLE,-72.7987,-3.80589,0.902746, -20.71325
DYMVD,-74.0437,-3.48315,0.749831, -21.568125
DYMVE,-72.7421,-3.13719,0.613937, -20.340875
DYMVY,-74.0661,-4.99591,0.939502, -13.796375
DYMYD,-72.8879,-2.34701,0.616174, -20.556875
DYMYE,-71.2236,-3.57443,0.940233, -20.74125
DYMYV,-73.0943,-3.01375,0.956135, -13.358875
DYMYY,-75.0776,-2.69567,0.624415, -12.99575
DYNLN,-70.6308,-3.68611,0.471588, -12.759125
DYTMA,-71.2177,-4.32307,0.615875, -14.14375
DYTTQ,-71.8773,-2.90834,0.537331, -13.545
EAKTA,-72.9709,-1.76827,0.658201, -8.292625
ECLTP,-74.4647,-5.16542,0.996295, -13.657125
ECQVP,-73.6977,-4.64319,0.477327, -14.679875
ECTQK,-74.3436,-3.01278,0.52374, -8.38325
EDMDD,-72.6636,-2.96574,0.798249, -48.3915
EDMEE,-70.8774,-2.62817,0.864133, -45.866
EDNVH,-71.387,-5.90331,0.233344, -25.8725
EDYVQ,-71.5459,-2.30305,0.545325, -23.992875
EEMEE,-73.2122,-2.96268,0.488373, -49.415625
EHKVD,-72.9521,-5.21609,0.600215, -14.303375
EHLII,-74.7019,-1.87923,0.0520853, -14.149875
EHNEC,-75.3182,-3.83162,0.670171, -28.989625
EHNIP,-73.8913,-5.82184,0.471635, -13.51525
EHPEP,-70.7011,-5.8062,0.443581, -26.679875
EHTHD,-75.1328,-5.7503,0.622605, -22.979875
EICTP,-76.4607,-6.23321,0.910317, -13.528375
EINVQ,-70.8204,-4.44208,0.401437, -13.969875
EISTP,-75.6577,-5.42758,0.518637, -13.834375
EKLCN,-72.4476,-1.70785,0.471586, -5.181875
EKWCR,-72.8388,-0.78994,0.542041, 4.542375
ELHMP,-71.9645,-4.27937,0.57413, -14.132875
ELLMP,-73.0642,-6.15697,0.648743, -13.87425
ELQYA,-74.3188,-3.17649,0.744113, -14.744625
EMHHC,-71.3723,-0.64582,0.464417, -14.162625
ENKEH,-76.0742,-5.37695,0.363289, -21.470125
EQAVQ,-72.5888,-1.66029,0.557947, -13.85325
EQCVD,-70.9605,-6.05791,0.617146, -24.884375
EQIEC,-72.7578,-2.93545,0.592097, -29.158125
EQLSQ,-73.1971,-2.54945,0.567067, -14.573
EQNIN,-73.4752,-4.35034,0.481992, -16.681875
EQNYL,-72.9227,-3.98098,0.638003, -14.9235
EQRIP,-76.4494,-6.47574,0.583516, -9.29225
EQYAQ,-71.6735,-1.01658,0.0854219, -14.999625
ERQMT,-76.9649,-2.99228,0.711661, -5.399125
ESELT,-74.7939,-2.28474,0.492471, -23.840375
ESMRT,-73.3181,-1.994,0.546193, -4.384875
ESTEN,-76.5315,-3.51499,0.606238, -28.17
ETLQQ,-75.4131,-1.71573,0.578979, -13.801125
ETLSQ,-73.4206,-1.51718,0.84725, -13.590375
ETLTN,-73.1532,-2.54627,0.61097, -13.389
ETLTP,-76.8374,-5.09625,0.506373, -13.591875
ETMQP,-75.1508,-5.17409,0.668272, -13.882375
ETMTE,-74.0032,-0.31771,0.398366, -21.071875
ETPIP,-75.1215,-5.92345,0.628139, -13.867625
EYMDD,-75.4884,-4.0468,0.43393, -37.839125
EYSKA,-73.7445,-4.22896,0.557928, -3.059
EYSQY,-76.772,-1.6523,0.187077, -13.893875
FAHIP,-74.6353,-2.32093,0.610589, -3.810625
FANIQ,-73.6363,-0.97551,0.460433, -3.404625
FAQVN,-74.2528,-1.18142,0.719358, -4.187625
FATEE,-78.7075,-3.55267,0.441969, -26.534375
FCHEQ,-74.8997,-1.00694,0.172606, -18.159125
FHMIQ,-70.1537,-1.53798,0.784916, -2.6675
FHQEP,-71.1589,-3.8122,0.446408, -17.335875
FKTVS,-72.1683,-1.93111,0.437607, 5.539
FNVQH,-75.8536,-2.81592,0.825756, -2.77125
FQLSD,-72.9422,-2.72478,0.657776, -11.065125
FQTVD,-71.9635,-2.12413,0.558158, -12.12175
FSNFP,-75.8857,-1.76541,0.586344, -3.56825
FSQEE,-73.4548,-2.25242,0.637815, -25.018625
FSTVP,-75.5176,-6.18469,0.795143, -3.694
FSYDQ,-70.886,-1.17351,0.620149, -12.70475
FTLTE,-73.3473,-3.34322,0.860524, -10.332
FTNVL,-73.6768,-3.53404,0.356981, -2.974625
FTQYT,-72.4818,-2.22927,0.526404, -3.51925
FTSVC,-74.8453,-2.42078,0.518043, -3.409
FTTLS,-72.6078,-1.90291,0.643354, -3.8255
FTYQP,-76.1564,-2.6481,0.520796, -3.201
FVMED,-76.1854,-2.80234,0.793827, -25.7695
FVMEE,-76.4011,-2.8516,0.785238, -24.6
FVTMC,-74.366,-2.69996,0.866876, -4.038625
FVYTP,-72.4329,-2.85516,0.428457, -2.305625
FYLDD,-73.2828,-2.42072,0.673019, -27.2135
FYMED,-71.19,-2.00434,0.457137, -24.387125
FYMTN,-75.354,-1.94402,0.782806, -2.506375
FYMYD,-74.0101,-1.97774,0.873739, -10.010125
FYQET,-75.4042,-3.29509,0.535151, -18.49625
FYTMA,-71.7809,-2.15625,0.672217, -3.2175
GALQK,-73.4869,-4.05599,0.738825, 1.725625
GCLLD,-73.2991,-3.83355,0.599871, -10.153875
GEMEE,-70.8058,-4.91077,0.47846, -38.226125
GFTIM,-72.3561,-2.56796,0.828573, -3.205375
GHNIH,-70.6315,-4.04064,0.24012, -2.969875
GILEN,-71.9892,-3.80649,0.703508, -17.0615
GITIP,-77.4362,-5.77007,0.60347, -3.626125
GKLVP,-74.4941,-6.61327,0.558154, 6.60275
GKPIL,-74.9905,-4.40614,0.606011, 6.002375
GLRMH,-76.3786,-1.90914,0.619011, 3.54675
GMPIP,-76.0526,-4.7221,0.629947, -2.88825
GNRAD,-73.7428,-2.19128,0.641234, -4.30450000000001
GQHVT,-70.7315,-3.76584,0.474697, -3.675
GSLIQ,-75.1224,-3.41737,0.816402, -3.293
GSNIL,-77.5934,-3.95538,0.127479, -3.33475
GSPVE,-75.4437,-5.42908,0.841248, -10.41
GTIVN,-74.9401,-4.35226,0.752555, -3.227125
GTTVI,-74.4592,-4.0556,0.703025, -3.939875
GVDHL,-72.1643,-3.78987,0.578599, -12.92825
HAHIM,-71.3064,-3.53975,0.482698, -2.69875
HAHVR,-72.5196,-0.95088,0.584611, 5.620375
HAINC,-72.9683,-1.52581,0.614828, -2.179125
HAITR,-73.0303,0.99937,0.314472, 5.2365
HAMRH,-73.1968,-4.79381,0.954858, 5.385
HATCM,-74.0302,1.0718,0.599247, -3.107625
HATID,-70.0031,-0.85881,0.478106, -10.56075
HCFMP,-72.1123,-1.57951,0.563209, -3.24575
HDMDD,-71.8161,-1.37124,0.759387, -37.052125
HDQIH,-73.4809,-2.86654,0.146588, -14.559
HDQIL,-78.1934,-3.79236,0.160178, -13.42925
HDTVP,-74.742,-6.00269,0.836288, -12.934125
HEHYN,-71.5838,-4.83995,0.461277, -15.720125
HEMTS,-71.2297,-1.91911,0.54436, -15.66975
HEQIH,-75.9121,-3.26776,0.586431, -16.96325
HEQVP,-76.2199,-6.36684,0.54667, -17.298125
HESVP,-74.5279,-2.72164,0.458125, -17.001125
HESWA,-72.604,1.51494,0.564372, -16.49075
HETIP,-75.042,-3.65006,0.765562, -15.92175
HETKN,-71.9348,-1.50387,0.535245, -7.190875
HFFHK,-70.362,-1.13765,0.442417, 2.305125
HGVYQ,-72.24,0.12506,0.0916864, -2.339
HGYIS,-70.4141,-1.01949,0.873708, -3.866625
HHCIN,-72.1138,-3.1902,0.705359, -3.154875
HHPHI,-74.9655,-1.19527,0.526842, -2.588
HHTHY,-71.9786,-2.91432,0.905801, -2.728375
HIISD,-74.3542,-2.29243,0.504858, -10.542875
HILMS,-69.8289,-1.58154,0.567587, -4.1
HITHY,-74.0307,-1.70755,0.600464, -3.13675
HITVS,-70.5935,-4.23638,0.64521, -3.7365
HITYE,-79.2827,-3.23806,0.168689, -10.597875
HKHEP,-74.7645,-4.70235,0.862992, -5.468375
HKHIH,-73.1364,-1.40193,0.270002, 8.171
HKLEP,-73.3759,-6.06546,0.550974, -7.744125
HKSVY,-71.7334,-0.66479,0.405167, 5.693625
HKTVT,-73.1728,-3.81556,0.750395, 5.549375
HLRMQ,-72.5713,-1.62767,0.624433, 1.9275
HLYVQ,-70.3803,-1.59713,0.540555, -3.72325
HMHSN,-74.0815,-3.03438,0.657039, -5.565875
HMWHH,-70.1171,-2.65455,0.53313, -3.941875
HNLRH,-74.0394,-2.80874,0.551891, 5.862625
HNLVT,-72.4569,-2.17986,0.626005, -3.306
HNYVP,-72.2887,-3.16249,0.684494, -3.163625
HPRGH,-77.1837,0.1207,0.48239, 3.269375
HPSVP,-74.3261,-4.46643,0.725044, -3.57375
HQEQP,-74.4298,-5.76665,0.814884, -14.021375
HQIIP,-76.8077,-4.60544,0.973121, -4.214875
HQILA,-74.1194,-0.49546,0.508481, -4.488125
HQKNP,-74.3214,-4.72769,0.852587, 1.707375
HQLED,-71.5893,-2.78758,0.562948, -26.762375
HQLLH,-74.3943,0.88488,0.542358, -4.2215
HQLTP,-75.4306,-4.23328,0.555899, -4.099
HQQIQ,-73.4348,-3.68472,0.74951, -5.1965
HQTIH,-76.1149,-2.06354,0.759506, -4.6675
HQVFP,-73.7478,-3.77511,0.451459, -3.04425
HRIHA,-76.6535,-1.09786,0.781942, 5.612625
HRVIR,-71.9963,-0.71743,0.582015, 13.5215
HSAVL,-76.426,-2.3173,0.664602, -3.069125
HSHIP,-74.3167,-3.95848,0.616838, -2.626875
HSLVS,-73.7926,-1.30188,0.547091, -2.94
HSQHN,-73.518,-1.86653,0.637962, -3.978875
HSQVS,-71.2349,-2.22863,0.564623, -4.32225
HSRIH,-73.2725,-1.69488,0.454328, 2.74825
HSSIA,-77.5165,-1.62659,1.07615, -3.5245
HSSIP,-77.7974,-3.22207,0.520046, -3.651625
HSSVQ,-72.733,-1.21752,0.924629, -3.04325
HSTEW,-76.7233,-1.46158,0.183029, -16.849125
HSTIQ,-74.0409,-1.7965,0.831823, -2.566125
HSTVS,-71.1764,-3.12162,0.588776, -3.5375
HSWQN,-73.9103,0.00923,0.832781, -3.311375
HSYIS,-76.1354,-0.7907,0.557992, -3.297375
HSYVP,-74.8752,-2.18802,0.316292, -3.101125
HTAHL,-76.4152,-0.51597,0.830237, -3.108
HTALE,-75.666,-1.44595,0.857837, -10.262625
HTEIT,-73.2048,-2.73588,0.514296, -12.27375
HTHTR,-72.9493,2.07133,0.321902, 5.98625
HTIEN,-74.9299,-1.46372,0.823166, -16.844375
HTKIQ,-79.2414,-0.83536,0.0900267, 3.383125
HTLIQ,-72.8443,-2.18282,0.915231, -2.7185
HTLLP,-73.7167,-4.25771,0.513162, -2.97325
HTLMH,-78.6818,-1.88711,0.218688, -3.38975
HTLTD,-73.2338,-1.50471,0.493658, -10.0835
HTLVP,-74.5546,-4.91372,0.533765, -3.0715
HTNIN,-74.7261,-1.65516,0.51982, -3.32725
HTNVA,-72.0637,-1.29799,0.59516, -3.039625
HTNVP,-73.1006,-3.70637,0.460042, -3.30275
HTPVP,-74.7465,-4.33493,0.562788, -3.27225
HTQIP,-76.8136,-5.72685,0.949474, -3.474375
HTSIN,-72.4061,-0.92291,0.697956, -3.362
HTSIP,-77.8806,-4.71646,0.495583, -3.191
HTTEI,-74.6922,0.01987,0.611975, -17.618125
HTTEP,-76.9414,-4.22807,0.587499, -17.5295
HTTEW,-76.2459,-2.52914,0.362434, -17.599625
HTTIE,-74.0235,-2.70492,0.675588, -9.763
HTTIN,-73.8609,-1.40986,0.458121, -3.369
HTTIR,-76.4168,-1.40519,0.689257, 4.590125
HTTMN,-74.9802,-3.96047,1.04811, -3.053
HTTVE,-74.8988,-4.29368,0.517652, -10.306875
HTTVN,-73.3629,-2.84461,0.530978, -3.263125
HTTYL,-71.6453,-2.8943,0.605045, -2.9715
HTTYQ,-72.526,-2.04137,0.744613, -3.386875
HTVHA,-76.6334,-1.60438,0.464093, -2.503125
HTYEN,-71.9031,-1.86162,0.756609, -18.89425
HTYHQ,-71.13,0.28152,0.18434, -2.177
HTYYD,-69.1584,-0.18806,0.416707, -9.352625
HTYYP,-72.11,-1.3697,0.452218, -3.628875
HVEEP,-74.8571,-5.54491,0.467498, -28.169875
HVTYE,-74.0823,-3.08226,0.596541, -10.593875
HVTYP,-76.4562,-4.18225,0.790946, -3.905125
HWLEP,-74.5669,-3.4362,0.613077, -18.057
HWVMT,-72.2463,-0.89186,0.583567, -3.847375
HYCQK,-73.9741,-3.50294,0.882797, 1.87525
HYLSQ,-72.3709,-1.62272,0.830098, -2.62475
HYLTN,-73.9517,-2.58738,0.725436, -2.9645
HYTAD,-71.8358,-1.95931,0.264542, -10.79525
HYTEP,-76.857,-5.50637,0.577547, -17.047375
HYTLN,-72.286,-2.84517,0.851314, -3.355125
HYTYK,-73.2948,-2.10078,0.553293, 1.932
ICTLN,-74.1927,-1.34101,0.455512, -3.195625
ICYQA,-73.189,-1.78194,0.334556, -2.947625
IDEVN,-75.0336,-4.14985,0.586347, -23.466
IDTYL,-77.5809,-1.84729,0.3274, -14.069375
IFTHP,-76.7645,-7.29706,0.533859, -3.1215
IFTMA,-71.4764,-3.50374,0.684303, -3.50375
IHIRT,-70.8015,-3.30299,0.456886, 5.20125
IHISC,-72.3117,-2.78516,0.656704, -2.688125
IHLVA,-73.6235,-4.59685,0.776415, -2.903875
IHSIP,-75.7474,-6.11448,0.62507, -3.006125
IHSMP,-73.3811,-5.68216,0.778706, -2.8145
IHWIP,-75.221,-5.11621,0.472618, -3.458875
IKTML,-71.6807,-1.46729,0.408395, 6.385875
ILALP,-71.7349,-3.75502,0.455686, -3.3105
ILQIP,-74.5314,-4.13374,0.522853, -3.82775
ILSLQ,-72.8937,-3.04511,0.638739, -2.75375
ILTAN,-71.8866,-2.38361,0.974609, -3.66125
INIVQ,-75.4863,-3.38697,0.673193, -2.699375
INLIT,-73.6888,-2.74136,0.645352, -3.1355
INVIE,-74.4759,-3.23835,0.439269, -9.744625
INYQN,-75.4878,-3.55994,0.420156, -3.035875
INYYN,-71.3425,-2.57693,0.261348, -1.62425
IQHTR,-74.2341,-1.64959,0.260532, 5.268875
IQNMP,-72.5677,-3.59429,0.472451, -5.079875
IQYQM,-73.4586,-3.18021,0.297419, -4.301125
IRFVP,-73.6766,-5.71473,0.846968, 6.250875
IRHLP,-72.9436,-4.12491,0.660373, 4.953875
IRTQL,-75.2056,-4.22822,0.865534, 5.52825
IRYLP,-72.8059,-5.40893,0.825092, 6.132
ISAIP,-74.0867,-5.45192,0.546756, -3.186875
ISLAQ,-70.8604,-0.09101,0.570118, -2.787
ISLHP,-75.0168,-4.95528,0.562621, -2.629875
ISNID,-76.8576,-5.65741,1.24733, -11.9695
ITCLN,-71.4867,-2.30076,0.614098, -3.428
ITFQD,-69.7631,-4.64981,0.74385, -10.1595
ITFYR,-70.7296,0.81847,0.486687, 4.2475
ITIWP,-76.055,-3.24298,0.455888, -2.680375
ITLIP,-77.0288,-6.47919,0.743487, -3.1355
ITMIN,-73.5585,-2.18004,0.724627, -3.84225
ITMTD,-70.1179,-0.06221,0.581832, -9.64225
ITNMP,-75.1437,-3.5996,0.893009, -3.931625
ITQIT,-74.8534,-3.9934,0.724772, -3.414625
ITTHH,-79.6185,-1.94996,0.461455, -2.78025
ITTIQ,-70.285,-1.66281,0.638802, -3.113125
ITWIN,-74.0988,-0.48341,0.946257, -3.011625
ITYHN,-70.5725,-1.13227,0.278583, -2.233125
ITYVT,-71.8049,-1.41725,0.658486, -3.5895
IVFTP,-72.0888,-3.77842,0.567602, -3.31375
IVLEP,-74.4856,-6.36641,0.658301, -17.6925
IVLMP,-72.5903,-5.12978,0.617305, -3.296625
IWNEN,-72.2094,-1.86824,0.521517, -18.095125
IYTHN,-71.4407,-3.06915,0.460852, -2.398625
IYTHY,-73.7009,-4.01205,0.712504, -2.72025
IYTIP,-75.577,-6.19688,0.590585, -3.032625
IYVNE,-73.7683,-2.60748,0.605201, -9.65625
KATIV,-76.4779,-0.8885,0.711242, 8.0875
KCETR,-73.6499,-1.23585,0.28341, 6.20649999999999
KCQVA,-71.7446,-1.34194,0.468425, 6.668375
KEGPN,-68.6227,-1.51793,0.687206, -1.644125
KEKRT,-71.744,-4.27838,0.638381, 11.671875
KGTHA,-74.9789,-0.58938,0.875756, 7.281875
KHLVT,-72.7738,-3.01165,0.807373, 7.036875
KHNLN,-71.2251,-2.77174,0.478636, 6.940625
KHSQN,-76.1123,-0.82498,0.527461, 7.160375
KININ,-74.4103,-1.91874,0.729067, 6.639875
KKHIA,-72.9411,0.15952,0.226729, 16.27125
KKLTE,-72.1063,-2.54684,0.652202, 9.011125
KKNFI,-72.0986,1.69609,0.264313, 16.614125
KKTTR,-71.1186,-0.8046,0.58766, 23.281875
KLEVP,-72.2497,-6.88652,0.616421, -2.056
KMLEH,-75.0453,-2.22631,0.111975, -6.6925
KPKKH,-73.1189,-4.98429,0.208711, 26.337375
KPLSR,-74.7338,-1.53665,0.270312, 14.699
KPRHL,-78.454,-4.51502,0.169246, 12.85975
KQLNM,-75.7696,-0.52467,0.870824, 6.198125
KQTIS,-72.007,-2.49334,0.604192, 6.200625
KRFAQ,-71.7438,-0.79398,0.228369, 16.392875
KSLET,-77.6798,-1.08345,0.907238, -3.33625
KSNKL,-70.6043,-3.11432,0.22997, 17.901125
KSSIH,-76.9525,-2.13006,0.870165, 8.171875
KSTCH,-73.6248,-3.14206,0.828546, 6.82075
KSTIF,-73.0028,-1.99884,0.619328, 8.38075
KTHHD,-73.5371,-1.30332,0.530084, 0.83075
KTLVA,-74.614,-2.65497,0.786748, 7.930625
KTMCH,-72.8209,-2.14914,0.253207, 7.736875
KTNIN,-72.0089,-1.9371,0.445477, 7.560625
KTNIP,-76.0191,-4.66414,0.53133, 7.707125
KTQIC,-70.6116,-2.75494,0.397466, 7.34587499999999
KTQVQ,-73.2655,-1.73281,0.470265, 7.37025
KTTIN,-73.4765,-2.75368,0.67097, 7.887125
KTTMN,-74.0322,-1.10196,0.606421, 7.904125
KTTTN,-76.4772,-2.36309,0.645459, 8.415625
KTYEN,-68.5679,-1.26488,0.48958, -9.662
KTYVS,-71.1631,-2.86902,0.538381, 7.9115
KVDRS,-72.3579,-2.71617,0.662843, 6.54175
KVTTP,-73.9821,-5.0928,0.646823, 7.939625
KWTRH,-71.8993,-2.06091,0.716281, 15.858
LAAVA,-74.7398,-3.60747,0.644722, -3.098875
LAFTP,-72.5585,-1.58711,0.580844, -3.2155
LAITH,-71.9503,-3.11898,0.443153, -3.1055
LAPMN,-75.3996,-2.34022,0.428626, -3.27825
LAQIQ,-73.4709,-1.23735,0.375733, -3.45875
LASKT,-72.5451,-1.94092,0.637754, 6.57825
LATIY,-75.6025,-3.21689,0.645226, -3.517625
LCRQR,-74.6355,-2.4575,0.65951, 9.115375
LCTQM,-74.5273,-5.61691,0.441187, -3.140375
LDRQH,-72.6196,-4.68961,0.234268, -6.780375
LETHR,-72.9166,-2.38318,0.704676, -4.926625
LETIM,-73.9075,-1.41676,0.58429, -15.21
LETLN,-75.2289,-2.18646,0.770879, -16.134125
LFMQP,-72.344,-5.97492,0.761327, -3.375375
LFSLQ,-74.9413,-3.12093,0.830493, -3.07975
LFTRS,-71.0335,-2.62435,0.440662, 5.690125
LGLTP,-74.0713,-2.88649,0.838185, -3.1095
LHCYP,-74.5897,-4.65667,0.668651, -3.109
LHFQQ,-74.49,-3.52344,0.641281, -2.975875
LHNHN,-71.3974,-2.48783,0.740719, -3.016125
LHQIP,-72.6541,-4.96496,0.479123, -3.38725
LHSVP,-76.0449,-5.44138,0.650092, -3.19525
LHTYP,-72.3837,-6.67294,0.735145, -4.867375
LITVT,-76.8272,-2.90071,0.56681, -3.90125
LKFQP,-71.8169,-3.15731,0.505231, 7.464125
LKLTH,-72.2149,-2.21289,0.194199, 6.937625
LLDIQ,-72.0862,-3.7348,0.211001, -12.090125
LLNLP,-75.5404,-5.79711,0.59113, -3.13175
LLTSH,-75.8958,-4.01101,0.284996, -3.484875
LLWMP,-75.9369,-3.43244,0.213158, -3.426
LMHEP,-70.9539,-4.29483,0.643342, -17.735
LMNEH,-74.6204,-3.10975,0.0690426, -16.73
LMTLM,-74.2445,-0.42892,0.637204, -2.8675
LMTVA,-73.9178,-3.1808,0.56923, -3.285
LNEFN,-73.7189,-3.95255,0.474597, -12.891
LNLQH,-74.2181,-2.80565,0.190133, -3.204125
LNWIP,-77.7808,-5.27808,0.922627, -3.271875
LNYQN,-69.6483,-3.36186,0.42653, -2.68875
LPAIP,-74.6311,-5.45291,0.450213, -2.67775
LPQAR,-75.6435,-4.06155,0.494964, 4.9815
LQAVQ,-71.7736,-2.25782,0.521467, -4.06575
LQMEQ,-71.194,-1.73103,0.500369, -18.3135
LQMLN,-70.8589,-1.23218,0.480797, -4.6475
LSHFP,-78.403,-4.43032,0.863599, -2.387625
LSHYP,-74.1372,-6.0919,0.897754, -5.463875
LSLQP,-73.1253,-5.4699,0.504248, -3.232
LSLSP,-74.4011,-3.40967,0.471326, -3.1095
LSLVT,-75.8619,-4.41732,0.622994, -3.302375
LSMIP,-76.576,-4.64952,0.574456, -2.996
LSPVP,-76.9257,-7.20063,0.721846, -2.983
LSQVS,-72.3849,-3.88151,0.588222, -4.24175
LSTIQ,-73.44,-3.39472,0.592807, -3.227
LSYQD,-73.4166,-3.60753,0.521136, -10.537
LTAEP,-74.7352,-3.62037,0.457193, -17.25925
LTAVN,-74.8166,-4.47045,0.79496, -3.455375
LTCEP,-75.0819,-4.49556,0.454035, -17.23025
LTELT,-73.7712,-2.60694,0.54797, -12.48625
LTGIA,-74.8572,-1.79492,0.929292, -3.3295
LTHFL,-74.2948,-2.15435,0.512648, -3.694125
LTIMP,-75.3635,-4.61849,0.599751, -3.3465
LTKIN,-74.4711,-2.6752,0.819112, 2.873
LTRRM,-76.6896,-2.18599,0.56988, 11.8385
LTSIA,-74.7395,-3.479,0.589162, -3.764
LTSMQ,-75.3543,-1.15103,0.567208, -3.211625
LTTAI,-75.1446,0.18402,0.678333, -3.623
LTTAL,-74.4096,-1.77691,0.554923, -3.488125
LTTLP,-73.9004,-5.80676,0.706454, -3.635875
LTTMM,-74.2468,-0.96334,0.574163, -3.18225
LTTQA,-73.2844,-5.18665,0.728562, -3.6315
LTTQY,-75.1199,-4.17989,0.669865, -3.4175
LTTYY,-74.0632,-2.84034,0.6735, -3.069875
LTVEA,-74.2017,-3.18714,0.572001, -17.933875
LTVQC,-76.366,-3.63589,0.78706, -3.2585
LTYAP,-72.3129,-2.92422,0.471212, -3.277875
LTYET,-74.4199,-5.08036,1.01557, -18.8025
LYTET,-74.347,-3.76462,0.476457, -17.659625
LYTKL,-72.3121,-3.62793,0.875982, 7.733875
LYTLA,-75.7931,-3.49874,0.843107, -3.643375
MAHIP,-77.0378,-5.09482,0.793311, -2.426875
MANIN,-73.3058,-2.89375,0.565855, -3.3705
MATIA,-74.4121,-1.43538,0.609838, -3.431375
MHAAL,-70.0713,-2.73553,0.520696, -2.6755
MHHVW,-73.7541,-3.0099,0.0400482, -1.903125
MISEN,-76.2432,-1.96372,0.605045, -18.121125
MKTHQ,-71.242,0.13623,0.637051, 6.284125
MLFQN,-69.7904,-1.93037,0.594715, -3.615375
MNVIP,-73.5533,-4.45727,0.868767, -3.013375
MQLQN,-73.8798,-3.13172,0.850449, -4.631625
MQLVT,-76.2739,-3.09945,0.675867, -4.49825
MSEAL,-72.0177,-1.01532,0.565898, -12.112125
MSFVT,-77.7225,-1.45826,0.111426, -3.145
MSLAP,-76.1836,-2.93134,0.536645, -3.010375
MSLTP,-75.6202,-1.78257,0.521, -2.9685
MSTID,-74.0098,-2.15383,0.531689, -11.268375
MSTLP,-75.0158,-2.93539,0.616301, -3.5975
MTDYN,-72.9991,-2.21023,0.686771, -13.399375
MTEHN,-70.6785,-2.58562,0.595729, -12.420125
MTHLP,-75.2117,-1.43581,0.760666, -2.94775
MTIPC,-70.9036,-0.96343,0.626303, -2.664375
MTNVI,-72.6035,-0.13186,0.479562, -3.828125
MTNYL,-79.644,-2.38101,0.216097, -3.47425
MTQVP,-74.4205,-4.03851,0.566764, -3.85525
MTQVQ,-76.5126,-2.40005,0.5582, -3.501
MTSQP,-73.0011,-3.41057,0.622239, -3.416875
MTTAL,-77.9034,-0.97723,0.222035, -3.809625
MTTFK,-72.2707,-2.60319,0.591483, 1.774625
MTTHC,-72.5925,-2.21581,0.567917, -3.64625
MTTVT,-74.2693,-3.14452,0.604615, -4.11425
MYNSN,-71.6782,-2.10732,0.686142, -4.590875
MYTEN,-70.8078,-2.7978,0.588477, -17.472375
MYTID,-74.1863,-3.46557,0.870959, -11.456125
MYTIT,-74.8652,-1.407,0.647947, -3.35375
MYTLN,-73.606,-0.78589,0.494276, -3.2825
NAEKQ,-70.1718,-2.47107,0.591348, -2.290875
NAHDS,-71.4351,-0.39458,0.554283, -16.954125
NAHRT,-73.8734,-2.41889,0.446106, 6.169
NALIP,-75.3709,-3.85625,0.556117, -3.496
NALVQ,-73.0319,-2.15993,0.776734, -3.9015
NAVIA,-72.6785,-2.6313,0.563542, -3.534875
NDEEP,-72.2972,-6.03824,0.4616, -39.837375
NDIIN,-73.8729,-3.23414,0.567323, -13.128875
NDLIT,-74.7955,-4.22144,0.814473, -13.36675
NDNIY,-73.6454,-2.18332,0.481305, -14.636625
NDPVN,-74.284,-2.43963,0.385571, -13.52275
NDYLP,-72.1546,-4.82575,0.787893, -14.302875
NDYNW,-68.0222,-1.41067,0.212495, -13.224375
NEHYQ,-71.5638,-3.35047,0.486409, -15.894625
NELVN,-74.6989,-2.98196,0.595758, -17.118125
NELYN,-74.1739,-3.95161,0.746376, -16.68025
NEMEE,-70.5637,-2.71421,0.803215, -38.282125
NEPNN,-75.9292,-0.94952,0.700089, -14.3365
NESIM,-75.8762,-1.38134,0.643902, -15.40975
NETLR,-74.6635,-1.36005,0.251965, -11.634625
NFLYP,-72.0694,-6.03747,0.569076, -5.43725
NGHHQ,-73.3463,-0.96151,0.492511, -1.263375
NGHTL,-72.5981,-2.57941,0.587345, -4.432125
NGIYN,-70.0492,-0.72609,0.309841, -3.735125
NGNID,-72.472,-1.30405,0.860497, -12.22125
NGQKN,-69.9215,-0.21345,0.605747, 7.047375
NGRIN,-73.2815,-0.86007,0.833888, 2.543375
NHLIH,-80.4766,-3.21868,0.162748, -2.84475
NHYQN,-69.7664,-3.95685,0.476335, -3.183875
NIHYA,-79.1259,-1.40793,0.817086, -2.98450000000001
NKHYD,-71.0668,-1.36389,0.460175, 0.194125000000006
NKLRI,-73.454,-3.15982,1.01568, 14.685875
NKMEP,-74.5344,-3.58413,0.616346, -6.0515
NKPIK,-77.4426,-2.22074,0.202093, 10.073
NKQSN,-70.2084,-1.49388,0.447297, 6.632875
NKVMP,-75.3133,-2.73283,0.532757, 7.33925
NLIKQ,-70.9712,-2.41802,0.562881, 7.6775
NMHVP,-74.663,-6.09309,0.972566, -3.9195
NMQVA,-71.173,-2.23916,0.574437, -4.025
NMYFQ,-72.6843,-2.02625,0.699302, -2.856125
NNAQC,-71.5537,-2.00626,0.557135, -2.818
NNEVN,-71.5524,-4.01457,0.540469, -12.926875
NNHVP,-71.2537,-3.65166,0.42411, -2.53375
NNIIN,-72.7598,-2.00806,0.682579, -2.854125
NNVIQ,-70.3811,-2.45937,0.559548, -2.20275
NPIHL,-75.1673,-1.90769,0.0952898, -2.344625
NPIMC,-74.3972,-1.21943,0.584478, -2.816
NPKHR,-71.8822,-0.48251,0.199915, 10.559875
NPWNQ,-71.1103,-0.05835,0.250334, -2.449625
NQIIT,-74.0828,-1.95034,0.473786, -4.472375
NQIYD,-71.4658,-2.01264,0.6001, -13.40575
NQNIN,-73.0435,-2.98725,0.472179, -5.7105
NQSIM,-72.3022,-2.82037,0.551195, -5.326375
NQVIE,-73.2514,-4.28892,0.910398, -11.12225
NQYIP,-73.7351,-5.49084,0.7352, -4.824875
NRFIP,-69.5989,-2.39074,0.670151, 5.136375
NSEHP,-73.7298,-5.94341,0.577369, -12.799625
NSHIP,-76.0065,-3.99511,0.558637, -3.459875
NSHKN,-75.9361,-1.70075,0.340907, 7.29125
NSHVV,-77.2715,-2.6876,0.932821, -2.618
NSKTR,-74.1415,-0.12946,0.297233, 10.798875
NSLCP,-75.2505,-3.58769,0.774512, -3.402625
NSLEP,-75.276,-5.5544,0.604305, -17.775375
NSLII,-75.6976,0.19799,0.550385, -3.31875
NSQIP,-75.8479,-4.83988,0.472161, -3.7595
NSRIQ,-75.7161,-1.70425,0.778284, 2.990625
NSYLP,-75.7769,-3.38772,0.50282, -3.10775
NTAYP,-76.411,-3.69204,0.583743, -5.41375
NTFHP,-73.944,-3.72198,0.602622, -2.570375
NTFVT,-75.2011,-2.03474,0.0848652, -3.59475
NTHCP,-74.5537,-4.4448,0.600147, -4.01325
NTLMP,-72.7759,-5.14218,0.758817, -3.27025
NTLTP,-72.7378,-3.68415,0.508021, -3.037
NTLVN,-78.8202,-2.22228,0.369382, -3.3345
NTMFA,-74.1576,-1.77339,0.763763, -3.097
NTMLN,-72.8091,-2.39725,0.636024, -2.754375
NTNDS,-72.144,-2.60668,0.449343, -16.80675
NTNIN,-73.8394,-3.31544,0.606642, -3.821125
NTSAK,-73.1137,-2.03289,0.654209, 2.54125
NTSRS,-74.2054,-0.18121,0.951165, 5.055125
NTVIP,-74.2432,-7.22538,0.812153, -3.159875
NTYAL,-72.3123,-1.71448,0.500562, -3.788
NTYHL,-73.1875,-2.18373,0.636114, -2.612375
NTYIT,-69.2702,-2.13262,0.5834, -3.1295
NTYRS,-68.9816,-1.96031,0.420056, 5.505
NVIQQ,-73.6604,-3.95591,0.685754, -3.390125
NVSIQ,-71.2806,-2.86902,0.61458, -3.173125
NVSRT,-72.3668,-2.59423,0.55291, 4.978625
NVTYE,-74.7621,-5.70335,0.889197, -12.921625
NVVQC,-73.7208,-4.90807,0.671187, -3.54575
NYTIQ,-72.9127,-3.32417,0.513836, -3.244625
NYYIT,-72.2598,-4.74164,0.84037, -4.6235
PAEVT,-72.0331,-3.07444,0.457871, -13.07975
PAFNS,-71.8402,0.0761,0.45717, -3.2655
PAHAL,-70.4214,-2.85447,0.433908, -3.832375
PAHHL,-77.5157,-2.03252,0.0747356, -1.729625
PASQR,-77.2663,-2.4147,0.946675, 3.16075
PATHE,-73.6267,-3.43837,0.13966, -10.535875
PCDEE,-71.4469,-2.87479,0.720222, -30.9155
PCHIN,-73.3331,-1.54452,0.633197, -3.690125
PDSVP,-75.4923,-5.61524,0.649433, -12.67125
PEFVP,-72.6696,-6.2381,0.66275, -16.568625
PERVT,-72.2042,-3.83038,0.536275, -10.16775
PETFQ,-74.9401,-1.49778,0.251465, -16.03275
PETVA,-72.4991,-3.59948,0.610596, -16.5175
PETVP,-75.7509,-6.14267,0.485805, -16.39575
PETVS,-71.2531,-3.84107,0.682938, -16.80325
PGKTH,-71.3157,-1.0744,0.299528, 2.50975
PHFQN,-70.6567,-3.99336,0.533642, -2.64425
PHHVP,-72.2579,-4.98629,0.651752, -2.158125
PHLYL,-77.9908,-4.18366,0.144773, -1.97075
PHNVP,-73.1781,-4.78165,0.533066, -2.954
PHTHS,-71.1284,-2.23991,0.631901, -2.066
PHTRG,-72.2037,-3.55719,0.535262, 5.974625
PHWEL,-67.8495,-4.5522,0.292866, -16.957
PIETA,-74.1072,-5.30192,0.500748, -12.188875
PIILQ,-70.9773,-3.29721,0.443558, -2.815875
PILQN,-73.2163,-4.69331,0.784818, -3.40675
PISMV,-75.0262,-2.13372,0.58497, -3.820125
PITLH,-76.5398,-1.62169,0.544726, -3.3025
PITMC,-71.1581,-2.91997,0.614189, -3.30775
PITVS,-70.0336,-4.16435,0.30911, -2.857875
PKLIP,-75.7928,-7.28094,0.659921, 5.93325
PKQIT,-73.7865,-2.54968,0.642466, 5.125875
PKTIQ,-73.7961,-3.48656,0.574223, 5.256625
PKTMN,-71.4765,-2.76786,0.650448, 5.70925
PKVIN,-73.8953,-5.00557,0.536151, 5.40775
PKYIN,-70.8986,-3.68066,0.673858, 7.21625
PLLEP,-74.793,-4.48781,0.679521, -16.625875
PLTMQ,-71.3608,-2.90776,0.63756, -2.91625
PMHVP,-72.1119,-6.21891,0.855203, -3.744375
PMLTS,-73.8198,-0.9139,0.511303, -2.873125
PMMVP,-72.842,-4.47407,0.582724, -2.818875
PMNVN,-73.8689,-3.04101,0.598166, -3.468625
PMQLA,-71.8308,-2.1501,0.450524, -3.55675
PMQLH,-75.0719,-0.8829,0.423355, -3.862875
PMRWL,-73.5062,-1.17833,0.572677, 2.84875
PMTVN,-72.6311,-3.66223,0.807409, -3.37775
PNDVT,-71.5378,-3.66636,0.490883, -12.98625
PNEIN,-72.2419,-4.53216,0.511698, -12.523625
PNFVQ,-71.8142,-1.10941,0.236623, -3.291875
PNMLP,-74.8472,-2.79978,0.498592, -2.440625
PNQIL,-78.4587,-3.03793,0.113879, -2.88325
PNTIY,-75.3755,-1.31644,0.613381, -2.247625
PNTRK,-72.7681,-4.14949,0.859121, 11.865
PNTVC,-73.8684,-4.70903,0.831467, -2.992875
PPEIQ,-72.0893,-5.03984,0.715108, -12.579125
PPHDP,-73.4935,-2.61697,0.612007, -18.06625
PPHLF,-72.4188,-2.96825,0.660927, -2.927
PQAYP,-77.588,-3.50887,0.52648, -4.627875
PQHIS,-72.079,-5.42331,0.550299, -3.910375
PQNYY,-71.8848,-2.96433,0.601613, -4.19825
PQSIQ,-72.1401,-3.53876,0.552765, -4.01375
PQTIT,-76.6464,-4.10558,0.17606, -4.387625
PQVIN,-76.7784,-7.07589,0.705459, -4.231
PRAKQ,-72.8619,-2.06163,0.498723, 17.12875
PRARI,-73.1601,0.7037,0.0915306, 16.228
PRLHP,-74.3029,-6.49436,0.621596, 6.44775
PRPIH,-75.1076,-3.98337,0.84749, 6.128875
PRSID,-71.3605,-4.37354,0.847867, -1.543
PRTLL,-71.0946,-4.68963,0.799213, 5.2675
PRTVH,-74.0119,-3.41468,0.861699, 5.69375
PSCVV,-79.3957,-1.61231,0.101602, -3.224875
PSFAR,-72.9044,0.26408,0.391789, 4.8605
PSFRP,-72.4267,-3.89494,0.561218, 6.013375
PSHVA,-74.0525,-3.26177,0.529274, -2.033375
PSHVN,-74.8874,-2.50731,0.718935, -2.678125
PSLLQ,-73.269,-2.5367,0.571752, -3.270625
PSLQP,-75.818,-4.64886,0.694054, -2.884875
PSLVS,-71.8383,-4.57406,0.554242, -3.545375
PSMKP,-74.2557,-2.51747,0.453812, 7.844375
PSMLL,-75.5074,0.02083,0.51532, -2.7535
PSQVQ,-73.1095,-2.38772,0.545757, -3.228
PSRIN,-75.9944,-4.23936,0.646157, 2.666
PSRIP,-77.5982,-5.39301,0.691742, 2.715
PSSIH,-77.8598,-4.8556,0.931359, -3.024
PSTFN,-71.4559,-4.34556,0.487662, -3.44225
PSTIP,-77.1236,-8.69899,0.944223, -3.26975
PSTVL,-78.659,-4.39235,0.186258, -3.31875
PTACH,-75.9794,-1.17074,0.589104, -2.895375
PTCVQ,-74.4016,-5.04781,0.808542, -2.724375
PTDLQ,-71.7747,-2.04718,0.579909, -12.2395
PTFLP,-72.4665,-3.90104,0.603364, -3.04
PTFRQ,-71.0779,-1.39804,0.681233, 6.4305
PTKSK,-71.8112,-3.409,0.639892, 8.946
PTLIP,-74.2652,-5.47422,0.461193, -3.081875
PTLLP,-72.904,-8.00164,0.681555, -3.0175
PTLQL,-71.7513,-4.50488,0.529557, -3.271875
PTLVQ,-74.859,-4.16769,0.582274, -2.743
PTMIC,-74.032,-2.19039,0.633155, -2.853625
PTMIN,-75.5492,-1.85557,0.545944, -2.965875
PTMLQ,-71.6567,-2.47474,0.373502, -2.39275
PTMYP,-75.5768,-1.79645,0.175794, -3.67825
PTPVL,-74.6212,-4.75496,0.475214, -2.916875
PTQCP,-74.3861,-4.31639,0.517554, -3.761375
PTQCR,-73.1272,-1.96634,0.416906, 4.524375
PTQIQ,-74.0936,-2.73568,0.562729, -3.407125
PTQVL,-73.0646,-4.75351,0.651157, -4.0015
PTQVS,-71.6871,-5.91727,0.660966, -4.276375
PTQVV,-73.2059,-2.06718,0.602857, -3.91975
PTSEF,-75.8472,-4.26395,0.217381, -18.4715
PTSVA,-72.1981,-3.87,0.495878, -3.531625
PTTCA,-74.2348,-3.68392,0.609528, -3.614
PTTIY,-72.5798,-3.63154,0.392528, -3.30475
PTTVD,-75.2781,-5.12627,0.684414, -10.68175
PTVVC,-73.1788,-5.16055,0.857121, -3.380625
PTYIT,-71.6922,-3.78709,0.377506, -3.59675
PVIIS,-72.4748,-3.27071,0.600144, -3.252375
PVILP,-74.6377,-4.44636,0.515288, -3.043125
PVMIN,-75.9183,-4.14389,0.589859, -3.079125
PVTIA,-74.7387,-4.46197,0.643997, -3.649
PWTTQ,-71.715,-0.8918,0.543791, -2.41725
PYKQQ,-73.0604,-4.80517,0.589297, 3.5415
PYNIA,-72.3147,-3.76667,0.599478, -3.446375
PYTHK,-72.4939,-3.26617,0.575954, 2.748375
PYTIV,-74.399,-3.85733,0.819881, -3.205625
PYTMA,-71.2534,-4.5102,0.956396, -3.055375
PYTQP,-74.3596,-6.69761,0.755806, -3.1155
PYTVQ,-72.0534,-3.70995,0.477803, -2.5685
PYYES,-71.5778,-3.70271,0.589148, -18.61475
PYYVQ,-70.6128,-3.34864,0.443254, -2.745
QASEK,-75.254,-3.36365,0.773548, -12.415
QATIN,-73.8043,-1.09729,0.626795, -3.31275
QCNIQ,-68.9622,-3.08574,0.54862, -3.4335
QDLMN,-71.8391,-2.64902,0.664244, -13.858875
QENHL,-76.5987,-2.8049,0.0782082, -17.769125
QETIN,-73.7643,-2.61724,0.606921, -16.7945
QGWIP,-74.8923,-2.42686,0.877069, -3.531125
QHDQK,-74.349,-2.97661,0.611333, -7.47725
QHHIP,-73.403,-4.02305,0.736194, -4.43925
QHSYQ,-73.2125,-2.0588,0.188647, -2.60124999999999
QHTVA,-71.4597,-3.86346,0.670639, -3.08775
QHTVL,-73.9214,-4.02534,0.76381, -3.710125
QHVIN,-72.0697,-2.53011,0.402778, -3.46325
QITVT,-71.6638,-2.55093,0.557671, -3.552
QKKNH,-75.3771,-2.96275,0.931218, 11.57025
QKLTA,-72.508,-2.0006,0.536518, 5.56325
QKPLM,-75.2868,-0.41351,0.0540721, 8.03375
QKRLE,-74.9366,-2.48089,0.808963, 5.992125
QLDIP,-75.563,-5.27085,0.589527, -12.6785
QLHLP,-73.7755,-4.30574,0.774184, -3.500375
QLSLA,-73.562,-0.98451,0.451848, -4.188125
QLSVY,-74.4302,-0.4541,0.547641, -3.926125
QMLIQ,-75.694,-3.33516,0.867982, -3.69175
QNIIP,-75.3616,-6.56159,0.762448, -2.472625
QNIQE,-74.4016,-4.78239,0.638944, -10.758125
QNLEA,-72.1112,-3.4526,0.687193, -17.996125
QNLIQ,-74.1309,-3.15481,0.547897, -3.520625
QPHRS,-69.4501,-4.11812,0.650633, 5.57725
QPQNW,-72.382,-2.27108,0.104748, -2.348375
QQCIN,-75.2262,-1.89426,0.641809, -4.9055
QQQIA,-74.5965,-3.1863,1.00028, -5.0615
QQRIP,-75.0554,-4.01741,0.494698, 0.785374999999997
QQTQL,-80.2422,-5.14804,0.190182, -4.700375
QQTVD,-73.0339,-2.90731,0.583766, -12.120375
QQTVQ,-74.5505,-1.70287,0.356048, -4.76825
QRPIK,-75.37,-3.57794,0.914844, 10.8875
QRSKL,-73.3224,-2.25356,0.645951, 14.386375
QRSMQ,-71.4736,-1.90491,0.691045, 5.098875
QSEQQ,-73.7576,-3.63245,0.88509, -13.193625
QSHHN,-71.4062,-0.63266,0.526971, -1.842625
QSIQC,-73.1948,-3.10477,0.861137, -3.403375
QSLTP,-74.8067,-5.22105,1.03675, -3.15625
QSPIE,-74.0358,-0.92139,0.582779, -9.79
QSTFY,-75.076,1.36375,0.555797, -3.39975
QSTIE,-75.6475,-1.76271,0.408483, -10.157375
QSTIM,-77.0365,-1.19438,0.64323, -3.01225
QSTIS,-73.4812,-2.76135,0.604498, -3.27075
QTCIA,-70.6926,-2.35854,0.910872, -3.84925
QTDYN,-73.0267,-0.2564,0.61128, -14.356375
QTEVD,-73.0004,-3.71882,0.703318, -20.27825
QTHAK,-72.5582,-0.55824,0.591199, 3.800375
QTHIP,-74.7523,-2.19836,0.473336, -2.550125
QTLHH,-80.7105,-1.86325,0.195299, -2.68775
QTLIT,-75.3235,-1.9394,0.613356, -3.611375
QTMVN,-72.2745,-1.06841,0.352129, -2.50375
QTMWD,-72.0942,1.67723,0.525452, -9.82925
QTNIY,-74.3701,-0.23723,0.552326, -4.0345
QTNMQ,-72.0229,-0.86855,0.704661, -2.896
QTNVD,-69.4225,-1.50744,0.447034, -12.806375
QTNYA,-72.5003,0.32599,0.487866, -4.131
QTQLA,-72.4688,-1.48866,0.530657, -3.60325
QTRVA,-74.7058,-3.29839,0.750957, 2.443125
QTRVV,-79.5003,0.66915,0.0325934, 2.51575
QTSVP,-76.5992,-3.28522,0.579918, -3.7905
QTTCP,-77.1963,-5.05204,0.565722, -3.311125
QTTEQ,-74.4004,-1.93656,0.532061, -16.9235
QTTIL,-73.6608,-2.39449,0.611048, -3.186375
QTTIS,-73.9844,-3.05295,0.73895, -3.507875
QTTMQ,-71.703,-0.73358,0.62765, -3.1235
QTWIQ,-73.1471,-0.14686,0.255093, -3.79375
QTYIA,-72.1093,-2.94651,0.60459, -3.185125
QTYIP,-75.3115,-4.17256,0.781941, -3.242
QTYLN,-69.9937,-3.4084,0.442523, -2.9445
QVAHL,-73.3298,-1.45328,0.658167, -3.60475
QVNVQ,-73.3015,-3.88521,0.162868, -2.3605
QVPIP,-76.7858,-5.18476,0.755302, -3.115625
QVSIQ,-76.6374,-1.92565,0.211723, -3.63925
QVTEQ,-73.0188,-2.22893,0.54058, -17.62475
QVTLS,-70.2489,-4.28025,0.511234, -3.502
QYIHP,-73.2981,-6.75266,0.794119, -3.0155
QYLTN,-73.8913,-2.22181,0.47039, -3.01275
QYQVI,-73.6673,-1.45122,0.572393, -3.913
QYTHP,-77.4988,-6.84267,0.527975, -3.19775
QYTIN,-72.186,-3.56017,0.455492, -3.57525
QYTLD,-75.3177,-2.6395,0.515665, -10.817875
QYTQK,-74.2364,-4.42618,0.873087, 1.504
QYTVT,-73.0836,-4.96402,0.712305, -3.96175
QYYQT,-76.9779,-1.46312,0.57478, -3.240125
RATHQ,-71.8923,0.67458,0.460094, 6.651875
RATVD,-73.4579,-0.85797,0.47977, -3.388875
REITP,-75.2252,-2.56255,0.499603, -6.499125
REYLA,-72.3727,-2.19735,0.622157, -7.44125
RHTVQ,-70.5504,-2.52764,0.17465, 7.66875
RHYHD,-70.0723,-2.8466,0.410413, -3.10575
RICIH,-77.615,-1.20181,0.160747, 7.474625
RIFHR,-74.9683,-1.27491,0.224965, 14.442875
RISHN,-70.8457,-0.33373,0.473628, 6.830125
RISVN,-72.2775,-1.91625,0.746482, 6.447625
RISVP,-74.9841,-4.18671,0.483678, 6.911625
RKETP,-76.4346,-3.33653,0.820549, 8.701375
RKLSA,-70.992,-0.29778,0.458827, 15.916
RLCPK,-70.644,-2.20414,0.543511, 9.77675
RLQHA,-72.2813,-0.19368,0.625667, 6.100625
RMQIP,-73.1945,-2.99256,0.484395, 6.346875
RMTYD,-72.8759,-1.35421,0.581463, -0.43075
RPKDN,-71.4871,-0.24036,0.70723, -2.3655
RQTIA,-70.7797,-2.50006,0.408253, 4.664375
RQWHD,-70.2141,-1.48946,0.385528, -2.689375
RRKVA,-69.0318,-2.43498,0.322379, 21.470375
RSAIP,-76.7461,-3.91271,0.571364, 7.52575
RSHVI,-75.3625,-0.55314,0.631153, 8.208375
RSIIC,-74.2673,-0.67485,0.652796, 8.10625
RSIIP,-75.9993,-3.7067,0.669284, 8.089625
RSTVH,-74.358,-2.58209,0.923531, 6.868375
RSYVW,-71.3235,-0.2031,0.209995, 6.751625
RTGIN,-72.3519,-0.73295,0.470274, 7.3655
RTIQP,-73.4925,-4.88746,0.80571, 7.591
RTIVA,-73.1718,-2.04635,0.461811, 7.21275
RTLDT,-73.2242,-1.08031,0.621682, -7.32587500000001
RTLIP,-74.4941,-4.32277,0.45993, 7.419875
RTLQN,-76.7978,-2.84158,0.456722, 7.3535
RTTEP,-76.0554,-3.343,0.492008, -6.55175
RTTHN,-72.0238,-2.21502,0.697761, 7.079
RTTIA,-71.047,-2.13153,0.485312, 7.449125
RTTID,-71.7302,-4.48248,0.943508, -1.21912500000001
RTTIQ,-73.418,-2.15153,0.650858, 7.79275
RTTVQ,-73.5663,-2.34247,0.933311, 7.73925
RTTVT,-72.9677,-1.54776,0.509796, 7.152
RVSAN,-73.7619,-0.74701,0.457957, 7.09425
RYATP,-74.2664,-5.0342,0.65155, 6.8945
RYIAE,-71.5782,-2.91161,0.419221, -1.099875
RYLAD,-71.9124,-0.99853,0.475015, -0.447749999999999
RYVVH,-72.3157,-3.67434,0.17529, 4.83525
SAFIC,-75.6664,-0.49682,0.235485, -2.951625
SAGVP,-72.3572,-3.01136,0.698928, -4.2685
SAHIP,-73.2001,-3.28428,0.650153, -2.42325
SANIQ,-73.2072,-0.7164,0.666463, -3.2285
SATVL,-74.1983,-1.14937,0.566581, -3.523
SCEVQ,-71.7047,-2.27896,0.541598, -12.395625
SCIAT,-72.298,-1.79589,0.619205, -3.402
SCLQN,-74.8668,-1.38715,0.537861, -3.251
SCTML,-71.5349,-1.3936,0.612179, -3.279625
SDDIA,-70.1343,-2.45678,0.476703, -23.493375
SDGTL,-73.8839,-1.20332,0.269503, -13.17425
SELLP,-74.2506,-4.5273,0.496564, -16.32875
SENYN,-71.4681,-3.42952,0.517925, -16.359875
SEQKQ,-71.6642,-2.00073,0.72389, -5.744
SESVA,-71.2033,-1.97483,0.465647, -16.537375
SEVHC,-72.9943,-2.64383,0.625743, -15.48175
SGLIH,-71.6017,-0.71123,0.180888, -3.316875
SGPIQ,-71.4634,0.01554,0.623861, -2.948125
SHDVN,-72.6904,-3.72201,0.556943, -13.377625
SHHVP,-72.0732,-4.2466,0.627077, -2.239875
SHIHS,-70.2091,-3.36075,0.573297, -4.186
SHNHK,-70.9514,-3.12923,0.65491, 3.23725
SHNIL,-76.6486,-3.13468,0.419771, -3.064625
SHQIA,-73.5265,-4.5231,0.916478, -3.49375
SHYMQ,-75.2911,0.07603,0.237908, -3.784125
SIGTK,-76.6971,-0.79176,0.581921, 1.020125
SIHIP,-72.3264,-5.31248,0.861394, -2.74625
SIILQ,-70.3848,-2.28848,0.402435, -2.68
SIKRR,-73.8487,-3.94451,0.823235, 19.12875
SIQIT,-77.5799,-1.37718,0.066128, -4.20575
SIRIP,-76.0645,-5.41156,0.718053, 2.405625
SISIS,-68.1305,-3.8255,0.604339, -3.981375
SITMA,-70.2694,-1.4602,0.453467, -3.665625
SKAIL,-76.5234,-1.97359,0.915229, 6.10225
SKTVN,-73.4048,-2.96761,0.873899, 6.1985
SKTYA,-74.2184,-2.98678,0.828953, 3.811375
SKVPC,-71.4786,-2.52825,0.639138, 6.681375
SLCQR,-75.4629,-1.56391,0.201014, 3.5375
SLKVA,-72.9975,-4.37608,0.911295, 2.372
SLQIT,-72.4935,-1.55597,0.493304, -3.972375
SLTVV,-74.0071,-1.17337,0.120869, -3.558625
SMHFN,-71.5243,-1.04125,0.51698, -1.919375
SMHVP,-71.3722,-2.70361,0.456292, -2.689
SMTLQ,-72.8737,-1.71283,0.824738, -3.0075
SNIVP,-73.5719,-3.76068,0.544592, -2.980875
SNRHN,-72.2384,-1.61306,0.637352, 3.23225
SNVVN,-70.923,-1.42308,0.166071, -2.9655
SPHQT,-72.4938,-2.45573,0.68801, -3.352125
SPLPN,-70.5985,-0.99945,0.658245, -2.516375
SQSIA,-72.9782,-2.55031,0.592504, -4.35275
SQTTQ,-79.3484,0.12641,0.0607972, -4.181875
SQTYK,-73.863,-1.92083,0.674111, 0.796375
SQYLQ,-72.1626,-0.29651,0.535215, -4.422125
SRAKP,-74.9682,-1.56344,0.488144, 16.945875
SRSLV,-73.5211,0.17235,0.449516, 5.2145
SRTME,-73.1917,-3.81565,0.683656, -1.00475
SSAVP,-75.2162,-2.40699,0.648399, -3.19225
SSDHM,-72.5032,-2.73263,0.552167, -12.0345
SSKVP,-73.0735,-5.57739,0.543819, 2.73325
SSMIV,-77.3108,-1.67398,0.945743, -2.65125
SSNVA,-75.0312,-0.95271,0.590545, -3.299
SSTVS,-71.3864,-4.12024,0.612476, -3.681625
STAIN,-73.5424,-2.84514,0.565519, -2.982125
STHAL,-72.3343,-0.98384,0.442359, -4.021625
STHYA,-71.4116,-0.50655,0.232552, -1.716875
STILC,-71.1825,-2.00587,0.654087, -3.17875
STIQL,-77.9507,-2.42604,0.151409, -3.273625
STLIQ,-76.3286,-1.29566,0.61261, -2.567375
STLMP,-75.187,-4.09401,0.530379, -3.152125
STLTP,-72.6405,-3.97702,0.814623, -3.195625
STLVT,-74.6329,-3.19176,0.603004, -3.247125
STLVV,-75.0893,-3.86603,1.54835, -3.1765
STMRC,-74.1697,-1.24497,0.942503, 5.667875
STNHQ,-71.5789,-1.94665,0.70342, -2.378375
STNIP,-74.3128,-5.04814,0.590821, -3.4855
STNIQ,-72.7046,-3.22256,0.454761, -3.218375
STNVW,-77.0409,-0.61384,0.104036, -2.97125
STPIQ,-73.4371,-2.74981,0.630426, -2.631625
STQVS,-71.7488,-2.56746,0.673034, -4.20025
STRIH,-77.3627,-1.81685,0.804024, 3.044375
STSIH,-75.5095,-2.20113,0.658137, -3.20025
STSIP,-75.2126,-5.1419,0.627051, -3.570875
STTLT,-72.9194,-5.22403,0.59883, -3.7785
STTVA,-72.5511,-2.22748,0.455832, -3.356875
STTYA,-72.3305,-4.12629,0.60952, -3.2495
STTYN,-71.1917,-3.38898,0.643555, -3.090125
STVNC,-73.2714,-1.05139,0.616982, -2.4715
STVPC,-70.7718,-2.08935,0.456968, -2.4055
STYEI,-71.6559,-0.62959,0.74096, -17.9325
STYIT,-70.9907,-1.56997,0.417381, -3.3615
STYWN,-70.9374,0.24715,0.0482576, -3.31025
SVQIP,-76.0373,-4.23214,0.527096, -4.15125
SVTIP,-76.8344,-6.4996,0.538282, -3.583625
SVTLE,-72.7304,-4.29105,0.65158, -10.802375
SVYTP,-71.9651,-3.13651,0.618633, -3.304
SWFIP,-72.1271,-2.33137,0.911011, -3.554875
SWHEP,-75.8871,-4.09724,0.557756, -18.602875
SYHQT,-74.9146,-5.4389,1.06283, -4.45475
SYNYM,-74.3884,-1.77246,0.078003, -3.040125
SYQMS,-71.105,-3.50981,0.658651, -3.920375
SYREH,-80.3043,-4.63701,1.15169, -11.163875
SYSIE,-74.7914,-3.27252,0.411885, -10.20825
SYSVP,-77.8066,-4.20379,0.10592, -2.968375
TADSV,-71.6605,-1.34709,0.475733, -12.17675
TAIPF,-71.8883,-1.59138,0.545366, -2.37225
TAIVN,-72.9725,-2.21814,0.597802, -3.634375
TALVN,-75.6092,-1.30104,0.554463, -3.261125
TAMTY,-74.3325,-1.15592,0.94664, -2.660125
TAQVC,-71.6139,-0.76249,0.176082, -3.68325
TATRA,-74.0728,-1.8302,0.638187, 5.602
TATVE,-72.1249,-3.06205,0.276058, -10.548
TAVVP,-73.9115,-5.17454,0.578519, -3.388375
TCEEM,-71.5751,-3.04382,0.572984, -27.079625
TCELL,-72.1685,-4.60651,0.585614, -12.289125
TCTIA,-73.2,-3.38364,0.60541, -3.349875
TCYTP,-70.3043,-4.08956,0.5462, -3.1755
TDNHE,-75.5586,-3.36168,0.178422, -21.9245
TEHHQ,-71.1292,-2.72768,0.301978, -16.602
TEIVT,-73.3693,-3.97217,0.665816, -16.59975
TELFY,-74.7755,-2.18743,0.587604, -16.41175
TENHP,-72.0835,-5.11464,0.443761, -16.370875
TETKQ,-70.6022,-3.7297,0.422792, -5.72525
TEVYN,-71.7301,-4.49587,0.664294, -15.699375
TFQVT,-71.2564,-3.72026,0.464389, -4.271625
TFTIS,-73.2933,-3.31017,0.649728, -3.887125
TGTIM,-71.9849,0.25325,0.671918, -3.072625
TGWMP,-75.3714,-2.33813,0.835866, -4.25925
THCHP,-73.2395,-6.9951,0.618627, -2.207125
THEQT,-78.2799,-4.45487,0.0368792, -13.13125
THFHT,-71.5181,-3.4293,0.727226, -3.0975
THHHN,-72.6948,-2.20347,0.339275, -3.072375
THIIP,-74.6568,-4.32941,0.509827, -2.355875
THLIC,-74.7124,-4.90215,0.806668, -3.039875
THMIP,-74.4941,-4.22265,0.472316, -2.6345
THNHA,-70.9035,-2.23175,0.716869, -2.452625
THNNH,-75.1338,-3.13668,0.3715, -2.7455
THQIA,-72.4385,-3.68735,0.864388, -3.591625
THSVQ,-71.4694,-1.94556,0.451179, -2.1605
THTHF,-72.0136,-4.56024,0.756292, -2.119625
THTHP,-71.7717,-5.37728,0.471085, -2.736875
THTII,-76.3303,-4.74599,1.18481, -3.1435
THTYQ,-72.6376,-3.58869,0.614745, -2.647625
THYAN,-71.3846,-1.4817,0.297425, -2.234125
TICIR,-76.1595,-1.98184,0.0782864, 3.18325
TIHSR,-72.123,-3.7805,0.802525, 4.393125
TIHVT,-72.9915,-2.07174,0.552421, -2.497375
TIMPC,-69.3043,-2.86352,0.191084, -1.725125
TINLH,-71.3469,-4.15308,0.592281, -3.878375
TIPNL,-73.1238,-3.31997,0.627373, -3.232625
TIQVQ,-73.6603,-2.37241,0.580647, -3.253125
TISYP,-74.1996,-4.52653,0.65579, -3.80575
TITIQ,-71.2419,-2.2076,0.542236, -2.961625
TIYHC,-70.5589,-3.35208,0.509631, -2.83775
TKGRQ,-71.2516,-2.03899,0.603664, 16.15175
TKHFP,-77.1449,-4.09444,0.898472, 8.575
TKLHD,-71.5089,-2.35433,0.629442, -0.228500000000002
TKLTP,-73.2045,-5.7606,0.835706, 6.2695
TKMIP,-74.3182,-3.99085,0.753141, 7.679
TKMTQ,-71.8951,-0.64531,0.829166, 8.568875
TKNLM,-72.6683,-2.29793,0.52243, 5.50525
TKSIP,-74.7128,-5.4258,0.466685, 4.9965
TKSYT,-69.2057,-3.00833,0.260286, 6.741125
TKTLN,-71.1968,-2.21038,0.429432, 6.962125
TKTVE,-72.4435,-3.58424,0.230692, -1.262
TLAVP,-73.6954,-4.9753,0.79786, -3.4655
TLDRQ,-70.2381,-1.95932,0.733655, -3.408
TLELN,-72.167,-3.60487,0.411436, -12.285625
TLIIT,-75.1313,-3.7342,1.01234, -3.620625
TLNTK,-71.0267,-2.00897,0.458725, 1.881125
TLPIP,-71.5054,-5.50057,0.543646, -2.55875
TLSIE,-74.6468,-6.67719,0.841051, -9.9275
TLTLD,-70.1128,-3.00457,0.443542, -11.8285
TLYVT,-69.6024,-3.01269,0.254892, -2.663375
TMHHA,-71.6593,-3.76807,0.81692, -3.450125
TMHMP,-71.289,-4.18856,0.590912, -3.65775
TMLLN,-72.3048,-3.27596,0.616125, -2.74937500000001
TMTIS,-72.4401,-3.03802,0.531681, -3.931
TMTLY,-72.6231,-1.76522,0.552464, -3.11925
TNAIN,-77.2601,-5.91965,0.919279, -3.1515
TNAVK,-70.8747,-4.82525,0.665683, 3.318875
TNEIP,-75.0466,-5.55469,0.51681, -11.993625
TNEYS,-72.0773,-5.10376,0.549048, -13.90825
TNHNA,-67.2486,-2.64815,0.717324, -2.835625
TNLIT,-75.1965,-3.39429,0.68698, -3.327125
TNMIP,-75.5045,-4.29668,0.533833, -2.178375
TNVIQ,-72.6466,-2.19053,0.439253, -2.380625
TNYET,-70.7478,-4.03744,0.7741, -18.312875
TQAEH,-73.3319,-4.83782,0.55481, -19.2865
TQLMP,-73.2111,-4.89706,0.450457, -4.058125
TQMHP,-73.1193,-4.36733,0.610282, -3.696375
TQMLE,-71.8875,-2.95678,0.551331, -11.640375
TQNAH,-72.9345,-2.30693,0.231447, -4.656125
TQQWN,-73.0413,-1.12867,0.635492, -5.155125
TQTHF,-76.1826,-2.40864,0.651377, -4.311625
TQTLK,-76.0113,-2.91583,0.344805, 0.0286249999999986
TQTMQ,-70.8096,-2.81835,0.408017, -4.31975
TQTYK,-72.8812,-3.23607,0.471391, 1.652875
TQYID,-69.4214,-2.27301,0.60518, -11.9375
TQYIS,-72.1864,-1.44792,0.508254, -4.19425
TRIEC,-73.5142,-5.51353,0.744111, -5.221125
TRLTP,-72.9263,-4.84313,0.57142, 6.3645
TRSIP,-74.7087,-6.14212,0.746448, 4.850125
TRSLS,-72.9348,-3.02643,0.561373, 4.846875
TRTIT,-72.796,-1.84781,0.465997, 5.222
TRTTG,-71.7226,-0.80458,0.622752, 5.742125
TSAVH,-74.0888,-2.91472,0.745049, -2.7965
TSCVL,-73.1192,-4.24682,0.657238, -3.325
TSDIP,-73.3196,-6.19149,0.531056, -12.86725
TSEIN,-74.2138,-3.3247,0.601575, -13.147
TSINT,-72.9753,-2.90175,0.523883, -3.003375
TSKMN,-73.6116,-2.89315,0.572715, 2.6035
TSLAN,-72.6126,-2.04179,0.517675, -3.109
TSLAQ,-72.9662,-1.1886,0.450567, -2.66925
TSLIT,-73.3662,-2.48332,0.61827, -3.330625
TSLSH,-73.8327,-5.78067,0.780687, -2.758
TSLTE,-73.57,-3.81596,0.935672, -10.068875
TSQEP,-73.2952,-3.81348,0.571483, -17.251625
TSQIP,-75.5669,-5.94884,0.719133, -3.039875
TSQLH,-73.5311,-2.10899,0.16551, -2.906125
TSQVI,-72.9033,-1.38929,0.855814, -3.447375
TSTLD,-73.0344,-2.65376,0.637472, -10.395125
TSTMA,-71.4904,-1.03035,0.672747, -3.770375
TSTVK,-76.8865,-5.89723,0.72958, 1.7865
TSTVP,-72.4741,-6.51431,0.580182, -3.444125
TSYIP,-72.3861,-2.935,0.465168, -3.0255
TSYLP,-73.2578,-4.0753,0.669112, -2.894875
TSYMN,-72.6391,-3.34009,0.878592, -3.02325
TSYVN,-69.7401,-3.24078,0.264629, -2.186875
TTAVQ,-73.0958,-2.53424,0.545153, -2.710375
TTCCP,-73.6257,-3.22032,0.723286, -3.107125
TTCID,-75.2615,-4.19824,0.706858, -11.491
TTDEY,-69.2693,-1.39849,0.388769, -24.99075
TTDVN,-75.8567,-4.81206,0.488739, -13.088
TTEIT,-75.0391,-3.79357,0.630675, -13.3015
TTFAP,-71.8826,-3.46545,0.623859, -2.6605
TTFEI,-72.0981,-1.5613,0.648406, -17.7945
TTFMP,-73.0635,-3.94578,0.617757, -3.047375
TTHSP,-74.1473,-3.71926,0.958672, -3.6695
TTHVH,-74.9588,-1.05631,0.277392, -2.606375
TTHVS,-69.9168,-3.0751,0.558465, -2.46775
TTIET,-72.8285,-4.23028,0.575069, -17.697375
TTIVG,-72.4269,-3.33824,0.578057, -3.208375
TTKIN,-74.5945,-4.05555,0.549543, 2.830625
TTLAL,-72.3173,-2.83634,0.584399, -3.219375
TTLAN,-73.9663,-3.16329,0.947398, -3.05175
TTLFN,-73.5545,-2.55927,0.674584, -2.8875
TTLVN,-73.7575,-4.18897,0.736748, -3.167
TTLYA,-73.7749,-3.99292,0.84424, -4.663125
TTMVN,-73.814,-3.70283,0.650707, -3.41975
TTNIN,-75.2668,-2.07779,0.812218, -3.721375
TTNIT,-73.9336,-2.21992,0.637585, -3.8985
TTNML,-73.727,-3.23788,0.565111, -3.68825
TTPIQ,-76.2842,-2.48117,0.742144, -2.427625
TTQFN,-71.1992,-2.44494,0.622771, -3.2855
TTQIA,-75.2115,-2.65499,0.87532, -3.433375
TTQIY,-76.4831,-2.32469,0.849168, -3.207
TTSAL,-74.5668,-1.96001,0.563519, -3.417
TTSIA,-73.9655,-2.29414,0.462032, -3.7645
TTSYK,-73.1881,-2.21623,0.517165, 1.16175
TTTAL,-73.5461,-2.64699,0.69061, -3.572875
TTTHN,-71.6192,-2.39466,0.599735, -3.292125
TTTIL,-77.7525,-3.06807,0.234905, -3.523375
TTTIP,-75.886,-7.08092,0.93114, -3.561625
TTTVH,-74.2953,-3.48691,0.861798, -3.585125
TTTYL,-73.0757,-3.67188,0.61724, -3.296875
TTYLN,-71.6669,-3.38719,0.485305, -2.75325
TTYMN,-71.9202,-1.20333,0.612807, -3.344625
TTYQQ,-72.0486,-2.87254,0.599826, -4.072625
TVAFK,-76.4973,-0.79369,0.573725, 2.755375
TVFIP,-72.9583,-4.45519,0.440013, -2.92525
TVIVT,-73.6925,-3.64801,0.485737, -3.640125
TVLTN,-78.9237,-3.66558,0.321389, -2.729
TVMAL,-71.2289,-1.8716,0.569507, -3.05925
TVNMP,-73.8339,-2.98652,0.564581, -4.147625
TVRLP,-74.3241,-6.03327,0.836012, 2.66225
TVYMP,-71.6959,-4.34979,0.612277, -3.691875
TWHHT,-75.193,-0.15067,0.647421, -2.372375
TWMIN,-72.9784,-1.16569,0.63756, -3.355875
TWTAN,-71.8082,0.42873,0.588622, -3.8335
TYCLP,-74.9821,-5.12968,0.487338, -2.914875
TYDTQ,-70.4405,-3.53581,0.83636, -12.1195
TYGAL,-72.5606,-2.36065,0.673619, -3.18375
TYHTN,-70.975,-3.28233,0.435318, -2.389625
TYLHH,-75.0293,-3.57476,0.96737, -2.186625
TYMAT,-73.2866,-3.74359,0.760625, -3.227875
TYNTP,-73.7463,-5.15184,0.878852, -3.3095
TYSHN,-74.2862,-3.08416,0.492188, -2.961625
TYSLT,-70.3877,-4.46347,0.477346, -3.09
TYSQQ,-71.4277,-3.65673,0.612685, -2.924125
TYSVP,-75.4871,-6.59719,0.579319, -3.017625
TYTAA,-72.5213,-4.10914,0.937838, -3.453875
TYTLA,-70.6605,-4.66514,0.476985, -3.53225
TYTVA,-71.3195,-4.20735,0.608295, -3.41425
TYTVN,-73.0879,-4.73299,0.831722, -3.50725
TYTVS,-68.7383,-6.78196,0.631887, -4.040125
TYVPC,-70.6509,-3.76953,0.237926, -1.751875
TYVYT,-70.6943,-4.94709,0.628005, -3.09725
TYYQN,-69.6359,-5.23323,0.46996, -2.822375
TYYSC,-70.7321,-3.29711,0.396213, -2.641375
TYYSH,-69.8584,-5.77433,0.802513, -4.82
VANVE,-72.0857,-2.90834,0.388348, -10.892
VATIQ,-72.3815,-1.08802,0.550428, -2.998125
VDIED,-73.1705,-4.20081,0.568295, -38.06775
VDIEE,-78.6023,-4.34081,0.756829, -35.4335
VDIVE,-73.459,-3.68194,0.335001, -20.673375
VDIYD,-72.6272,-2.56836,0.486327, -22.3535
VDLDD,-72.3054,-2.66271,0.449339, -38.214625
VDLDY,-72.0804,-2.56822,0.794819, -29.445125
VDLED,-74.0888,-3.45727,0.768834, -34.63625
VDLEE,-69.5287,-1.9944,0.70852, -35.92675
VDMDD,-69.995,-1.13618,0.590104, -39.635375
VDMDE,-71.286,-1.87288,0.517853, -36.243625
VDMDY,-74.3209,-3.0373,0.581605, -28.856125
VDMED,-73.3026,-6.34156,0.964081, -38.62575
VDMEE,-69.1824,-0.99419,0.425531, -33.9085
VDMEV,-73.2708,-0.56313,0.6213, -27.08375
VDMEY,-75.5371,-1.53379,0.606144, -27.619125
VDMLD,-70.5409,-1.75631,0.574942, -22.59975
VDMVD,-71.8142,-3.2198,0.762126, -21.001375
VDMVE,-73.6315,-2.13594,0.338596, -20.461
VDMVY,-74.1274,-4.13523,1.0149, -13.37775
VDMYD,-71.1019,0.02917,0.472346, -21.513625
VDMYE,-73.96,-0.74291,0.684298, -19.696375
VDMYY,-73.4719,-1.80991,0.932162, -13.880375
VEIED,-71.8353,-4.04293,0.584388, -39.72925
VEIEE,-73.8252,-5.31333,0.932158, -39.186625
VELDE,-70.6272,-1.59179,0.638079, -38.372625
VELED,-76.8019,-4.56995,0.644279, -38.753375
VELEE,-72.2362,-3.46516,0.453246, -39.674125
VEMDD,-71.3076,-2.68406,0.573902, -42.23725
VEMDE,-71.5749,-3.99064,0.480246, -40.4915
VEMDV,-72.9961,-0.62249,0.942322, -25.575125
VEMDY,-71.1284,-3.76246,0.759975, -31.973625
VEMED,-70.7159,-2.97884,0.433792, -40.636875
VEMEE,-74.0614,-2.20974,0.409272, -37.15875
VEMEV,-76.5635,-1.46815,0.322705, -29.3895
VEMEY,-75.9067,-5.89103,1.00549, -31.1295
VEMLE,-74.5116,-3.35832,0.824061, -23.370875
VEMVD,-72.1552,-3.4211,0.627297, -23.447
VEMVE,-75.5355,-2.62024,0.483944, -23.078375
VETLP,-75.1896,-7.16384,0.884345, -16.3745
VHTEH,-71.5699,-5.43732,0.934548, -16.915125
VKLAP,-72.8332,-3.20838,0.622162, 5.7945
VKSIN,-75.1137,-2.47262,0.860803, 5.365625
VLLTP,-75.273,-5.21842,0.838552, -2.93725
VLMEE,-70.9792,-2.21561,0.428733, -24.66375
VMSRW,-74.1514,-0.66764,0.643291, 6.016375
VNSVC,-74.1458,-3.06657,0.53195, -3.155375
VPRNL,-78.2847,-3.36741,0.174392, 3.81475
VQRIP,-75.6534,-5.60455,0.660885, 1.790375
VQSLY,-71.42,-1.32808,0.644426, -3.2915
VQTFP,-73.6425,-3.65129,0.678709, -4.207125
VRNYL,-75.1675,-3.49161,0.0937456, 8.03475
VSDIP,-73.5321,-2.30865,0.467496, -12.727
VSLEQ,-75.8962,-5.44407,0.942779, -17.349375
VSMIQ,-73.4125,-1.91544,0.866943, -2.700625
VSSIM,-75.9583,-2.26232,0.797057, -2.966875
VTEIH,-74.2142,-4.0133,0.185372, -13.37975
VTMMP,-73.964,-1.90901,0.402116, -3.230875
VTNEQ,-71.1658,-3.17498,0.750896, -17.857875
VTNYD,-73.7796,-2.39675,0.499445, -12.381
VTRVP,-73.5283,-5.66469,0.796072, 2.46125
VTSEW,-74.3082,-0.03818,0.43844, -16.8255
VTTIL,-73.5931,-3.04066,0.56794, -3.587125
VTTIQ,-71.1405,-2.86892,0.488198, -3.348375
VTYIA,-72.4942,-2.04767,0.587299, -3.33675
VVLEE,-71.5281,-5.05712,0.600859, -25.8975
VVMDD,-70.0266,-1.87657,0.759215, -28.85725
VVMDE,-70.1865,-1.2211,0.575952, -25.175875
VVMED,-69.6737,-1.41214,0.428512, -26.102125
VVMEE,-70.9753,-0.97065,0.639531, -24.72725
VVMVE,-74.4538,-4.14875,0.421277, -10.395625
VWMQN,-72.0703,-1.59342,0.715206, -3.26375
VYIDD,-72.2707,-3.7299,0.703864, -28.19625
VYLYD,-72.4862,-3.4026,0.63554, -10.01375
VYMDD,-72.6254,-3.81199,0.561048, -29.046
VYMDE,-73.5974,-3.20111,0.728897, -26.572375
VYMED,-73.8022,-4.53801,0.63552, -25.627
VYMEE,-71.5988,-4.80427,0.684879, -25.387125
VYMEV,-73.9319,-2.24177,0.606477, -16.68925
VYMVD,-71.334,-4.23493,0.571254, -11.142
VYMYD,-71.7173,-4.71194,0.68892, -11.34925
VYSTN,-74.5709,-2.57544,0.672049, -2.81475
VYTMP,-75.8017,-5.56152,0.0587298, -2.962625
WETVA,-73.4875,-2.09861,0.639083, -16.84575
WEVTD,-73.0348,-2.43333,0.618674, -25.008375
WHEHA,-74.4477,-3.48758,0.886514, -12.18075
WHLQP,-74.1192,-4.34231,0.614608, -3.192625
WHSIP,-76.0524,-1.27834,0.486999, -2.979625
WITKP,-74.5226,-3.3777,0.837121, 7.243625
WKMTP,-73.5991,-2.59365,0.639621, 6.915875
WMEIT,-76.4482,-2.74189,0.655761, -13.187
WMPIP,-76.4812,-2.51932,0.809633, -2.70825
WNART,-71.7131,-2.00827,0.527945, 6.102875
WPLKA,-73.0379,-2.38675,0.440279, 6.131125
WQPIQ,-72.4239,-1.39848,0.788144, -2.453125
WQTVH,-75.9938,-1.6562,0.875323, -4.732125
WRHQL,-74.6713,-2.27465,0.494224, 6.189
WSEAD,-71.3854,-1.90378,0.587084, -20.91125
WSMHP,-76.0306,-3.25583,0.648799, -2.456875
WSTVP,-74.2432,-4.81843,0.716115, -4.160375
WSTYP,-75.1304,-4.3496,0.938638, -4.996625
WSVAT,-71.4313,-1.48339,0.607761, -3.3765
WTGIP,-76.8665,-0.68702,0.506034, -3.175
WTLNC,-73.6581,1.49508,0.460468, -5.23575
WTLVT,-77.0376,-3.12981,0.624619, -3.446625
WTSSA,-74.4962,0.10848,0.634839, -5.32775
WTTAQ,-74.846,1.35464,0.647816, -3.180125
YATPA,-70.2466,-1.10765,0.699369, -2.575875
YCHED,-70.0804,-3.21564,0.483839, -26.023125
YCTVH,-74.3103,-3.59105,0.95993, -3.643875
YDAKY,-75.9529,-0.51689,0.602625, -1.957125
YDIDD,-73.1195,-3.30462,0.582634, -40.524625
YDIDE,-73.3097,-4.03001,0.432583, -38.31975
YDIDV,-76.3892,-0.85014,0.973404, -28.312125
YDIDY,-72.096,-3.57258,0.664003, -30.089125
YDIED,-72.6976,-4.37481,0.730929, -38.523125
YDIEE,-79.0369,-4.18418,0.344223, -36.327875
YDIEY,-77.7064,-3.26348,0.308277, -28.616375
YDIVD,-74.6112,-2.23378,0.279768, -22.93525
YDIYD,-72.3406,-3.48849,0.603084, -20.0705
YDIYE,-75.1139,-2.42057,0.666087, -21.81425
YDIYY,-73.7947,-1.30854,0.594405, -13.933875
YDLDD,-74.7143,-4.39346,0.812481, -37.52425
YDLDE,-75.8193,-1.33688,0.157242, -37.565375
YDLDY,-73.1091,-2.95499,0.486479, -29.054125
YDLED,-73.2845,-4.47181,0.596716, -34.728125
YDLEE,-73.8837,-2.69628,0.39234, -36.034
YDLVD,-73.1107,-5.95709,0.533667, -21.08975
YDLVE,-74.4076,-4.84836,0.871204, -21.026375
YDLYD,-76.5992,-2.68588,0.540368, -21.070125
YDMDD,-73.9119,-1.37571,0.749396, -37.24625
YDMDE,-69.9519,-1.3536,0.709415, -34.705375
YDMDV,-74.4959,0.4791,0.635414, -28.645375
YDMDY,-75.0204,-2.41588,0.532448, -29.860875
YDMED,-72.6193,-1.65606,0.568218, -36.235375
YDMEE,-74.7926,-4.90895,0.752863, -36.337125
YDMEV,-77.9798,-1.54932,0.550804, -27.78075
YDMEY,-75.0676,-0.33895,0.565001, -27.18775
YDMVD,-74.2935,-1.59038,0.4873, -21.46875
YDMVY,-75.9401,-4.62357,0.606476, -13.182875
YDMYD,-72.8164,-0.54355,0.575576, -22.406375
YDMYE,-75.5503,-0.96776,0.730008, -19.46025
YDMYV,-75.3015,-0.73094,0.722623, -15.549
YDRTP,-72.8834,-4.45779,0.554393, -7.360375
YEEWS,-73.6499,-1.718,0.569217, -26.087625
YEFEE,-71.8971,-3.15806,0.430662, -38.5315
YEIDD,-74.2988,-3.90336,0.760857, -42.617375
YEIDE,-73.4676,-3.0033,0.694329, -40.543
YEIED,-74.3997,-4.14417,0.664115, -40.625625
YEIEE,-74.669,-5.76484,0.6446, -39.449625
YEIVE,-71.1546,-4.20103,0.580433, -25.937375
YEIYD,-72.4752,-4.1617,0.271095, -23.75375
YEIYE,-74.1294,-4.4957,0.760987, -23.84425
YELDD,-71.1897,-2.60693,0.458148, -40.659375
YELDE,-70.7681,-3.27136,0.380356, -40.17325
YELED,-73.1863,-3.30703,0.759612, -38.923375
YELEE,-73.7409,-6.53138,0.707029, -39.826125
YELSP,-74.7053,-5.03352,0.634035, -16.7675
YEMDD,-72.992,-2.06391,0.522386, -42.603375
YEMDE,-74.0174,-2.61254,0.658011, -40.60025
YEMDV,-71.97,-0.32435,0.468985, -30.772125
YEMED,-74.9487,-2.98209,0.947803, -38.808375
YEMEE,-71.9479,-1.90839,0.537389, -41.151125
YEMEV,-70.1992,-0.42095,0.509225, -27.252
YEMEY,-73.767,-1.9731,0.654873, -31.10425
YEMVD,-73.4487,-2.99151,0.597289, -23.843
YEMVE,-72.4909,-1.62309,0.627821, -22.887625
YEMYD,-73.3453,-3.80538,0.294181, -23.9695
YEMYE,-73.2151,-1.98918,0.656028, -22.618
YEMYY,-74.4267,-3.27233,0.641689, -16.45425
YESEP,-74.4893,-4.05052,0.78939, -29.950625
YETQL,-73.5391,-3.93124,0.620856, -16.785
YEVHH,-75.6852,-3.45997,0.801575, -15.992375
YEWHS,-71.5195,-3.10596,0.702976, -17.03875
YFLDD,-73.8887,-2.31147,0.440346, -27.59475
YFMDD,-72.359,-1.15797,0.599017, -29.254375
YHHHR,-73.7116,-5.15735,0.68468, 5.21675
YHQYC,-71.0814,-4.60795,0.636255, -4.0815
YHSVN,-71.7403,-1.3023,0.45374, -3.71425
YIHLP,-74.4229,-1.60917,0.175745, -2.74675
YITIP,-75.9927,-6.29664,0.605351, -4.1295
YITQH,-74.9573,-3.69863,0.844245, -3.6895
YITYN,-73.1988,-0.92516,0.449356, -3.837875
YKDAK,-73.0595,-2.22425,0.556751, 3.583625
YKLLP,-74.2706,-4.33635,0.943078, 6.5345
YLMEE,-74.6062,-3.17584,0.814125, -25.824375
YLMQQ,-72.8556,-2.88771,0.935068, -3.032375
YLTFP,-75.7795,-4.43465,0.490558, -3.582
YLTIT,-76.0742,-4.55882,0.518317, -4.345125
YNEVQ,-73.1594,-3.72869,0.585738, -13.024
YNLQN,-75.2136,-3.70657,0.535386, -3.08975
YNTEQ,-74.2056,-3.01418,0.852989, -18.76675
YNTYC,-73.0955,-2.52809,0.650717, -3.597375
YPNVA,-74.8724,-3.83862,0.584691, -3.471
YPRHH,-73.4561,-1.81779,0.349372, 3.71225
YQLDN,-76.4082,-3.18642,0.66716, -19.36625
YQLLS,-70.9675,-0.80718,0.596787, -4.60462500000001
YQNIT,-73.2937,-3.93318,0.866091, -5.121875
YQQHD,-71.4723,-2.00823,0.501783, -12.333875
YQTVP,-76.0767,-7.12815,0.926256, -4.772
YQTYH,-74.5328,-2.20296,0.216895, -5.182625
YQTYR,-78.0573,-1.36623,0.12712, 3.023375
YQTYS,-71.7585,-2.39206,0.203738, -3.54125
YRCEN,-75.3648,-4.18983,0.837749, -8.190625
YRMFQ,-77.6674,-1.7063,0.678038, 5.615
YRQVP,-75.5014,-4.74111,0.574461, 4.4565
YSALL,-74.8686,-1.61093,0.438269, -3.322125
YSDIL,-78.726,-5.05721,0.161979, -13.0335
YSDIN,-74.7118,-2.70225,0.404549, -13.88375
YSHHN,-74.4181,-2.7813,0.512925, -2.798625
YSIVH,-74.8293,-2.32838,0.807658, -3.3155
YSLSQ,-75.5121,-1.17064,0.575822, -2.618875
YSLTP,-73.3592,-5.2367,0.637226, -3.226125
YSNIP,-74.4472,-4.17905,0.488307, -3.841625
YSPHA,-74.2553,-5.23906,0.545057, -2.7715
YSQHD,-72.657,-0.75322,0.720304, -11.885125
YSSVR,-75.35,-3.0665,0.5448, 2.848375
YSTAL,-74.7869,-2.81047,0.618561, -3.877875
YSTLP,-73.7485,-5.756,0.59158, -3.696
YSTVL,-78.0003,-4.30084,0.186663, -3.731125
YSYNS,-76.8454,-0.57337,0.844617, -3.511125
YSYSP,-71.292,-2.55025,0.468817, -3.763125
YTAIP,-76.7306,-5.6983,0.550561, -3.806125
YTALN,-74.6839,-2.72161,0.619908, -3.770125
YTAMP,-76.1346,-3.28763,0.459408, -3.924625
YTFEP,-74.759,-4.33031,0.599114, -18.14575
YTFTN,-72.212,-1.7929,0.524333, -3.7295
YTHLQ,-75.5044,-0.75559,0.4815, -2.269125
YTIMQ,-72.4378,-1.47502,0.496249, -3.24475
YTISN,-76.9488,-1.38091,0.874114, -4.97
YTLAD,-73.926,-2.26128,0.60957, -10.726375
YTLCH,-76.8246,-3.58524,0.770829, -4.069875
YTLQP,-75.715,-5.4606,0.57292, -3.78275
YTLRS,-75.0876,-5.15072,0.793616, 5.2035
YTLTP,-75.9406,-5.82019,0.741937, -3.411625
YTLVS,-71.8345,-4.26038,0.58613, -3.945
YTNVT,-71.9619,-3.70591,0.645807, -4.329875
YTPYP,-75.1804,-7.47286,0.793764, -5.6505
YTQIP,-75.9047,-5.07521,0.499074, -4.3305
YTSIG,-74.3676,-3.35895,0.628113, -4.1085
YTSLN,-76.9892,-2.5774,0.850561, -3.861125
YTSQD,-74.1386,-3.58273,0.539275, -11.17675
YTTEP,-74.403,-6.21513,0.542091, -18.190625
YTTEV,-72.928,-2.55088,0.627899, -18.04175
YTTIE,-70.637,-3.00098,0.646317, -10.763
YTTLH,-75.256,-1.00234,0.455346, -3.631125
YTWHC,-72.4817,1.12743,0.592014, -3.666125
YTWMP,-73.0479,-4.40597,0.605342, -4.498875
YVIEE,-78.2385,-4.62808,0.928129, -25.840875
YVIYD,-75.1964,-3.37919,0.494814, -12.234375
YVLDD,-70.9722,-2.25435,0.504783, -27.219875
YVLED,-74.3092,-2.97605,0.590995, -24.7905
YVMDD,-73.7909,-2.73103,0.818224, -27.118875
YVMDE,-74.0588,-3.1346,0.473287, -27.087
YVMED,-73.3705,-2.42091,0.558254, -24.72
YVMEE,-79.3882,-4.08701,0.250263, -26.6345
YVMEV,-77.2133,-3.23065,0.961451, -18.0095
YVMVD,-76.0235,-3.41849,0.708553, -10.660875
YVMVE,-74.399,-3.08032,0.505143, -10.951
YVMYD,-75.2329,-0.92383,0.499897, -11.06175
YVQEN,-74.4999,-3.5013,0.700311, -18.84825
YVTLA,-74.7559,-2.38466,0.532929, -4.158625
YYIDD,-71.5851,-1.46878,0.628126, -20.05025
YYIDV,-71.7592,-1.64236,0.485049, -17.092625
YYIDY,-75.9978,-1.06588,0.712159, -12.779375
YYIED,-71.0186,-3.46543,0.619757, -27.196
YYIEE,-71.3074,-2.67228,0.521184, -24.87775
YYIHD,-74.933,-3.05163,0.364065, -12.109625
YYIYD,-71.8705,-3.44316,0.632159, -11.42375
YYIYY,-73.666,-2.96846,0.256127, -2.4695
YYLDD,-72.7271,-4.01491,0.682971, -27.512375
YYLED,-72.7016,-2.59578,0.58196, -25.430625
YYLEE,-74.3307,-0.89309,0.314715, -22.052625
YYLYY,-75.762,-1.42259,0.596946, -2.9715
YYMDD,-73.3129,-1.56007,0.636309, -29.02525
YYMDE,-74.707,-1.33374,0.769479, -27.0535
YYMDY,-74.6195,-2.55584,0.536148, -19.033875
YYMED,-72.0023,-2.39335,0.593005, -26.928375
YYMEE,-72.6293,-4.12038,0.485447, -26.131
YYMEY,-73.6963,-1.20959,0.579611, -17.413
YYMVD,-74.9006,-3.19439,0.559525, -10.134
YYMVE,-75.0458,-2.41433,0.213829, -10.190125
YYMYD,-71.451,-1.34088,0.527062, -10.502
YYMYE,-72.054,-2.30227,0.439842, -11.67525
YYMYV,-71.5653,-1.59873,0.653163, -2.7695
YYMYY,-74.5742,-1.63655,0.710618, -2.819125
YYNET,-71.2052,-5.69177,0.752481, -18.364375
YYYEP,-73.0277,-4.95172,0.58585, -18.254375
