21,41,64,92,112,MIDDLE
21,41,65,81,117,MIDDLE
21,41,68,97,101,MIDDLE
21,41,72,87,113,MIDDLE
21,41,73,89,110,MIDDLE
21,41,77,81,108,MIDDLE
21,41,77,81,113,MIDDLE
21,41,77,81,116,MIDDLE
21,41,79,87,113,MIDDLE
21,41,80,97,116,MIDDLE
21,43,71,89,102,MIDDLE
21,43,71,100,106,MIDDLE
21,43,72,84,107,MIDDLE
21,43,72,97,103,MIDDLE
21,43,72,97,110,MIDDLE
21,43,72,98,117,MIDDLE
21,43,77,90,107,MIDDLE
21,43,77,96,110,MIDDLE
21,43,80,89,117,MIDDLE
21,44,61,89,117,MIDDLE
21,44,74,97,107,MIDDLE
21,44,78,96,104,MIDDLE
21,45,69,87,107,MIDDLE
21,45,76,84,117,MIDDLE
21,46,73,85,112,MIDDLE
21,46,74,97,117,MIDDLE
21,46,76,81,107,MIDDLE
21,47,62,84,117,MIDDLE
21,47,63,87,120,MIDDLE
21,47,63,97,102,MIDDLE
21,47,67,97,112,MIDDLE
21,47,68,94,118,MIDDLE
21,47,68,97,101,MIDDLE
21,47,72,92,118,MIDDLE
21,47,77,92,108,MIDDLE
21,47,80,92,107,MIDDLE
21,48,61,97,107,MIDDLE
21,48,67,97,110,MIDDLE
21,48,67,97,113,MIDDLE
21,48,72,81,108,MIDDLE
21,48,72,94,112,MIDDLE
21,49,64,97,108,MIDDLE
21,49,71,97,118,MIDDLE
21,49,74,87,116,MIDDLE
21,49,74,97,115,MIDDLE
21,49,78,96,117,MIDDLE
21,50,62,87,116,MIDDLE
21,50,64,97,107,MIDDLE
21,50,66,92,110,MIDDLE
21,50,78,97,117,MIDDLE
21,51,67,94,113,MIDDLE
21,51,72,94,110,MIDDLE
21,51,72,97,112,MIDDLE
21,51,74,87,101,MIDDLE
21,51,76,81,103,MIDDLE
21,51,76,94,101,MIDDLE
21,51,78,97,113,MIDDLE
21,52,61,97,113,MIDDLE
21,52,65,92,113,MIDDLE
21,52,67,81,112,MIDDLE
21,52,70,97,107,MIDDLE
21,52,70,97,117,MIDDLE
21,52,74,90,113,MIDDLE
21,52,76,90,117,MIDDLE
21,52,76,92,110,MIDDLE
21,52,76,97,117,MIDDLE
21,52,78,97,102,MIDDLE
21,53,61,84,114,MIDDLE
21,53,65,97,101,MIDDLE
21,53,67,88,117,MIDDLE
21,53,67,91,108,MIDDLE
21,53,67,94,113,MIDDLE
21,53,68,97,113,MIDDLE
21,53,73,90,110,MIDDLE
21,53,73,97,113,MIDDLE
21,53,74,90,116,MIDDLE
21,53,77,90,112,MIDDLE
21,53,77,99,109,MIDDLE
21,53,79,97,117,MIDDLE
21,53,80,84,116,MIDDLE
21,54,68,97,111,MIDDLE
21,54,70,92,113,MIDDLE
21,54,71,82,101,MIDDLE
21,54,72,99,112,MIDDLE
21,54,73,98,117,MIDDLE
21,54,75,97,113,MIDDLE
21,54,76,96,113,MIDDLE
21,54,77,96,114,MIDDLE
21,54,77,97,101,MIDDLE
21,55,71,92,116,MIDDLE
21,55,72,88,117,MIDDLE
21,55,73,89,110,MIDDLE
21,55,73,94,103,MIDDLE
21,55,73,97,117,MIDDLE
21,55,74,97,120,MIDDLE
21,55,75,97,113,MIDDLE
21,55,76,81,107,MIDDLE
21,55,77,89,114,MIDDLE
21,55,80,97,109,MIDDLE
21,56,61,88,112,MIDDLE
21,56,61,100,116,MIDDLE
21,56,64,86,107,MIDDLE
21,56,64,96,117,MIDDLE
21,56,64,97,120,MIDDLE
21,56,67,89,113,MIDDLE
21,56,71,92,101,MIDDLE
21,56,71,99,103,MIDDLE
21,56,72,97,112,MIDDLE
21,56,74,89,113,MIDDLE
21,56,74,95,107,MIDDLE
21,56,75,89,113,MIDDLE
21,56,77,81,107,MIDDLE
21,56,77,92,118,MIDDLE
21,56,77,97,108,MIDDLE
21,56,77,97,118,MIDDLE
21,56,77,99,101,MIDDLE
21,56,77,99,115,MIDDLE
21,56,78,96,107,MIDDLE
21,56,80,97,117,MIDDLE
21,57,61,81,101,MIDDLE
21,57,65,92,101,MIDDLE
21,57,66,97,112,MIDDLE
21,57,67,94,117,MIDDLE
21,57,67,96,115,MIDDLE
21,57,68,97,115,MIDDLE
21,57,68,97,117,MIDDLE
21,57,69,87,113,MIDDLE
21,57,72,81,113,MIDDLE
21,57,72,88,116,MIDDLE
21,57,72,92,110,MIDDLE
21,57,72,100,118,MIDDLE
21,57,73,85,109,MIDDLE
21,57,73,97,120,MIDDLE
21,57,74,92,113,MIDDLE
21,57,74,97,120,MIDDLE
21,57,75,90,113,MIDDLE
21,57,75,92,102,MIDDLE
21,57,76,87,117,MIDDLE
21,57,76,91,118,MIDDLE
21,57,76,94,108,MIDDLE
21,57,78,92,116,MIDDLE
21,57,78,97,101,MIDDLE
21,58,74,97,103,MIDDLE
21,58,77,96,117,MIDDLE
21,60,67,97,109,MIDDLE
21,60,67,97,112,MIDDLE
21,60,69,81,107,MIDDLE
21,60,72,97,113,MIDDLE
21,60,75,97,104,MIDDLE
21,60,77,96,117,MIDDLE
22,41,71,96,116,MIDDLE
22,41,72,81,117,MIDDLE
22,41,73,89,113,MIDDLE
22,41,74,95,115,MIDDLE
22,41,75,97,110,MIDDLE
22,41,77,97,116,MIDDLE
22,41,77,97,117,MIDDLE
22,41,78,94,117,MIDDLE
22,41,79,95,101,MIDDLE
22,41,80,97,107,MIDDLE
22,43,72,88,117,MIDDLE
22,43,75,92,120,MIDDLE
22,43,77,97,113,MIDDLE
22,44,65,89,112,MIDDLE
22,44,66,87,118,MIDDLE
22,44,72,91,112,MIDDLE
22,44,74,87,116,MIDDLE
22,44,77,81,119,MIDDLE
22,46,63,95,110,MIDDLE
22,46,67,87,113,MIDDLE
22,46,67,97,111,MIDDLE
22,46,68,97,115,MIDDLE
22,46,75,100,112,MIDDLE
22,46,76,84,118,MIDDLE
22,46,77,85,113,MIDDLE
22,46,77,96,117,MIDDLE
22,46,77,97,117,MIDDLE
22,47,61,81,120,MIDDLE
22,47,65,92,117,MIDDLE
22,47,66,96,112,MIDDLE
22,47,69,90,113,MIDDLE
22,47,72,88,112,MIDDLE
22,47,73,97,103,MIDDLE
22,47,73,97,107,MIDDLE
22,47,74,89,101,MIDDLE
22,47,74,96,113,MIDDLE
22,47,74,97,116,MIDDLE
22,47,76,89,110,MIDDLE
22,48,74,96,113,MIDDLE
22,48,77,92,115,MIDDLE
22,49,64,96,107,MIDDLE
22,49,73,97,108,MIDDLE
22,49,76,96,112,MIDDLE
22,49,78,97,109,MIDDLE
22,50,67,97,112,MIDDLE
22,50,72,87,112,MIDDLE
22,50,73,87,103,MIDDLE
22,50,73,95,101,MIDDLE
22,50,74,92,117,MIDDLE
22,50,75,91,112,MIDDLE
22,50,76,87,103,MIDDLE
22,50,77,92,117,MIDDLE
22,50,77,95,107,MIDDLE
22,51,67,90,117,MIDDLE
22,51,77,81,107,MIDDLE
22,51,77,97,109,MIDDLE
22,51,80,87,113,MIDDLE
22,51,80,89,113,MIDDLE
22,51,80,97,117,MIDDLE
22,52,67,92,112,MIDDLE
22,52,69,92,103,MIDDLE
22,52,70,96,112,MIDDLE
22,52,77,89,107,MIDDLE
22,52,77,96,115,MIDDLE
22,52,77,97,111,MIDDLE
22,52,80,96,107,MIDDLE
22,52,80,97,118,MIDDLE
22,53,77,100,114,MIDDLE
22,54,72,97,111,MIDDLE
22,54,75,90,113,MIDDLE
22,54,76,85,113,MIDDLE
22,55,68,97,116,MIDDLE
22,55,76,91,117,MIDDLE
22,55,76,97,103,MIDDLE
22,56,61,84,115,MIDDLE
22,56,61,84,118,MIDDLE
22,56,64,97,109,MIDDLE
22,56,67,96,113,MIDDLE
22,56,68,86,113,MIDDLE
22,56,70,89,113,MIDDLE
22,56,72,90,107,MIDDLE
22,56,72,97,112,MIDDLE
22,56,74,81,101,MIDDLE
22,56,77,89,103,MIDDLE
22,56,77,89,107,MIDDLE
22,56,77,96,114,MIDDLE
22,57,61,94,109,MIDDLE
22,57,63,87,101,MIDDLE
22,57,63,91,118,MIDDLE
22,57,64,89,117,MIDDLE
22,57,64,96,117,MIDDLE
22,57,64,97,101,MIDDLE
22,57,67,83,112,MIDDLE
22,57,67,87,117,MIDDLE
22,57,67,96,101,MIDDLE
22,57,67,96,113,MIDDLE
22,57,69,87,120,MIDDLE
22,57,69,91,109,MIDDLE
22,57,69,91,114,MIDDLE
22,57,69,94,112,MIDDLE
22,57,72,90,114,MIDDLE
22,57,72,96,110,MIDDLE
22,57,73,87,105,MIDDLE
22,57,73,95,108,MIDDLE
22,57,73,97,112,MIDDLE
22,57,73,97,118,MIDDLE
22,57,73,100,115,MIDDLE
22,57,74,87,107,MIDDLE
22,57,74,87,112,MIDDLE
22,57,74,87,114,MIDDLE
22,57,74,89,103,MIDDLE
22,57,74,91,116,MIDDLE
22,57,77,97,115,MIDDLE
22,57,77,97,116,MIDDLE
22,57,77,97,117,MIDDLE
22,57,80,92,107,MIDDLE
22,57,80,97,107,MIDDLE
22,58,77,89,114,MIDDLE
22,60,61,81,114,MIDDLE
22,60,73,90,109,MIDDLE
22,60,73,96,112,MIDDLE
22,60,74,97,107,MIDDLE
22,60,75,97,105,MIDDLE
22,60,77,92,116,MIDDLE
23,41,65,87,113,MIDDLE
23,41,67,98,117,MIDDLE
23,41,73,94,116,MIDDLE
23,41,75,88,113,MIDDLE
23,41,77,94,113,MIDDLE
23,41,77,94,117,MIDDLE
23,41,77,97,117,MIDDLE
23,42,63,97,117,MIDDLE
23,42,77,95,105,MIDDLE
23,43,62,90,107,MIDDLE
23,43,62,96,112,MIDDLE
23,43,74,94,114,MIDDLE
23,44,67,87,107,MIDDLE
23,44,72,90,108,MIDDLE
23,44,77,95,106,MIDDLE
23,44,77,97,117,MIDDLE
23,45,67,96,114,MIDDLE
23,45,76,97,117,MIDDLE
23,45,77,89,112,MIDDLE
23,46,66,97,112,MIDDLE
23,46,67,87,112,MIDDLE
23,46,80,97,106,MIDDLE
23,47,61,87,107,MIDDLE
23,47,61,100,116,MIDDLE
23,47,66,97,101,MIDDLE
23,47,67,96,112,MIDDLE
23,47,72,90,117,MIDDLE
23,47,72,100,113,MIDDLE
23,47,73,83,112,MIDDLE
23,47,73,95,116,MIDDLE
23,47,77,97,112,MIDDLE
23,47,80,95,117,MIDDLE
23,49,72,92,112,MIDDLE
23,49,73,91,107,MIDDLE
23,49,76,94,120,MIDDLE
23,50,73,97,112,MIDDLE
23,50,75,97,108,MIDDLE
23,50,76,97,113,MIDDLE
23,50,78,97,114,MIDDLE
23,51,67,97,117,MIDDLE
23,51,76,91,117,MIDDLE
23,52,62,92,110,MIDDLE
23,52,67,97,110,MIDDLE
23,52,70,92,116,MIDDLE
23,52,76,90,117,MIDDLE
23,52,76,97,111,MIDDLE
23,52,77,90,107,MIDDLE
23,52,77,92,111,MIDDLE
23,52,77,94,107,MIDDLE
23,52,77,97,111,MIDDLE
23,52,77,97,116,MIDDLE
23,53,62,89,110,MIDDLE
23,53,66,91,113,MIDDLE
23,53,67,94,117,MIDDLE
23,53,68,90,117,MIDDLE
23,53,70,92,117,MIDDLE
23,53,72,100,116,MIDDLE
23,53,73,100,112,MIDDLE
23,53,74,97,113,MIDDLE
23,53,76,88,105,MIDDLE
23,53,76,95,114,MIDDLE
23,53,77,87,114,MIDDLE
23,53,80,83,118,MIDDLE
23,54,63,81,113,MIDDLE
23,54,73,97,107,MIDDLE
23,55,67,97,118,MIDDLE
23,55,73,97,108,MIDDLE
23,55,77,87,117,MIDDLE
23,55,77,94,108,MIDDLE
23,56,61,95,113,MIDDLE
23,56,61,97,113,MIDDLE
23,56,62,95,112,MIDDLE
23,56,64,92,117,MIDDLE
23,56,67,85,108,MIDDLE
23,56,67,94,107,MIDDLE
23,56,67,96,113,MIDDLE
23,56,67,97,112,MIDDLE
23,56,69,87,116,MIDDLE
23,56,71,92,114,MIDDLE
23,56,72,87,101,MIDDLE
23,56,72,89,110,MIDDLE
23,56,77,89,101,MIDDLE
23,56,77,97,107,MIDDLE
23,57,62,94,114,MIDDLE
23,57,66,97,116,MIDDLE
23,57,67,87,117,MIDDLE
23,57,67,95,117,MIDDLE
23,57,67,96,116,MIDDLE
23,57,67,97,107,MIDDLE
23,57,67,97,114,MIDDLE
23,57,69,97,117,MIDDLE
23,57,70,86,112,MIDDLE
23,57,71,92,113,MIDDLE
23,57,72,85,117,MIDDLE
23,57,73,97,110,MIDDLE
23,57,77,89,116,MIDDLE
23,57,77,96,117,MIDDLE
23,57,78,92,117,MIDDLE
23,57,78,97,107,MIDDLE
23,58,62,96,110,MIDDLE
23,58,63,97,101,MIDDLE
23,60,67,97,116,MIDDLE
23,60,67,97,117,MIDDLE
23,60,73,83,117,MIDDLE
24,41,68,97,113,MIDDLE
24,41,69,90,112,MIDDLE
24,41,77,97,101,MIDDLE
24,43,66,100,117,MIDDLE
24,43,76,97,114,MIDDLE
24,44,67,86,102,MIDDLE
24,44,69,93,116,MIDDLE
24,45,72,97,117,MIDDLE
24,45,78,86,117,MIDDLE
24,46,74,81,101,MIDDLE
24,47,67,96,113,MIDDLE
24,47,69,97,113,MIDDLE
24,47,74,92,114,MIDDLE
24,47,76,94,116,MIDDLE
24,47,76,97,117,MIDDLE
24,47,77,92,101,MIDDLE
24,48,67,89,107,MIDDLE
24,48,72,89,117,MIDDLE
24,48,72,96,101,MIDDLE
24,48,74,96,114,MIDDLE
24,48,75,97,117,MIDDLE
24,49,77,94,116,MIDDLE
24,50,73,94,113,MIDDLE
24,50,73,97,115,MIDDLE
24,50,77,96,108,MIDDLE
24,51,73,89,103,MIDDLE
24,51,73,92,113,MIDDLE
24,51,75,97,114,MIDDLE
24,52,72,91,112,MIDDLE
24,52,72,94,114,MIDDLE
24,52,72,100,117,MIDDLE
24,52,76,90,116,MIDDLE
24,52,76,92,113,MIDDLE
24,52,77,81,112,MIDDLE
24,52,77,97,107,MIDDLE
24,53,61,89,114,MIDDLE
24,53,62,90,114,MIDDLE
24,53,67,88,117,MIDDLE
24,53,73,99,110,MIDDLE
24,53,74,96,109,MIDDLE
24,53,74,97,108,MIDDLE
24,53,74,97,113,MIDDLE
24,53,76,100,116,MIDDLE
24,53,77,97,107,MIDDLE
24,53,77,97,110,MIDDLE
24,53,77,97,111,MIDDLE
24,54,62,81,112,MIDDLE
24,54,63,87,116,MIDDLE
24,54,72,91,117,MIDDLE
24,54,76,96,115,MIDDLE
24,54,76,96,120,MIDDLE
24,55,73,92,103,MIDDLE
24,56,72,90,119,MIDDLE
24,56,72,91,117,MIDDLE
24,56,72,94,120,MIDDLE
24,56,76,92,111,MIDDLE
24,56,76,96,114,MIDDLE
24,56,80,93,112,MIDDLE
24,57,67,94,117,MIDDLE
24,57,69,96,104,MIDDLE
24,57,70,93,120,MIDDLE
24,57,71,90,106,MIDDLE
24,57,73,81,107,MIDDLE
24,57,73,84,107,MIDDLE
24,60,74,100,116,MIDDLE
24,60,76,92,117,MIDDLE
25,41,66,92,107,MIDDLE
25,41,72,95,109,MIDDLE
25,41,76,89,117,MIDDLE
25,47,63,97,117,MIDDLE
25,47,72,100,116,MIDDLE
25,47,77,86,112,MIDDLE
25,48,61,96,101,MIDDLE
25,49,76,83,112,MIDDLE
25,50,73,94,113,MIDDLE
25,51,73,87,113,MIDDLE
25,51,76,94,103,MIDDLE
25,52,63,87,118,MIDDLE
25,52,63,96,117,MIDDLE
25,52,77,87,117,MIDDLE
25,52,77,92,107,MIDDLE
25,52,77,97,107,MIDDLE
25,53,63,97,120,MIDDLE
25,53,67,94,117,MIDDLE
25,53,77,89,105,MIDDLE
25,53,77,90,117,MIDDLE
25,53,77,96,103,MIDDLE
25,54,66,97,117,MIDDLE
25,54,72,100,117,MIDDLE
25,55,73,96,112,MIDDLE
25,55,77,92,119,MIDDLE
25,56,64,97,116,MIDDLE
25,56,72,81,114,MIDDLE
25,56,72,96,103,MIDDLE
25,56,73,81,113,MIDDLE
25,56,76,84,119,MIDDLE
25,56,76,90,101,MIDDLE
25,56,77,93,103,MIDDLE
25,56,80,95,117,MIDDLE
25,57,61,95,113,MIDDLE
25,57,69,87,113,MIDDLE
25,57,72,96,112,MIDDLE
25,57,72,97,117,MIDDLE
25,57,73,97,113,MIDDLE
25,58,72,96,110,MIDDLE
25,58,77,91,102,MIDDLE
25,58,77,97,117,MIDDLE
26,41,76,96,113,MIDDLE
26,41,77,87,107,MIDDLE
26,41,77,94,107,MIDDLE
26,41,79,92,117,MIDDLE
26,41,80,97,117,MIDDLE
26,43,70,89,117,MIDDLE
26,44,69,87,117,MIDDLE
26,44,77,86,110,MIDDLE
26,47,72,97,115,MIDDLE
26,47,73,99,113,MIDDLE
26,48,67,97,107,MIDDLE
26,48,75,94,117,MIDDLE
26,49,71,87,117,MIDDLE
26,49,73,87,117,MIDDLE
26,49,77,96,104,MIDDLE
26,49,77,97,107,MIDDLE
26,50,61,92,104,MIDDLE
26,50,67,97,101,MIDDLE
26,51,67,87,113,MIDDLE
26,51,77,81,117,MIDDLE
26,51,77,98,101,MIDDLE
26,52,61,92,111,MIDDLE
26,52,61,97,110,MIDDLE
26,52,67,97,113,MIDDLE
26,52,72,98,117,MIDDLE
26,52,73,88,117,MIDDLE
26,52,76,91,117,MIDDLE
26,52,78,97,104,MIDDLE
26,53,62,97,110,MIDDLE
26,53,67,88,117,MIDDLE
26,53,73,83,110,MIDDLE
26,53,74,97,110,MIDDLE
26,53,77,96,107,MIDDLE
26,54,76,100,107,MIDDLE
26,55,73,97,111,MIDDLE
26,55,76,90,113,MIDDLE
26,55,76,90,117,MIDDLE
26,56,66,97,114,MIDDLE
26,56,76,97,110,MIDDLE
26,57,62,84,107,MIDDLE
26,57,63,85,101,MIDDLE
26,57,66,97,113,MIDDLE
26,57,67,83,117,MIDDLE
26,57,67,96,113,MIDDLE
26,57,67,97,114,MIDDLE
26,57,76,97,112,MIDDLE
26,57,76,97,114,MIDDLE
26,57,78,87,113,MIDDLE
26,60,67,100,117,MIDDLE
26,60,74,83,114,MIDDLE
27,41,61,97,103,MIDDLE
27,41,61,97,116,MIDDLE
27,41,61,98,114,MIDDLE
27,41,64,92,117,MIDDLE
27,41,68,81,117,MIDDLE
27,41,70,92,112,MIDDLE
27,41,70,92,117,MIDDLE
27,41,70,97,114,MIDDLE
27,41,72,81,103,MIDDLE
27,41,72,90,107,MIDDLE
27,41,73,83,117,MIDDLE
27,41,73,91,113,MIDDLE
27,41,73,94,112,MIDDLE
27,41,73,97,110,MIDDLE
27,41,73,97,113,MIDDLE
27,41,74,87,117,MIDDLE
27,41,76,87,113,MIDDLE
27,41,76,94,101,MIDDLE
27,41,76,96,115,MIDDLE
27,41,76,97,105,MIDDLE
27,41,76,97,113,MIDDLE
27,41,77,87,117,MIDDLE
27,41,77,90,114,MIDDLE
27,41,77,92,112,MIDDLE
27,41,77,97,114,MIDDLE
27,41,78,93,109,MIDDLE
27,41,80,94,116,MIDDLE
27,41,80,96,107,MIDDLE
27,41,80,96,117,MIDDLE
27,42,63,89,118,MIDDLE
27,42,64,94,112,MIDDLE
27,42,67,81,103,MIDDLE
27,42,69,100,115,MIDDLE
27,42,70,92,118,MIDDLE
27,42,70,96,115,MIDDLE
27,42,77,93,105,MIDDLE
27,42,77,93,110,MIDDLE
27,42,77,97,101,MIDDLE
27,42,77,97,103,MIDDLE
27,43,61,90,117,MIDDLE
27,43,61,97,117,MIDDLE
27,43,62,97,120,MIDDLE
27,43,63,83,113,MIDDLE
27,43,67,87,120,MIDDLE
27,43,67,94,112,MIDDLE
27,43,68,87,117,MIDDLE
27,43,69,84,117,MIDDLE
27,43,69,100,112,MIDDLE
27,43,72,84,114,MIDDLE
27,43,74,88,107,MIDDLE
27,43,74,94,113,MIDDLE
27,43,74,97,110,MIDDLE
27,43,74,97,112,MIDDLE
27,43,75,92,109,MIDDLE
27,43,76,81,102,MIDDLE
27,43,76,90,116,MIDDLE
27,43,76,90,117,MIDDLE
27,43,77,92,112,MIDDLE
27,44,67,89,116,MIDDLE
27,44,73,91,101,MIDDLE
27,44,73,94,113,MIDDLE
27,44,74,84,114,MIDDLE
27,44,75,96,117,MIDDLE
27,44,75,97,113,MIDDLE
27,44,76,97,108,MIDDLE
27,45,62,96,112,MIDDLE
27,45,76,97,107,MIDDLE
27,45,77,93,110,MIDDLE
27,46,63,90,117,MIDDLE
27,46,72,90,113,MIDDLE
27,46,73,84,112,MIDDLE
27,46,74,95,113,MIDDLE
27,46,74,97,116,MIDDLE
27,46,77,81,101,MIDDLE
27,47,61,81,111,MIDDLE
27,47,61,96,110,MIDDLE
27,47,61,97,114,MIDDLE
27,47,62,97,115,MIDDLE
27,47,63,90,101,MIDDLE
27,47,65,93,110,MIDDLE
27,47,67,96,109,MIDDLE
27,47,69,85,113,MIDDLE
27,47,73,92,110,MIDDLE
27,47,76,83,112,MIDDLE
27,47,76,89,117,MIDDLE
27,47,76,90,107,MIDDLE
27,47,76,94,118,MIDDLE
27,47,76,97,117,MIDDLE
27,47,77,89,102,MIDDLE
27,47,77,91,117,MIDDLE
27,47,77,93,110,MIDDLE
27,47,77,95,114,MIDDLE
27,47,77,96,108,MIDDLE
27,47,77,96,112,MIDDLE
27,47,77,96,117,MIDDLE
27,47,80,97,107,MIDDLE
27,47,80,97,111,MIDDLE
27,48,67,84,116,MIDDLE
27,48,67,95,113,MIDDLE
27,48,67,97,109,MIDDLE
27,48,70,97,101,MIDDLE
27,48,71,97,117,MIDDLE
27,48,73,97,113,MIDDLE
27,48,74,94,117,MIDDLE
27,48,74,97,111,MIDDLE
27,48,76,100,116,MIDDLE
27,48,77,87,117,MIDDLE
27,49,62,97,114,MIDDLE
27,49,67,95,113,MIDDLE
27,49,70,95,113,MIDDLE
27,49,71,94,117,MIDDLE
27,49,71,97,113,MIDDLE
27,49,73,88,113,MIDDLE
27,49,73,97,110,MIDDLE
27,49,74,97,114,MIDDLE
27,49,76,90,112,MIDDLE
27,49,77,81,117,MIDDLE
27,49,77,92,114,MIDDLE
27,49,77,96,107,MIDDLE
27,49,77,97,107,MIDDLE
27,49,77,97,110,MIDDLE
27,49,77,97,111,MIDDLE
27,49,78,93,111,MIDDLE
27,49,78,97,114,MIDDLE
27,49,80,90,117,MIDDLE
27,50,69,97,113,MIDDLE
27,50,72,88,117,MIDDLE
27,50,72,96,113,MIDDLE
27,50,73,97,109,MIDDLE
27,50,74,96,112,MIDDLE
27,50,76,85,114,MIDDLE
27,50,77,87,117,MIDDLE
27,50,77,89,101,MIDDLE
27,50,77,97,108,MIDDLE
27,50,77,97,120,MIDDLE
27,50,80,97,108,MIDDLE
27,51,61,81,117,MIDDLE
27,51,61,97,107,MIDDLE
27,51,66,100,113,MIDDLE
27,51,73,84,117,MIDDLE
27,51,74,97,114,MIDDLE
27,51,76,94,112,MIDDLE
27,51,76,94,113,MIDDLE
27,51,77,87,107,MIDDLE
27,51,77,97,103,MIDDLE
27,52,61,92,112,MIDDLE
27,52,61,96,104,MIDDLE
27,52,61,97,114,MIDDLE
27,52,62,87,112,MIDDLE
27,52,64,81,117,MIDDLE
27,52,66,84,108,MIDDLE
27,52,66,97,113,MIDDLE
27,52,67,84,108,MIDDLE
27,52,67,90,113,MIDDLE
27,52,68,87,117,MIDDLE
27,52,68,97,103,MIDDLE
27,52,69,90,116,MIDDLE
27,52,69,100,113,MIDDLE
27,52,70,83,116,MIDDLE
27,52,70,92,113,MIDDLE
27,52,70,96,107,MIDDLE
27,52,70,96,112,MIDDLE
27,52,70,97,101,MIDDLE
27,52,71,91,116,MIDDLE
27,52,72,81,120,MIDDLE
27,52,72,97,110,MIDDLE
27,52,73,94,104,MIDDLE
27,52,73,97,110,MIDDLE
27,52,73,97,113,MIDDLE
27,52,73,98,117,MIDDLE
27,52,74,90,116,MIDDLE
27,52,75,90,113,MIDDLE
27,52,75,94,112,MIDDLE
27,52,75,97,110,MIDDLE
27,52,76,87,101,MIDDLE
27,52,76,94,101,MIDDLE
27,52,76,97,110,MIDDLE
27,52,76,97,112,MIDDLE
27,52,76,97,117,MIDDLE
27,52,76,100,110,MIDDLE
27,52,77,88,106,MIDDLE
27,52,77,93,102,MIDDLE
27,52,77,97,112,MIDDLE
27,52,78,94,117,MIDDLE
27,52,78,96,108,MIDDLE
27,52,78,97,101,MIDDLE
27,52,78,97,107,MIDDLE
27,52,78,97,112,MIDDLE
27,52,80,83,107,MIDDLE
27,53,61,84,112,MIDDLE
27,53,61,94,112,MIDDLE
27,53,61,97,112,MIDDLE
27,53,61,97,113,MIDDLE
27,53,62,88,117,MIDDLE
27,53,62,91,120,MIDDLE
27,53,64,84,117,MIDDLE
27,53,67,98,119,MIDDLE
27,53,68,89,117,MIDDLE
27,53,69,92,103,MIDDLE
27,53,70,87,117,MIDDLE
27,53,70,90,117,MIDDLE
27,53,70,94,113,MIDDLE
27,53,70,97,101,MIDDLE
27,53,70,97,114,MIDDLE
27,53,71,96,109,MIDDLE
27,53,73,95,102,MIDDLE
27,53,74,96,103,MIDDLE
27,53,76,81,113,MIDDLE
27,53,76,88,109,MIDDLE
27,53,77,87,113,MIDDLE
27,53,77,87,120,MIDDLE
27,53,77,88,116,MIDDLE
27,53,77,90,117,MIDDLE
27,53,77,91,112,MIDDLE
27,53,77,97,103,MIDDLE
27,53,77,97,110,MIDDLE
27,53,77,97,112,MIDDLE
27,53,77,100,115,MIDDLE
27,53,78,90,117,MIDDLE
27,53,80,94,107,MIDDLE
27,53,80,94,108,MIDDLE
27,54,66,97,114,MIDDLE
27,54,67,81,108,MIDDLE
27,54,67,87,113,MIDDLE
27,54,67,90,116,MIDDLE
27,54,67,97,104,MIDDLE
27,54,70,96,114,MIDDLE
27,54,70,96,117,MIDDLE
27,54,73,84,103,MIDDLE
27,54,76,92,110,MIDDLE
27,54,76,94,110,MIDDLE
27,54,76,94,112,MIDDLE
27,54,76,96,110,MIDDLE
27,54,77,94,114,MIDDLE
27,54,80,97,108,MIDDLE
27,55,61,97,103,MIDDLE
27,55,66,94,112,MIDDLE
27,55,67,81,107,MIDDLE
27,55,69,97,104,MIDDLE
27,55,71,94,117,MIDDLE
27,55,72,88,117,MIDDLE
27,55,72,94,113,MIDDLE
27,55,73,90,113,MIDDLE
27,55,73,94,110,MIDDLE
27,55,73,94,113,MIDDLE
27,55,73,97,110,MIDDLE
27,55,73,99,113,MIDDLE
27,55,74,89,117,MIDDLE
27,55,74,97,114,MIDDLE
27,55,76,87,108,MIDDLE
27,55,77,89,114,MIDDLE
27,55,77,94,112,MIDDLE
27,55,77,94,114,MIDDLE
27,55,77,97,114,MIDDLE
27,56,61,89,113,MIDDLE
27,56,61,94,108,MIDDLE
27,56,61,97,107,MIDDLE
27,56,62,87,117,MIDDLE
27,56,62,97,104,MIDDLE
27,56,62,97,112,MIDDLE
27,56,63,90,101,MIDDLE
27,56,64,92,117,MIDDLE
27,56,67,87,112,MIDDLE
27,56,67,97,101,MIDDLE
27,56,67,100,116,MIDDLE
27,56,68,89,117,MIDDLE
27,56,69,90,112,MIDDLE
27,56,69,94,112,MIDDLE
27,56,69,97,113,MIDDLE
27,56,69,98,116,MIDDLE
27,56,70,92,116,MIDDLE
27,56,72,88,117,MIDDLE
27,56,72,90,113,MIDDLE
27,56,72,97,112,MIDDLE
27,56,72,98,117,MIDDLE
27,56,73,84,112,MIDDLE
27,56,73,94,107,MIDDLE
27,56,73,97,110,MIDDLE
27,56,73,97,113,MIDDLE
27,56,74,92,113,MIDDLE
27,56,74,95,110,MIDDLE
27,56,74,97,110,MIDDLE
27,56,74,97,112,MIDDLE
27,56,75,87,113,MIDDLE
27,56,75,97,108,MIDDLE
27,56,75,97,120,MIDDLE
27,56,76,81,114,MIDDLE
27,56,76,91,117,MIDDLE
27,56,76,94,108,MIDDLE
27,56,76,97,103,MIDDLE
27,56,76,97,112,MIDDLE
27,56,76,97,117,MIDDLE
27,56,77,81,113,MIDDLE
27,56,77,87,108,MIDDLE
27,56,77,87,117,MIDDLE
27,56,77,89,108,MIDDLE
27,56,77,89,116,MIDDLE
27,56,77,93,101,MIDDLE
27,56,77,95,108,MIDDLE
27,56,77,95,115,MIDDLE
27,56,77,96,101,MIDDLE
27,56,77,96,115,MIDDLE
27,56,77,97,102,MIDDLE
27,56,80,85,117,MIDDLE
27,56,80,97,107,MIDDLE
27,57,61,90,104,MIDDLE
27,57,62,97,112,MIDDLE
27,57,63,81,118,MIDDLE
27,57,63,92,113,MIDDLE
27,57,66,84,104,MIDDLE
27,57,67,92,118,MIDDLE
27,57,67,95,117,MIDDLE
27,57,67,97,109,MIDDLE
27,57,67,97,110,MIDDLE
27,57,68,93,111,MIDDLE
27,57,68,100,109,MIDDLE
27,57,69,84,117,MIDDLE
27,57,69,100,107,MIDDLE
27,57,70,92,114,MIDDLE
27,57,71,81,112,MIDDLE
27,57,72,83,110,MIDDLE
27,57,72,88,117,MIDDLE
27,57,72,94,114,MIDDLE
27,57,72,95,119,MIDDLE
27,57,72,96,110,MIDDLE
27,57,72,97,120,MIDDLE
27,57,72,100,114,MIDDLE
27,57,73,95,117,MIDDLE
27,57,73,96,112,MIDDLE
27,57,74,81,113,MIDDLE
27,57,74,83,117,MIDDLE
27,57,74,87,113,MIDDLE
27,57,74,87,117,MIDDLE
27,57,74,92,103,MIDDLE
27,57,74,92,118,MIDDLE
27,57,74,96,110,MIDDLE
27,57,74,97,107,MIDDLE
27,57,74,97,114,MIDDLE
27,57,75,91,117,MIDDLE
27,57,75,94,103,MIDDLE
27,57,75,96,109,MIDDLE
27,57,75,97,110,MIDDLE
27,57,75,97,113,MIDDLE
27,57,76,83,117,MIDDLE
27,57,76,90,117,MIDDLE
27,57,76,91,117,MIDDLE
27,57,76,96,110,MIDDLE
27,57,76,96,112,MIDDLE
27,57,76,97,112,MIDDLE
27,57,77,84,116,MIDDLE
27,57,77,89,101,MIDDLE
27,57,77,89,117,MIDDLE
27,57,77,92,113,MIDDLE
27,57,77,92,117,MIDDLE
27,57,77,95,117,MIDDLE
27,57,77,97,112,MIDDLE
27,57,78,97,113,MIDDLE
27,58,61,97,101,MIDDLE
27,58,67,96,113,MIDDLE
27,58,68,81,106,MIDDLE
27,58,68,97,117,MIDDLE
27,58,71,97,114,MIDDLE
27,58,71,97,117,MIDDLE
27,58,72,97,112,MIDDLE
27,58,72,100,117,MIDDLE
27,58,73,95,113,MIDDLE
27,58,73,95,117,MIDDLE
27,58,73,97,112,MIDDLE
27,58,74,97,107,MIDDLE
27,58,76,89,117,MIDDLE
27,58,76,90,101,MIDDLE
27,58,76,92,112,MIDDLE
27,58,76,96,111,MIDDLE
27,58,76,96,112,MIDDLE
27,58,77,94,116,MIDDLE
27,59,68,97,114,MIDDLE
27,59,70,97,116,MIDDLE
27,59,76,97,115,MIDDLE
27,59,80,83,117,MIDDLE
27,60,63,91,116,MIDDLE
27,60,63,96,112,MIDDLE
27,60,63,97,116,MIDDLE
27,60,65,92,117,MIDDLE
27,60,67,89,108,MIDDLE
27,60,67,97,112,MIDDLE
27,60,69,97,112,MIDDLE
27,60,72,81,117,MIDDLE
27,60,72,88,117,MIDDLE
27,60,73,88,106,MIDDLE
27,60,73,97,114,MIDDLE
27,60,74,94,107,MIDDLE
27,60,74,97,113,MIDDLE
27,60,75,97,107,MIDDLE
27,60,76,87,101,MIDDLE
27,60,76,94,114,MIDDLE
27,60,76,96,117,MIDDLE
27,60,76,97,118,MIDDLE
27,60,77,83,106,MIDDLE
27,60,77,87,117,MIDDLE
27,60,77,97,108,MIDDLE
27,60,77,97,109,MIDDLE
27,60,77,97,115,MIDDLE
28,41,61,89,117,MIDDLE
28,41,62,90,112,MIDDLE
28,41,64,96,116,MIDDLE
28,41,68,97,116,MIDDLE
28,41,70,92,116,MIDDLE
28,41,73,100,110,MIDDLE
28,41,74,91,117,MIDDLE
28,41,74,97,107,MIDDLE
28,41,76,81,112,MIDDLE
28,41,76,96,103,MIDDLE
28,41,76,97,113,MIDDLE
28,41,77,83,114,MIDDLE
28,41,77,83,117,MIDDLE
28,41,77,84,117,MIDDLE
28,41,77,93,107,MIDDLE
28,41,77,95,106,MIDDLE
28,42,71,92,117,MIDDLE
28,43,72,87,116,MIDDLE
28,44,72,90,117,MIDDLE
28,44,76,97,113,MIDDLE
28,44,77,93,117,MIDDLE
28,45,67,97,117,MIDDLE
28,46,76,92,105,MIDDLE
28,46,77,81,120,MIDDLE
28,47,67,97,120,MIDDLE
28,47,73,97,107,MIDDLE
28,47,76,89,117,MIDDLE
28,47,76,96,120,MIDDLE
28,47,76,97,117,MIDDLE
28,47,77,97,117,MIDDLE
28,48,64,96,117,MIDDLE
28,48,66,94,112,MIDDLE
28,48,67,92,117,MIDDLE
28,48,72,97,112,MIDDLE
28,48,74,96,113,MIDDLE
28,48,76,93,107,MIDDLE
28,48,77,96,107,MIDDLE
28,49,61,97,114,MIDDLE
28,49,67,97,107,MIDDLE
28,49,77,94,117,MIDDLE
28,50,68,97,116,MIDDLE
28,50,75,96,117,MIDDLE
28,50,80,95,117,MIDDLE
28,51,72,87,117,MIDDLE
28,51,73,81,110,MIDDLE
28,51,74,95,113,MIDDLE
28,51,74,97,112,MIDDLE
28,52,69,97,113,MIDDLE
28,52,73,96,113,MIDDLE
28,52,75,96,107,MIDDLE
28,52,75,97,108,MIDDLE
28,52,76,94,114,MIDDLE
28,52,77,81,102,MIDDLE
28,52,77,92,103,MIDDLE
28,53,62,97,106,MIDDLE
28,53,68,90,113,MIDDLE
28,53,70,96,111,MIDDLE
28,53,71,95,116,MIDDLE
28,53,72,84,113,MIDDLE
28,53,72,96,110,MIDDLE
28,53,76,84,114,MIDDLE
28,53,78,95,116,MIDDLE
28,54,74,93,102,MIDDLE
28,54,74,94,104,MIDDLE
28,54,74,97,113,MIDDLE
28,54,76,81,112,MIDDLE
28,54,76,89,113,MIDDLE
28,54,77,92,114,MIDDLE
28,54,77,93,112,MIDDLE
28,54,77,94,117,MIDDLE
28,54,77,97,109,MIDDLE
28,55,61,83,113,MIDDLE
28,55,61,97,112,MIDDLE
28,55,61,97,114,MIDDLE
28,55,71,93,112,MIDDLE
28,55,73,91,113,MIDDLE
28,55,74,97,105,MIDDLE
28,55,74,97,113,MIDDLE
28,55,76,97,113,MIDDLE
28,55,80,92,117,MIDDLE
28,56,61,89,113,MIDDLE
28,56,61,92,113,MIDDLE
28,56,63,92,112,MIDDLE
28,56,65,92,112,MIDDLE
28,56,72,96,113,MIDDLE
28,56,72,97,113,MIDDLE
28,56,73,84,113,MIDDLE
28,56,73,92,110,MIDDLE
28,56,73,97,112,MIDDLE
28,56,74,81,113,MIDDLE
28,56,74,96,112,MIDDLE
28,56,74,96,117,MIDDLE
28,56,76,89,110,MIDDLE
28,56,76,94,117,MIDDLE
28,56,77,87,116,MIDDLE
28,57,62,94,117,MIDDLE
28,57,64,97,101,MIDDLE
28,57,67,94,113,MIDDLE
28,57,67,96,113,MIDDLE
28,57,69,96,117,MIDDLE
28,57,72,90,101,MIDDLE
28,57,72,92,107,MIDDLE
28,57,72,95,117,MIDDLE
28,57,72,96,103,MIDDLE
28,57,73,84,108,MIDDLE
28,57,73,97,110,MIDDLE
28,57,74,92,112,MIDDLE
28,57,74,94,113,MIDDLE
28,57,74,97,113,MIDDLE
28,57,74,100,117,MIDDLE
28,57,75,97,109,MIDDLE
28,57,76,97,112,MIDDLE
28,57,77,86,112,MIDDLE
28,57,77,93,107,MIDDLE
28,57,77,97,107,MIDDLE
28,57,77,97,110,MIDDLE
28,57,77,97,112,MIDDLE
28,57,77,97,120,MIDDLE
28,57,80,92,117,MIDDLE
28,59,74,96,111,MIDDLE
28,59,77,96,112,MIDDLE
28,60,64,92,117,MIDDLE
28,60,76,91,117,MIDDLE
28,60,77,96,118,MIDDLE
29,41,61,97,117,MIDDLE
29,41,64,86,118,MIDDLE
29,41,69,94,113,MIDDLE
29,41,75,88,117,MIDDLE
29,41,76,84,117,MIDDLE
29,41,77,81,103,MIDDLE
29,41,77,81,112,MIDDLE
29,41,77,89,117,MIDDLE
29,41,77,92,117,MIDDLE
29,41,77,94,109,MIDDLE
29,41,80,97,109,MIDDLE
29,42,67,97,113,MIDDLE
29,42,67,100,114,MIDDLE
29,42,70,92,117,MIDDLE
29,42,70,97,101,MIDDLE
29,42,71,93,110,MIDDLE
29,43,67,96,112,MIDDLE
29,43,72,95,116,MIDDLE
29,43,73,84,112,MIDDLE
29,43,73,90,110,MIDDLE
29,43,73,91,112,MIDDLE
29,43,73,97,112,MIDDLE
29,43,76,87,103,MIDDLE
29,43,77,97,114,MIDDLE
29,43,77,97,117,MIDDLE
29,44,67,93,113,MIDDLE
29,44,77,92,107,MIDDLE
29,45,61,93,107,MIDDLE
29,45,67,97,110,MIDDLE
29,45,70,92,116,MIDDLE
29,45,77,81,106,MIDDLE
29,45,77,83,116,MIDDLE
29,45,77,96,114,MIDDLE
29,46,61,97,101,MIDDLE
29,46,62,84,114,MIDDLE
29,46,72,90,114,MIDDLE
29,46,73,85,112,MIDDLE
29,46,73,87,103,MIDDLE
29,47,72,90,112,MIDDLE
29,47,76,81,114,MIDDLE
29,47,77,96,101,MIDDLE
29,47,77,97,118,MIDDLE
29,48,61,87,116,MIDDLE
29,48,63,81,107,MIDDLE
29,48,65,97,118,MIDDLE
29,48,67,96,112,MIDDLE
29,48,71,97,101,MIDDLE
29,48,72,98,117,MIDDLE
29,48,73,100,115,MIDDLE
29,48,77,94,117,MIDDLE
29,48,77,97,101,MIDDLE
29,49,61,97,114,MIDDLE
29,49,67,96,117,MIDDLE
29,49,72,87,116,MIDDLE
29,49,72,88,117,MIDDLE
29,49,74,87,117,MIDDLE
29,50,69,97,112,MIDDLE
29,50,72,88,116,MIDDLE
29,50,72,97,110,MIDDLE
29,50,73,95,113,MIDDLE
29,50,73,96,115,MIDDLE
29,50,74,93,107,MIDDLE
29,51,68,86,112,MIDDLE
29,51,72,98,117,MIDDLE
29,51,73,92,110,MIDDLE
29,51,73,95,117,MIDDLE
29,51,74,87,117,MIDDLE
29,51,74,97,107,MIDDLE
29,52,65,93,107,MIDDLE
29,52,66,100,113,MIDDLE
29,52,74,90,113,MIDDLE
29,52,76,97,113,MIDDLE
29,52,77,94,113,MIDDLE
29,52,77,97,112,MIDDLE
29,52,78,93,113,MIDDLE
29,52,78,96,101,MIDDLE
29,52,80,96,110,MIDDLE
29,53,61,93,114,MIDDLE
29,53,63,81,113,MIDDLE
29,53,63,84,113,MIDDLE
29,53,67,90,113,MIDDLE
29,53,68,90,113,MIDDLE
29,53,69,91,117,MIDDLE
29,53,69,94,112,MIDDLE
29,53,74,100,114,MIDDLE
29,53,76,92,110,MIDDLE
29,53,76,97,103,MIDDLE
29,53,77,90,112,MIDDLE
29,53,77,91,107,MIDDLE
29,53,77,97,112,MIDDLE
29,54,61,97,109,MIDDLE
29,54,65,81,116,MIDDLE
29,54,74,97,101,MIDDLE
29,54,76,85,117,MIDDLE
29,54,76,98,117,MIDDLE
29,54,77,87,116,MIDDLE
29,54,77,92,115,MIDDLE
29,54,77,94,101,MIDDLE
29,54,77,94,107,MIDDLE
29,55,67,97,117,MIDDLE
29,56,63,84,113,MIDDLE
29,56,63,97,112,MIDDLE
29,56,64,92,101,MIDDLE
29,56,65,96,103,MIDDLE
29,56,67,85,117,MIDDLE
29,56,67,94,108,MIDDLE
29,56,67,97,113,MIDDLE
29,56,68,93,107,MIDDLE
29,56,70,92,101,MIDDLE
29,56,72,100,114,MIDDLE
29,56,73,98,103,MIDDLE
29,56,74,97,103,MIDDLE
29,56,76,84,107,MIDDLE
29,56,76,91,112,MIDDLE
29,56,76,91,116,MIDDLE
29,56,76,94,113,MIDDLE
29,56,77,87,116,MIDDLE
29,56,77,96,107,MIDDLE
29,56,78,92,101,MIDDLE
29,56,80,89,117,MIDDLE
29,57,61,83,110,MIDDLE
29,57,61,85,113,MIDDLE
29,57,61,89,116,MIDDLE
29,57,61,96,115,MIDDLE
29,57,62,96,109,MIDDLE
29,57,62,97,120,MIDDLE
29,57,67,97,110,MIDDLE
29,57,69,97,113,MIDDLE
29,57,70,90,106,MIDDLE
29,57,70,96,113,MIDDLE
29,57,72,94,103,MIDDLE
29,57,73,87,113,MIDDLE
29,57,74,83,112,MIDDLE
29,57,74,89,113,MIDDLE
29,57,74,100,103,MIDDLE
29,57,74,100,114,MIDDLE
29,57,75,90,113,MIDDLE
29,57,75,93,112,MIDDLE
29,57,76,91,117,MIDDLE
29,57,76,94,117,MIDDLE
29,57,77,81,117,MIDDLE
29,57,77,91,116,MIDDLE
29,57,77,92,116,MIDDLE
29,57,77,94,116,MIDDLE
29,57,77,97,101,MIDDLE
29,57,77,97,102,MIDDLE
29,57,77,97,108,MIDDLE
29,57,77,97,114,MIDDLE
29,57,77,97,116,MIDDLE
29,57,80,93,111,MIDDLE
29,57,80,96,111,MIDDLE
29,58,67,97,112,MIDDLE
29,58,73,92,111,MIDDLE
29,58,77,93,118,MIDDLE
29,58,77,97,115,MIDDLE
29,58,80,94,117,MIDDLE
29,60,61,96,117,MIDDLE
29,60,67,95,116,MIDDLE
29,60,72,97,108,MIDDLE
29,60,76,97,110,MIDDLE
30,41,61,88,117,MIDDLE
30,41,64,96,102,MIDDLE
30,41,67,81,107,MIDDLE
30,41,71,87,117,MIDDLE
30,41,71,92,117,MIDDLE
30,41,71,95,117,MIDDLE
30,41,72,87,113,MIDDLE
30,41,72,96,113,MIDDLE
30,41,73,89,101,MIDDLE
30,41,73,94,113,MIDDLE
30,41,74,94,114,MIDDLE
30,41,74,97,115,MIDDLE
30,41,75,93,113,MIDDLE
30,41,76,87,117,MIDDLE
30,41,76,97,107,MIDDLE
30,41,77,81,113,MIDDLE
30,41,77,81,116,MIDDLE
30,41,77,89,117,MIDDLE
30,42,61,96,104,MIDDLE
30,42,75,81,113,MIDDLE
30,42,77,92,103,MIDDLE
30,42,77,92,116,MIDDLE
30,43,67,97,112,MIDDLE
30,43,71,96,110,MIDDLE
30,43,74,97,103,MIDDLE
30,43,76,81,117,MIDDLE
30,43,76,94,110,MIDDLE
30,43,76,94,117,MIDDLE
30,43,77,89,117,MIDDLE
30,43,77,96,116,MIDDLE
30,44,61,92,113,MIDDLE
30,44,61,97,114,MIDDLE
30,44,66,97,117,MIDDLE
30,44,74,92,114,MIDDLE
30,44,74,96,107,MIDDLE
30,44,77,96,116,MIDDLE
30,44,77,96,117,MIDDLE
30,45,67,95,113,MIDDLE
30,45,67,97,101,MIDDLE
30,45,69,96,116,MIDDLE
30,45,75,96,113,MIDDLE
30,46,61,100,113,MIDDLE
30,46,78,87,116,MIDDLE
30,46,80,81,113,MIDDLE
30,47,61,92,113,MIDDLE
30,47,67,96,103,MIDDLE
30,47,73,94,103,MIDDLE
30,47,74,97,101,MIDDLE
30,47,74,97,109,MIDDLE
30,47,76,92,112,MIDDLE
30,47,76,95,113,MIDDLE
30,47,77,92,112,MIDDLE
30,47,77,96,113,MIDDLE
30,47,77,97,107,MIDDLE
30,47,77,97,120,MIDDLE
30,47,78,97,101,MIDDLE
30,47,80,92,112,MIDDLE
30,48,62,97,103,MIDDLE
30,48,69,94,117,MIDDLE
30,48,72,81,102,MIDDLE
30,48,72,86,110,MIDDLE
30,48,73,81,116,MIDDLE
30,48,73,89,114,MIDDLE
30,48,75,81,117,MIDDLE
30,49,61,97,116,MIDDLE
30,49,67,96,113,MIDDLE
30,49,73,92,112,MIDDLE
30,49,73,97,101,MIDDLE
30,49,76,81,116,MIDDLE
30,49,76,96,116,MIDDLE
30,49,77,97,104,MIDDLE
30,49,77,97,115,MIDDLE
30,50,61,81,112,MIDDLE
30,50,63,97,103,MIDDLE
30,50,67,81,113,MIDDLE
30,50,67,89,113,MIDDLE
30,50,67,95,113,MIDDLE
30,50,67,96,117,MIDDLE
30,50,70,96,116,MIDDLE
30,50,72,87,113,MIDDLE
30,50,72,91,117,MIDDLE
30,50,73,94,112,MIDDLE
30,50,73,97,114,MIDDLE
30,50,74,95,113,MIDDLE
30,50,74,97,114,MIDDLE
30,50,76,99,114,MIDDLE
30,51,67,91,117,MIDDLE
30,51,74,97,112,MIDDLE
30,51,77,96,111,MIDDLE
30,52,61,87,113,MIDDLE
30,52,63,87,103,MIDDLE
30,52,64,96,117,MIDDLE
30,52,65,94,117,MIDDLE
30,52,67,96,113,MIDDLE
30,52,67,97,107,MIDDLE
30,52,67,97,112,MIDDLE
30,52,72,97,107,MIDDLE
30,52,72,98,117,MIDDLE
30,52,73,97,110,MIDDLE
30,52,74,92,107,MIDDLE
30,52,74,97,112,MIDDLE
30,52,74,97,120,MIDDLE
30,52,76,97,107,MIDDLE
30,52,76,100,113,MIDDLE
30,52,77,83,111,MIDDLE
30,52,77,92,117,MIDDLE
30,52,77,96,113,MIDDLE
30,53,61,87,101,MIDDLE
30,53,63,97,111,MIDDLE
30,53,67,97,113,MIDDLE
30,53,68,92,112,MIDDLE
30,53,68,100,117,MIDDLE
30,53,70,96,101,MIDDLE
30,53,72,88,112,MIDDLE
30,53,73,91,112,MIDDLE
30,53,73,97,113,MIDDLE
30,53,73,100,112,MIDDLE
30,53,74,91,113,MIDDLE
30,53,77,86,110,MIDDLE
30,53,77,93,102,MIDDLE
30,53,77,94,113,MIDDLE
30,53,77,94,114,MIDDLE
30,53,78,100,117,MIDDLE
30,53,80,84,117,MIDDLE
30,53,80,91,117,MIDDLE
30,54,66,97,117,MIDDLE
30,54,67,97,101,MIDDLE
30,54,72,100,116,MIDDLE
30,54,73,97,104,MIDDLE
30,56,67,85,113,MIDDLE
30,56,69,97,113,MIDDLE
30,56,70,97,116,MIDDLE
30,56,71,94,117,MIDDLE
30,56,73,97,113,MIDDLE
30,56,74,94,112,MIDDLE
30,56,74,97,113,MIDDLE
30,56,75,90,114,MIDDLE
30,56,75,92,102,MIDDLE
30,56,76,97,110,MIDDLE
30,56,76,97,112,MIDDLE
30,56,76,97,115,MIDDLE
30,56,77,86,116,MIDDLE
30,56,77,92,112,MIDDLE
30,56,77,92,117,MIDDLE
30,56,77,96,108,MIDDLE
30,56,77,96,117,MIDDLE
30,56,77,97,107,MIDDLE
30,56,77,97,114,MIDDLE
30,56,77,97,117,MIDDLE
30,56,78,92,112,MIDDLE
30,57,62,91,116,MIDDLE
30,57,62,94,112,MIDDLE
30,57,63,94,116,MIDDLE
30,57,63,96,118,MIDDLE
30,57,67,94,117,MIDDLE
30,57,67,95,113,MIDDLE
30,57,67,97,109,MIDDLE
30,57,67,99,116,MIDDLE
30,57,68,92,117,MIDDLE
30,57,69,93,107,MIDDLE
30,57,69,97,103,MIDDLE
30,57,69,97,113,MIDDLE
30,57,73,97,101,MIDDLE
30,57,73,97,112,MIDDLE
30,57,73,97,114,MIDDLE
30,57,73,97,116,MIDDLE
30,57,74,83,101,MIDDLE
30,57,74,83,108,MIDDLE
30,57,74,92,104,MIDDLE
30,57,74,92,117,MIDDLE
30,57,76,87,117,MIDDLE
30,57,76,89,113,MIDDLE
30,57,76,91,117,MIDDLE
30,57,76,94,114,MIDDLE
30,57,76,96,104,MIDDLE
30,57,76,96,117,MIDDLE
30,57,76,97,114,MIDDLE
30,57,76,97,117,MIDDLE
30,57,77,81,108,MIDDLE
30,57,77,86,107,MIDDLE
30,57,77,93,107,MIDDLE
30,57,77,97,101,MIDDLE
30,57,77,97,112,MIDDLE
30,57,80,92,112,MIDDLE
30,60,77,97,114,MIDDLE
31,41,61,94,113,MIDDLE
31,41,62,97,115,MIDDLE
31,41,67,96,101,MIDDLE
31,41,69,96,110,MIDDLE
31,41,72,87,101,MIDDLE
31,41,73,90,113,MIDDLE
31,41,77,97,101,MIDDLE
31,42,77,96,115,MIDDLE
31,43,67,89,107,MIDDLE
31,43,68,92,114,MIDDLE
31,44,67,97,117,MIDDLE
31,44,73,81,112,MIDDLE
31,44,73,89,103,MIDDLE
31,44,73,97,112,MIDDLE
31,45,75,97,101,MIDDLE
31,47,63,97,107,MIDDLE
31,47,69,93,110,MIDDLE
31,47,72,81,116,MIDDLE
31,47,72,97,114,MIDDLE
31,47,74,97,114,MIDDLE
31,47,76,89,117,MIDDLE
31,47,76,97,117,MIDDLE
31,47,77,81,116,MIDDLE
31,47,77,91,116,MIDDLE
31,48,74,94,114,MIDDLE
31,48,74,97,103,MIDDLE
31,49,72,97,116,MIDDLE
31,49,77,84,117,MIDDLE
31,50,76,94,104,MIDDLE
31,50,80,97,117,MIDDLE
31,51,74,94,117,MIDDLE
31,52,61,90,112,MIDDLE
31,52,63,92,113,MIDDLE
31,52,64,97,116,MIDDLE
31,52,67,92,112,MIDDLE
31,52,67,96,101,MIDDLE
31,52,70,96,112,MIDDLE
31,52,72,88,116,MIDDLE
31,52,72,90,113,MIDDLE
31,52,72,90,117,MIDDLE
31,52,72,100,112,MIDDLE
31,52,73,94,113,MIDDLE
31,52,76,81,110,MIDDLE
31,52,77,81,117,MIDDLE
31,52,77,87,117,MIDDLE
31,52,77,90,116,MIDDLE
31,52,77,96,111,MIDDLE
31,52,80,81,107,MIDDLE
31,53,61,90,110,MIDDLE
31,53,63,90,113,MIDDLE
31,53,64,95,113,MIDDLE
31,53,67,94,113,MIDDLE
31,53,67,97,109,MIDDLE
31,53,71,94,117,MIDDLE
31,53,72,81,110,MIDDLE
31,53,72,94,113,MIDDLE
31,53,74,81,103,MIDDLE
31,53,74,88,117,MIDDLE
31,53,74,97,113,MIDDLE
31,53,77,83,102,MIDDLE
31,53,77,88,116,MIDDLE
31,53,77,90,113,MIDDLE
31,54,67,95,113,MIDDLE
31,54,73,97,112,MIDDLE
31,54,74,87,107,MIDDLE
31,54,75,94,117,MIDDLE
31,54,76,81,115,MIDDLE
31,54,76,90,105,MIDDLE
31,55,61,83,113,MIDDLE
31,55,61,97,115,MIDDLE
31,55,64,86,110,MIDDLE
31,55,67,96,117,MIDDLE
31,55,72,84,117,MIDDLE
31,55,77,89,117,MIDDLE
31,55,77,92,117,MIDDLE
31,55,77,97,116,MIDDLE
31,55,80,92,112,MIDDLE
31,56,62,84,107,MIDDLE
31,56,62,94,114,MIDDLE
31,56,63,97,107,MIDDLE
31,56,67,93,113,MIDDLE
31,56,67,94,114,MIDDLE
31,56,67,97,107,MIDDLE
31,56,67,97,110,MIDDLE
31,56,71,97,117,MIDDLE
31,56,72,97,102,MIDDLE
31,56,73,97,111,MIDDLE
31,56,75,89,113,MIDDLE
31,56,76,81,103,MIDDLE
31,56,76,84,113,MIDDLE
31,56,76,92,113,MIDDLE
31,56,76,94,118,MIDDLE
31,56,76,95,107,MIDDLE
31,56,78,94,117,MIDDLE
31,57,61,89,117,MIDDLE
31,57,63,97,107,MIDDLE
31,57,67,81,114,MIDDLE
31,57,67,89,107,MIDDLE
31,57,67,96,113,MIDDLE
31,57,67,100,118,MIDDLE
31,57,69,90,113,MIDDLE
31,57,72,87,107,MIDDLE
31,57,73,97,104,MIDDLE
31,57,75,96,112,MIDDLE
31,57,76,81,113,MIDDLE
31,57,76,94,103,MIDDLE
31,57,76,94,107,MIDDLE
31,57,76,95,113,MIDDLE
31,57,76,97,107,MIDDLE
31,57,76,97,114,MIDDLE
31,57,77,87,102,MIDDLE
31,57,77,87,117,MIDDLE
31,57,77,92,119,MIDDLE
31,57,77,97,113,MIDDLE
31,58,61,92,117,MIDDLE
31,58,67,96,117,MIDDLE
31,58,72,84,117,MIDDLE
31,58,76,81,107,MIDDLE
31,60,61,97,118,MIDDLE
31,60,72,94,117,MIDDLE
32,41,61,87,104,MIDDLE
32,41,61,89,112,MIDDLE
32,41,61,94,112,MIDDLE
32,41,61,100,101,MIDDLE
32,41,62,87,118,MIDDLE
32,41,63,90,113,MIDDLE
32,41,63,94,112,MIDDLE
32,41,67,89,117,MIDDLE
32,41,67,96,113,MIDDLE
32,41,69,92,117,MIDDLE
32,41,69,97,101,MIDDLE
32,41,72,88,117,MIDDLE
32,41,72,91,107,MIDDLE
32,41,72,97,113,MIDDLE
32,41,72,98,117,MIDDLE
32,41,73,90,102,MIDDLE
32,41,73,96,113,MIDDLE
32,41,74,97,112,MIDDLE
32,41,77,81,104,MIDDLE
32,41,77,87,117,MIDDLE
32,41,77,89,106,MIDDLE
32,41,77,90,101,MIDDLE
32,41,77,90,112,MIDDLE
32,41,77,90,117,MIDDLE
32,41,77,91,112,MIDDLE
32,41,77,92,110,MIDDLE
32,41,77,97,114,MIDDLE
32,41,78,95,117,MIDDLE
32,42,68,96,112,MIDDLE
32,42,73,96,112,MIDDLE
32,42,73,96,113,MIDDLE
32,42,74,96,112,MIDDLE
32,42,74,97,101,MIDDLE
32,42,76,97,109,MIDDLE
32,42,77,87,114,MIDDLE
32,42,77,91,107,MIDDLE
32,42,77,97,109,MIDDLE
32,43,67,94,117,MIDDLE
32,43,67,95,113,MIDDLE
32,43,68,81,116,MIDDLE
32,43,69,97,103,MIDDLE
32,43,72,84,112,MIDDLE
32,43,72,97,113,MIDDLE
32,43,74,88,117,MIDDLE
32,43,74,97,117,MIDDLE
32,43,76,87,117,MIDDLE
32,43,76,90,117,MIDDLE
32,43,77,81,110,MIDDLE
32,43,77,89,117,MIDDLE
32,43,77,89,120,MIDDLE
32,43,77,91,116,MIDDLE
32,43,77,92,110,MIDDLE
32,43,77,97,104,MIDDLE
32,43,78,97,114,MIDDLE
32,44,62,97,112,MIDDLE
32,44,67,97,115,MIDDLE
32,44,73,90,117,MIDDLE
32,44,73,97,112,MIDDLE
32,44,74,84,114,MIDDLE
32,44,74,97,103,MIDDLE
32,44,76,87,113,MIDDLE
32,44,76,87,117,MIDDLE
32,44,76,99,117,MIDDLE
32,44,77,89,113,MIDDLE
32,44,77,89,117,MIDDLE
32,44,77,91,117,MIDDLE
32,44,77,92,117,MIDDLE
32,44,77,94,107,MIDDLE
32,44,77,97,101,MIDDLE
32,44,80,92,117,MIDDLE
32,45,67,97,114,MIDDLE
32,46,67,92,101,MIDDLE
32,46,67,97,110,MIDDLE
32,46,71,81,117,MIDDLE
32,46,73,89,110,MIDDLE
32,46,73,94,113,MIDDLE
32,46,74,94,108,MIDDLE
32,46,75,89,114,MIDDLE
32,46,76,90,105,MIDDLE
32,47,62,92,113,MIDDLE
32,47,63,86,113,MIDDLE
32,47,64,96,116,MIDDLE
32,47,68,94,107,MIDDLE
32,47,69,97,113,MIDDLE
32,47,70,97,107,MIDDLE
32,47,72,94,112,MIDDLE
32,47,73,87,113,MIDDLE
32,47,73,100,103,MIDDLE
32,47,77,81,115,MIDDLE
32,47,77,85,101,MIDDLE
32,47,77,90,101,MIDDLE
32,47,77,91,114,MIDDLE
32,47,77,92,112,MIDDLE
32,47,77,94,116,MIDDLE
32,47,77,94,117,MIDDLE
32,47,77,95,101,MIDDLE
32,47,77,96,111,MIDDLE
32,47,77,97,104,MIDDLE
32,47,77,97,112,MIDDLE
32,47,77,97,114,MIDDLE
32,47,77,97,118,MIDDLE
32,47,80,87,117,MIDDLE
32,47,80,92,107,MIDDLE
32,48,61,92,112,MIDDLE
32,48,62,94,114,MIDDLE
32,48,63,97,116,MIDDLE
32,48,70,92,117,MIDDLE
32,48,72,97,112,MIDDLE
32,48,73,100,110,MIDDLE
32,48,74,83,113,MIDDLE
32,48,76,96,112,MIDDLE
32,48,76,99,117,MIDDLE
32,48,77,81,116,MIDDLE
32,48,77,87,117,MIDDLE
32,48,77,90,108,MIDDLE
32,48,77,95,117,MIDDLE
32,48,77,96,110,MIDDLE
32,48,77,97,117,MIDDLE
32,49,61,97,114,MIDDLE
32,49,64,97,114,MIDDLE
32,49,67,93,103,MIDDLE
32,49,67,97,117,MIDDLE
32,49,68,87,116,MIDDLE
32,49,69,93,117,MIDDLE
32,49,72,94,113,MIDDLE
32,49,73,87,114,MIDDLE
32,49,73,92,112,MIDDLE
32,49,73,97,109,MIDDLE
32,49,74,96,112,MIDDLE
32,49,74,96,116,MIDDLE
32,49,74,97,117,MIDDLE
32,49,76,84,117,MIDDLE
32,49,76,85,112,MIDDLE
32,49,76,87,113,MIDDLE
32,49,76,88,117,MIDDLE
32,49,77,81,112,MIDDLE
32,49,77,87,103,MIDDLE
32,49,77,87,107,MIDDLE
32,49,77,87,113,MIDDLE
32,49,77,90,112,MIDDLE
32,49,77,90,113,MIDDLE
32,49,77,90,117,MIDDLE
32,49,77,94,114,MIDDLE
32,49,77,95,104,MIDDLE
32,49,77,97,101,MIDDLE
32,49,77,100,108,MIDDLE
32,49,80,100,116,MIDDLE
32,50,61,94,117,MIDDLE
32,50,63,84,112,MIDDLE
32,50,64,93,111,MIDDLE
32,50,65,96,107,MIDDLE
32,50,66,87,103,MIDDLE
32,50,67,97,114,MIDDLE
32,50,68,92,113,MIDDLE
32,50,72,94,112,MIDDLE
32,50,76,100,102,MIDDLE
32,50,77,81,111,MIDDLE
32,50,77,83,117,MIDDLE
32,50,77,89,101,MIDDLE
32,50,77,94,105,MIDDLE
32,50,77,94,114,MIDDLE
32,50,77,96,110,MIDDLE
32,50,77,97,117,MIDDLE
32,50,77,97,118,MIDDLE
32,50,77,99,112,MIDDLE
32,51,61,97,113,MIDDLE
32,51,67,94,113,MIDDLE
32,51,68,96,117,MIDDLE
32,51,73,88,117,MIDDLE
32,51,74,96,111,MIDDLE
32,51,76,88,106,MIDDLE
32,51,76,97,112,MIDDLE
32,51,77,83,120,MIDDLE
32,51,77,92,103,MIDDLE
32,51,77,92,110,MIDDLE
32,51,77,92,117,MIDDLE
32,51,77,100,116,MIDDLE
32,51,80,81,117,MIDDLE
32,52,61,91,117,MIDDLE
32,52,61,100,116,MIDDLE
32,52,64,97,117,MIDDLE
32,52,67,95,117,MIDDLE
32,52,69,97,110,MIDDLE
32,52,72,87,103,MIDDLE
32,52,72,87,114,MIDDLE
32,52,72,90,101,MIDDLE
32,52,72,97,111,MIDDLE
32,52,74,88,108,MIDDLE
32,52,76,81,110,MIDDLE
32,52,77,87,107,MIDDLE
32,52,77,87,114,MIDDLE
32,52,77,89,108,MIDDLE
32,52,77,90,101,MIDDLE
32,52,77,90,112,MIDDLE
32,52,77,94,113,MIDDLE
32,52,77,97,112,MIDDLE
32,52,77,100,107,MIDDLE
32,52,77,100,111,MIDDLE
32,52,78,81,117,MIDDLE
32,53,61,92,110,MIDDLE
32,53,61,97,109,MIDDLE
32,53,63,97,108,MIDDLE
32,53,63,97,114,MIDDLE
32,53,64,90,117,MIDDLE
32,53,65,97,101,MIDDLE
32,53,67,92,114,MIDDLE
32,53,67,97,112,MIDDLE
32,53,70,89,117,MIDDLE
32,53,70,97,107,MIDDLE
32,53,70,100,116,MIDDLE
32,53,71,81,103,MIDDLE
32,53,72,89,114,MIDDLE
32,53,72,91,101,MIDDLE
32,53,72,97,118,MIDDLE
32,53,72,99,110,MIDDLE
32,53,73,87,120,MIDDLE
32,53,73,97,101,MIDDLE
32,53,74,100,114,MIDDLE
32,53,75,97,110,MIDDLE
32,53,76,84,113,MIDDLE
32,53,77,88,117,MIDDLE
32,53,77,94,107,MIDDLE
32,53,80,83,117,MIDDLE
32,54,61,97,120,MIDDLE
32,54,62,97,112,MIDDLE
32,54,63,97,104,MIDDLE
32,54,67,97,114,MIDDLE
32,54,73,83,112,MIDDLE
32,54,73,90,113,MIDDLE
32,54,73,97,111,MIDDLE
32,54,74,94,113,MIDDLE
32,54,76,90,112,MIDDLE
32,54,76,90,117,MIDDLE
32,54,76,100,117,MIDDLE
32,54,77,89,116,MIDDLE
32,54,77,94,101,MIDDLE
32,54,77,94,107,MIDDLE
32,54,77,95,101,MIDDLE
32,54,77,97,101,MIDDLE
32,55,61,92,107,MIDDLE
32,55,63,97,112,MIDDLE
32,55,66,100,109,MIDDLE
32,55,67,97,107,MIDDLE
32,55,69,89,113,MIDDLE
32,55,70,92,116,MIDDLE
32,55,72,92,112,MIDDLE
32,55,73,83,110,MIDDLE
32,55,73,91,114,MIDDLE
32,55,73,100,113,MIDDLE
32,55,76,87,109,MIDDLE
32,55,76,90,113,MIDDLE
32,55,76,97,112,MIDDLE
32,55,77,83,113,MIDDLE
32,55,77,94,108,MIDDLE
32,55,77,94,117,MIDDLE
32,55,77,97,117,MIDDLE
32,56,61,89,111,MIDDLE
32,56,61,95,113,MIDDLE
32,56,62,96,113,MIDDLE
32,56,63,92,113,MIDDLE
32,56,64,97,106,MIDDLE
32,56,67,97,101,MIDDLE
32,56,69,87,109,MIDDLE
32,56,69,94,114,MIDDLE
32,56,69,96,111,MIDDLE
32,56,69,97,113,MIDDLE
32,56,70,96,117,MIDDLE
32,56,71,81,113,MIDDLE
32,56,71,92,102,MIDDLE
32,56,72,87,114,MIDDLE
32,56,72,97,107,MIDDLE
32,56,72,100,110,MIDDLE
32,56,72,100,112,MIDDLE
32,56,74,90,104,MIDDLE
32,56,74,92,102,MIDDLE
32,56,74,94,103,MIDDLE
32,56,74,97,107,MIDDLE
32,56,74,97,117,MIDDLE
32,56,74,100,113,MIDDLE
32,56,74,100,117,MIDDLE
32,56,75,85,112,MIDDLE
32,56,75,85,117,MIDDLE
32,56,76,88,101,MIDDLE
32,56,76,94,112,MIDDLE
32,56,76,100,112,MIDDLE
32,56,77,87,112,MIDDLE
32,56,77,87,116,MIDDLE
32,56,77,91,113,MIDDLE
32,56,77,92,112,MIDDLE
32,56,77,92,120,MIDDLE
32,56,77,94,113,MIDDLE
32,56,77,96,110,MIDDLE
32,56,77,97,112,MIDDLE
32,56,78,87,117,MIDDLE
32,56,78,96,117,MIDDLE
32,56,80,95,113,MIDDLE
32,57,61,87,113,MIDDLE
32,57,61,97,112,MIDDLE
32,57,61,97,120,MIDDLE
32,57,62,90,117,MIDDLE
32,57,62,94,112,MIDDLE
32,57,63,89,111,MIDDLE
32,57,63,96,110,MIDDLE
32,57,63,96,113,MIDDLE
32,57,64,83,116,MIDDLE
32,57,64,87,117,MIDDLE
32,57,66,97,113,MIDDLE
32,57,67,81,118,MIDDLE
32,57,67,97,115,MIDDLE
32,57,67,99,101,MIDDLE
32,57,68,96,113,MIDDLE
32,57,69,88,116,MIDDLE
32,57,69,94,116,MIDDLE
32,57,69,97,112,MIDDLE
32,57,70,92,112,MIDDLE
32,57,71,81,117,MIDDLE
32,57,72,84,113,MIDDLE
32,57,72,89,110,MIDDLE
32,57,72,94,110,MIDDLE
32,57,72,97,103,MIDDLE
32,57,72,97,113,MIDDLE
32,57,73,87,105,MIDDLE
32,57,73,87,113,MIDDLE
32,57,73,90,113,MIDDLE
32,57,73,90,117,MIDDLE
32,57,73,91,113,MIDDLE
32,57,73,97,113,MIDDLE
32,57,74,90,114,MIDDLE
32,57,74,94,108,MIDDLE
32,57,74,94,116,MIDDLE
32,57,74,94,117,MIDDLE
32,57,74,97,107,MIDDLE
32,57,75,87,117,MIDDLE
32,57,75,97,103,MIDDLE
32,57,76,84,117,MIDDLE
32,57,76,87,101,MIDDLE
32,57,76,87,112,MIDDLE
32,57,76,87,113,MIDDLE
32,57,76,97,110,MIDDLE
32,57,76,100,112,MIDDLE
32,57,76,100,113,MIDDLE
32,57,77,84,107,MIDDLE
32,57,77,84,117,MIDDLE
32,57,77,87,102,MIDDLE
32,57,77,89,113,MIDDLE
32,57,77,90,113,MIDDLE
32,57,77,90,114,MIDDLE
32,57,77,90,116,MIDDLE
32,57,77,92,110,MIDDLE
32,57,77,94,101,MIDDLE
32,57,77,96,101,MIDDLE
32,57,77,96,112,MIDDLE
32,57,77,97,101,MIDDLE
32,57,77,97,103,MIDDLE
32,57,77,97,113,MIDDLE
32,57,77,97,114,MIDDLE
32,57,77,97,116,MIDDLE
32,57,77,99,115,MIDDLE
32,57,77,99,117,MIDDLE
32,57,77,100,108,MIDDLE
32,57,78,92,107,MIDDLE
32,57,79,92,116,MIDDLE
32,57,80,93,110,MIDDLE
32,57,80,100,113,MIDDLE
32,58,61,84,117,MIDDLE
32,58,61,99,107,MIDDLE
32,58,72,87,113,MIDDLE
32,58,73,81,113,MIDDLE
32,58,73,89,103,MIDDLE
32,58,73,89,113,MIDDLE
32,58,73,92,112,MIDDLE
32,58,73,97,107,MIDDLE
32,58,76,97,112,MIDDLE
32,58,77,81,105,MIDDLE
32,58,77,89,117,MIDDLE
32,58,77,94,113,MIDDLE
32,58,77,97,117,MIDDLE
32,58,80,97,109,MIDDLE
32,59,67,81,117,MIDDLE
32,59,72,88,116,MIDDLE
32,59,77,81,116,MIDDLE
32,59,77,91,112,MIDDLE
32,60,61,91,117,MIDDLE
32,60,66,81,108,MIDDLE
32,60,67,97,107,MIDDLE
32,60,67,97,108,MIDDLE
32,60,69,97,112,MIDDLE
32,60,73,83,113,MIDDLE
32,60,73,87,101,MIDDLE
32,60,73,87,113,MIDDLE
32,60,75,97,104,MIDDLE
32,60,76,90,107,MIDDLE
32,60,76,94,102,MIDDLE
32,60,77,87,117,MIDDLE
32,60,77,94,116,MIDDLE
32,60,77,97,112,MIDDLE
32,60,77,97,117,MIDDLE
32,60,80,96,116,MIDDLE
33,41,61,84,107,MIDDLE
33,41,65,97,114,MIDDLE
33,41,67,92,112,MIDDLE
33,41,67,94,107,MIDDLE
33,41,71,94,107,MIDDLE
33,41,73,81,111,MIDDLE
33,41,73,81,112,MIDDLE
33,41,73,94,113,MIDDLE
33,41,73,97,112,MIDDLE
33,41,75,85,109,MIDDLE
33,41,76,89,114,MIDDLE
33,41,76,94,115,MIDDLE
33,41,76,97,113,MIDDLE
33,41,76,100,117,MIDDLE
33,41,77,95,107,MIDDLE
33,41,77,96,109,MIDDLE
33,41,77,96,120,MIDDLE
33,41,77,97,101,MIDDLE
33,41,77,97,115,MIDDLE
33,41,78,96,103,MIDDLE
33,41,78,97,118,MIDDLE
33,42,61,99,112,MIDDLE
33,42,63,97,114,MIDDLE
33,42,65,87,117,MIDDLE
33,42,70,89,118,MIDDLE
33,42,70,97,106,MIDDLE
33,42,71,81,112,MIDDLE
33,42,71,96,118,MIDDLE
33,42,71,97,117,MIDDLE
33,42,73,95,110,MIDDLE
33,42,75,88,117,MIDDLE
33,42,76,81,114,MIDDLE
33,42,76,84,113,MIDDLE
33,42,76,92,113,MIDDLE
33,42,77,92,105,MIDDLE
33,42,78,96,114,MIDDLE
33,43,61,84,117,MIDDLE
33,43,61,96,112,MIDDLE
33,43,61,97,101,MIDDLE
33,43,67,89,117,MIDDLE
33,43,67,91,108,MIDDLE
33,43,67,92,108,MIDDLE
33,43,72,91,112,MIDDLE
33,43,72,97,113,MIDDLE
33,43,73,97,111,MIDDLE
33,43,74,90,116,MIDDLE
33,43,74,92,117,MIDDLE
33,43,74,94,114,MIDDLE
33,43,74,97,101,MIDDLE
33,43,74,100,108,MIDDLE
33,43,75,92,110,MIDDLE
33,43,77,94,117,MIDDLE
33,43,77,96,112,MIDDLE
33,43,77,97,107,MIDDLE
33,43,77,97,117,MIDDLE
33,44,62,86,110,MIDDLE
33,44,65,97,112,MIDDLE
33,44,66,94,113,MIDDLE
33,44,70,97,116,MIDDLE
33,44,73,84,117,MIDDLE
33,44,73,95,116,MIDDLE
33,44,73,95,117,MIDDLE
33,44,73,97,113,MIDDLE
33,44,73,97,114,MIDDLE
33,44,73,100,114,MIDDLE
33,44,77,96,117,MIDDLE
33,45,61,94,112,MIDDLE
33,45,67,97,101,MIDDLE
33,45,67,97,104,MIDDLE
33,45,73,95,116,MIDDLE
33,45,76,89,110,MIDDLE
33,46,67,85,113,MIDDLE
33,46,68,95,113,MIDDLE
33,46,73,94,120,MIDDLE
33,46,74,94,118,MIDDLE
33,46,75,84,101,MIDDLE
33,46,77,100,102,MIDDLE
33,46,77,100,116,MIDDLE
33,46,78,98,107,MIDDLE
33,47,61,94,103,MIDDLE
33,47,63,94,117,MIDDLE
33,47,64,96,104,MIDDLE
33,47,67,81,117,MIDDLE
33,47,67,97,107,MIDDLE
33,47,68,96,114,MIDDLE
33,47,70,97,101,MIDDLE
33,47,72,84,107,MIDDLE
33,47,72,87,113,MIDDLE
33,47,72,96,113,MIDDLE
33,47,73,90,117,MIDDLE
33,47,73,97,114,MIDDLE
33,47,74,83,113,MIDDLE
33,47,74,88,116,MIDDLE
33,47,74,97,109,MIDDLE
33,47,74,97,115,MIDDLE
33,47,75,92,117,MIDDLE
33,47,76,88,116,MIDDLE
33,47,76,90,105,MIDDLE
33,47,76,90,111,MIDDLE
33,47,76,91,105,MIDDLE
33,47,76,94,107,MIDDLE
33,47,76,95,112,MIDDLE
33,47,77,81,113,MIDDLE
33,47,77,81,116,MIDDLE
33,47,77,87,107,MIDDLE
33,47,77,94,111,MIDDLE
33,47,77,95,117,MIDDLE
33,47,77,97,101,MIDDLE
33,47,77,97,108,MIDDLE
33,47,80,96,107,MIDDLE
33,47,80,97,114,MIDDLE
33,48,69,87,113,MIDDLE
33,48,69,97,104,MIDDLE
33,48,69,97,110,MIDDLE
33,48,74,96,112,MIDDLE
33,48,76,83,108,MIDDLE
33,48,76,87,101,MIDDLE
33,48,77,96,108,MIDDLE
33,48,77,97,114,MIDDLE
33,49,64,92,105,MIDDLE
33,49,67,81,113,MIDDLE
33,49,67,83,117,MIDDLE
33,49,67,87,120,MIDDLE
33,49,67,97,112,MIDDLE
33,49,67,99,113,MIDDLE
33,49,69,96,111,MIDDLE
33,49,70,93,117,MIDDLE
33,49,73,97,102,MIDDLE
33,49,73,97,107,MIDDLE
33,49,74,81,117,MIDDLE
33,49,74,87,113,MIDDLE
33,49,74,94,117,MIDDLE
33,49,76,83,110,MIDDLE
33,49,76,90,117,MIDDLE
33,49,76,94,114,MIDDLE
33,49,77,81,117,MIDDLE
33,49,77,92,103,MIDDLE
33,49,77,95,116,MIDDLE
33,49,77,96,110,MIDDLE
33,49,77,96,117,MIDDLE
33,49,77,97,108,MIDDLE
33,49,77,97,114,MIDDLE
33,49,77,100,117,MIDDLE
33,49,78,97,103,MIDDLE
33,49,78,97,104,MIDDLE
33,49,80,97,114,MIDDLE
33,50,61,81,112,MIDDLE
33,50,61,96,103,MIDDLE
33,50,61,97,117,MIDDLE
33,50,67,97,112,MIDDLE
33,50,73,95,104,MIDDLE
33,50,73,97,101,MIDDLE
33,50,73,97,103,MIDDLE
33,50,74,94,116,MIDDLE
33,50,75,91,116,MIDDLE
33,50,75,94,112,MIDDLE
33,50,75,98,113,MIDDLE
33,50,75,100,113,MIDDLE
33,50,76,90,116,MIDDLE
33,50,77,81,114,MIDDLE
33,50,77,96,101,MIDDLE
33,50,77,96,113,MIDDLE
33,50,78,94,116,MIDDLE
33,51,61,87,113,MIDDLE
33,51,62,87,101,MIDDLE
33,51,67,90,117,MIDDLE
33,51,67,96,110,MIDDLE
33,51,67,97,109,MIDDLE
33,51,67,97,115,MIDDLE
33,51,69,97,113,MIDDLE
33,51,72,97,115,MIDDLE
33,51,73,90,117,MIDDLE
33,51,73,97,113,MIDDLE
33,51,73,100,117,MIDDLE
33,51,74,81,113,MIDDLE
33,51,76,91,117,MIDDLE
33,51,77,87,116,MIDDLE
33,51,77,87,117,MIDDLE
33,51,77,89,117,MIDDLE
33,51,77,92,116,MIDDLE
33,51,77,96,112,MIDDLE
33,51,77,97,101,MIDDLE
33,51,77,97,113,MIDDLE
33,51,77,97,116,MIDDLE
33,52,61,93,110,MIDDLE
33,52,62,96,113,MIDDLE
33,52,63,90,118,MIDDLE
33,52,63,95,112,MIDDLE
33,52,64,96,107,MIDDLE
33,52,64,96,116,MIDDLE
33,52,64,97,101,MIDDLE
33,52,64,97,102,MIDDLE
33,52,67,97,109,MIDDLE
33,52,70,92,117,MIDDLE
33,52,71,87,117,MIDDLE
33,52,72,92,120,MIDDLE
33,52,72,97,110,MIDDLE
33,52,73,86,113,MIDDLE
33,52,73,87,101,MIDDLE
33,52,73,89,113,MIDDLE
33,52,73,97,110,MIDDLE
33,52,74,96,112,MIDDLE
33,52,75,97,110,MIDDLE
33,52,75,97,112,MIDDLE
33,52,77,83,113,MIDDLE
33,52,77,87,116,MIDDLE
33,52,77,94,114,MIDDLE
33,52,77,95,101,MIDDLE
33,52,77,97,110,MIDDLE
33,52,78,97,118,MIDDLE
33,52,80,97,114,MIDDLE
33,52,80,97,117,MIDDLE
33,53,64,81,114,MIDDLE
33,53,66,97,112,MIDDLE
33,53,67,83,113,MIDDLE
33,53,67,95,117,MIDDLE
33,53,70,97,109,MIDDLE
33,53,71,92,112,MIDDLE
33,53,73,97,103,MIDDLE
33,53,77,96,113,MIDDLE
33,53,78,95,117,MIDDLE
33,53,80,89,113,MIDDLE
33,53,80,97,114,MIDDLE
33,54,61,94,111,MIDDLE
33,54,61,97,101,MIDDLE
33,54,62,94,104,MIDDLE
33,54,66,94,112,MIDDLE
33,54,67,81,113,MIDDLE
33,54,67,90,116,MIDDLE
33,54,67,90,117,MIDDLE
33,54,67,94,113,MIDDLE
33,54,67,96,112,MIDDLE
33,54,67,97,104,MIDDLE
33,54,68,97,109,MIDDLE
33,54,70,92,117,MIDDLE
33,54,72,91,112,MIDDLE
33,54,72,97,112,MIDDLE
33,54,72,98,116,MIDDLE
33,54,73,97,104,MIDDLE
33,54,73,97,112,MIDDLE
33,54,74,87,114,MIDDLE
33,54,74,97,101,MIDDLE
33,54,75,97,104,MIDDLE
33,54,76,83,110,MIDDLE
33,54,76,96,115,MIDDLE
33,54,77,96,101,MIDDLE
33,54,77,96,117,MIDDLE
33,54,78,92,117,MIDDLE
33,55,63,97,101,MIDDLE
33,55,65,97,101,MIDDLE
33,55,66,94,113,MIDDLE
33,55,67,97,101,MIDDLE
33,55,68,97,101,MIDDLE
33,55,68,97,103,MIDDLE
33,55,69,97,112,MIDDLE
33,55,70,91,116,MIDDLE
33,55,71,94,117,MIDDLE
33,55,72,97,104,MIDDLE
33,55,73,84,117,MIDDLE
33,55,73,97,101,MIDDLE
33,55,73,97,109,MIDDLE
33,55,74,97,103,MIDDLE
33,55,74,97,115,MIDDLE
33,55,75,97,111,MIDDLE
33,55,76,97,115,MIDDLE
33,55,76,99,111,MIDDLE
33,55,77,81,113,MIDDLE
33,55,77,87,116,MIDDLE
33,55,77,92,113,MIDDLE
33,55,77,94,102,MIDDLE
33,55,77,96,116,MIDDLE
33,55,77,96,117,MIDDLE
33,55,77,96,120,MIDDLE
33,55,77,97,101,MIDDLE
33,55,77,97,117,MIDDLE
33,55,80,92,112,MIDDLE
33,56,61,91,114,MIDDLE
33,56,61,94,107,MIDDLE
33,56,61,100,117,MIDDLE
33,56,62,92,113,MIDDLE
33,56,62,95,113,MIDDLE
33,56,63,96,112,MIDDLE
33,56,67,92,112,MIDDLE
33,56,67,92,113,MIDDLE
33,56,67,96,101,MIDDLE
33,56,67,96,113,MIDDLE
33,56,68,96,113,MIDDLE
33,56,68,97,115,MIDDLE
33,56,68,97,116,MIDDLE
33,56,69,81,113,MIDDLE
33,56,69,96,112,MIDDLE
33,56,69,97,120,MIDDLE
33,56,70,92,108,MIDDLE
33,56,71,94,116,MIDDLE
33,56,72,91,103,MIDDLE
33,56,72,97,113,MIDDLE
33,56,72,99,113,MIDDLE
33,56,73,85,101,MIDDLE
33,56,73,95,113,MIDDLE
33,56,73,97,115,MIDDLE
33,56,74,94,110,MIDDLE
33,56,74,96,117,MIDDLE
33,56,75,88,114,MIDDLE
33,56,75,96,110,MIDDLE
33,56,75,98,116,MIDDLE
33,56,76,90,110,MIDDLE
33,56,76,91,115,MIDDLE
33,56,76,94,108,MIDDLE
33,56,76,95,117,MIDDLE
33,56,76,97,108,MIDDLE
33,56,76,97,112,MIDDLE
33,56,77,81,107,MIDDLE
33,56,77,84,107,MIDDLE
33,56,77,84,113,MIDDLE
33,56,77,97,107,MIDDLE
33,56,77,97,117,MIDDLE
33,56,77,97,118,MIDDLE
33,56,77,97,119,MIDDLE
33,56,78,81,117,MIDDLE
33,56,78,97,101,MIDDLE
33,56,80,95,113,MIDDLE
33,56,80,96,111,MIDDLE
33,56,80,96,117,MIDDLE
33,57,61,81,113,MIDDLE
33,57,61,89,112,MIDDLE
33,57,61,89,113,MIDDLE
33,57,61,89,118,MIDDLE
33,57,61,94,116,MIDDLE
33,57,61,97,110,MIDDLE
33,57,61,97,113,MIDDLE
33,57,62,89,113,MIDDLE
33,57,62,90,101,MIDDLE
33,57,62,94,116,MIDDLE
33,57,63,87,107,MIDDLE
33,57,63,97,111,MIDDLE
33,57,67,92,114,MIDDLE
33,57,67,94,116,MIDDLE
33,57,67,95,107,MIDDLE
33,57,67,95,116,MIDDLE
33,57,67,95,117,MIDDLE
33,57,67,96,112,MIDDLE
33,57,67,96,114,MIDDLE
33,57,67,97,101,MIDDLE
33,57,67,97,119,MIDDLE
33,57,67,100,117,MIDDLE
33,57,68,97,113,MIDDLE
33,57,69,94,107,MIDDLE
33,57,69,98,114,MIDDLE
33,57,70,92,116,MIDDLE
33,57,70,97,118,MIDDLE
33,57,71,96,107,MIDDLE
33,57,71,97,107,MIDDLE
33,57,71,97,108,MIDDLE
33,57,72,84,101,MIDDLE
33,57,72,87,113,MIDDLE
33,57,72,91,107,MIDDLE
33,57,72,97,107,MIDDLE
33,57,73,81,103,MIDDLE
33,57,73,90,117,MIDDLE
33,57,73,92,112,MIDDLE
33,57,73,92,120,MIDDLE
33,57,73,97,110,MIDDLE
33,57,73,100,117,MIDDLE
33,57,74,92,110,MIDDLE
33,57,74,94,116,MIDDLE
33,57,74,95,118,MIDDLE
33,57,74,96,101,MIDDLE
33,57,75,82,113,MIDDLE
33,57,75,92,110,MIDDLE
33,57,76,81,112,MIDDLE
33,57,76,90,102,MIDDLE
33,57,76,99,114,MIDDLE
33,57,77,86,120,MIDDLE
33,57,77,92,112,MIDDLE
33,57,77,92,117,MIDDLE
33,57,77,95,113,MIDDLE
33,57,77,96,109,MIDDLE
33,57,77,97,113,MIDDLE
33,57,77,97,119,MIDDLE
33,57,78,90,116,MIDDLE
33,57,78,94,101,MIDDLE
33,57,78,97,107,MIDDLE
33,57,80,87,117,MIDDLE
33,57,80,96,117,MIDDLE
33,57,80,97,117,MIDDLE
33,58,66,88,117,MIDDLE
33,58,66,90,117,MIDDLE
33,58,67,81,113,MIDDLE
33,58,67,92,117,MIDDLE
33,58,70,86,103,MIDDLE
33,58,72,97,120,MIDDLE
33,58,76,92,105,MIDDLE
33,58,80,97,113,MIDDLE
33,59,73,96,113,MIDDLE
33,59,76,96,112,MIDDLE
33,59,77,83,116,MIDDLE
33,60,62,92,112,MIDDLE
33,60,63,93,115,MIDDLE
33,60,67,87,119,MIDDLE
33,60,67,97,101,MIDDLE
33,60,70,92,116,MIDDLE
33,60,71,93,112,MIDDLE
33,60,72,94,116,MIDDLE
33,60,73,94,107,MIDDLE
33,60,73,96,110,MIDDLE
33,60,75,81,112,MIDDLE
33,60,77,86,107,MIDDLE
33,60,77,87,113,MIDDLE
33,60,77,92,117,MIDDLE
33,60,80,92,101,MIDDLE
33,60,80,97,117,MIDDLE
34,41,61,83,117,MIDDLE
34,41,61,87,113,MIDDLE
34,41,62,90,117,MIDDLE
34,41,64,89,113,MIDDLE
34,41,64,96,117,MIDDLE
34,41,66,90,110,MIDDLE
34,41,67,97,113,MIDDLE
34,41,69,93,117,MIDDLE
34,41,70,83,107,MIDDLE
34,41,70,87,117,MIDDLE
34,41,70,92,112,MIDDLE
34,41,70,92,117,MIDDLE
34,41,70,96,101,MIDDLE
34,41,71,94,117,MIDDLE
34,41,72,98,117,MIDDLE
34,41,73,81,107,MIDDLE
34,41,73,91,113,MIDDLE
34,41,73,94,108,MIDDLE
34,41,73,97,107,MIDDLE
34,41,74,97,101,MIDDLE
34,41,75,90,102,MIDDLE
34,41,76,87,113,MIDDLE
34,41,76,87,117,MIDDLE
34,41,76,97,111,MIDDLE
34,41,76,100,107,MIDDLE
34,41,77,91,117,MIDDLE
34,41,77,92,110,MIDDLE
34,41,78,89,117,MIDDLE
34,42,61,84,117,MIDDLE
34,42,72,88,117,MIDDLE
34,42,74,97,114,MIDDLE
34,42,76,89,104,MIDDLE
34,42,78,97,115,MIDDLE
34,43,61,92,112,MIDDLE
34,43,63,90,111,MIDDLE
34,43,72,91,114,MIDDLE
34,43,72,96,113,MIDDLE
34,43,76,87,101,MIDDLE
34,43,76,94,117,MIDDLE
34,43,77,87,113,MIDDLE
34,43,77,94,112,MIDDLE
34,43,78,97,112,MIDDLE
34,43,78,97,114,MIDDLE
34,43,80,92,117,MIDDLE
34,44,63,89,113,MIDDLE
34,44,66,90,117,MIDDLE
34,44,70,97,107,MIDDLE
34,44,72,94,113,MIDDLE
34,44,72,97,112,MIDDLE
34,44,76,81,104,MIDDLE
34,45,62,81,117,MIDDLE
34,45,67,96,101,MIDDLE
34,45,75,96,117,MIDDLE
34,45,77,92,108,MIDDLE
34,45,77,94,116,MIDDLE
34,45,78,81,117,MIDDLE
34,46,64,96,102,MIDDLE
34,46,65,97,101,MIDDLE
34,46,72,100,103,MIDDLE
34,46,73,84,103,MIDDLE
34,46,76,89,117,MIDDLE
34,46,77,96,117,MIDDLE
34,46,77,97,117,MIDDLE
34,47,61,81,113,MIDDLE
34,47,61,90,117,MIDDLE
34,47,61,97,116,MIDDLE
34,47,63,81,112,MIDDLE
34,47,63,87,107,MIDDLE
34,47,63,96,107,MIDDLE
34,47,63,97,103,MIDDLE
34,47,67,81,107,MIDDLE
34,47,67,96,112,MIDDLE
34,47,67,96,115,MIDDLE
34,47,67,97,111,MIDDLE
34,47,68,81,116,MIDDLE
34,47,71,97,114,MIDDLE
34,47,72,90,113,MIDDLE
34,47,73,83,112,MIDDLE
34,47,74,97,107,MIDDLE
34,47,76,92,110,MIDDLE
34,47,76,97,113,MIDDLE
34,47,77,97,109,MIDDLE
34,47,77,97,113,MIDDLE
34,47,78,97,107,MIDDLE
34,48,62,94,116,MIDDLE
34,48,67,94,117,MIDDLE
34,48,69,97,117,MIDDLE
34,48,72,97,112,MIDDLE
34,48,73,87,113,MIDDLE
34,48,74,96,112,MIDDLE
34,48,74,96,117,MIDDLE
34,48,76,87,114,MIDDLE
34,48,76,90,116,MIDDLE
34,48,76,94,117,MIDDLE
34,48,77,87,106,MIDDLE
34,48,77,97,115,MIDDLE
34,49,62,92,112,MIDDLE
34,49,68,83,117,MIDDLE
34,49,72,95,116,MIDDLE
34,49,73,81,117,MIDDLE
34,49,73,87,113,MIDDLE
34,49,73,90,120,MIDDLE
34,49,74,87,117,MIDDLE
34,49,74,97,113,MIDDLE
34,49,76,97,110,MIDDLE
34,49,77,81,113,MIDDLE
34,49,77,86,107,MIDDLE
34,49,77,89,113,MIDDLE
34,49,77,93,112,MIDDLE
34,50,61,97,104,MIDDLE
34,50,62,81,114,MIDDLE
34,50,66,90,114,MIDDLE
34,50,67,93,102,MIDDLE
34,50,67,100,117,MIDDLE
34,50,70,97,114,MIDDLE
34,50,73,89,113,MIDDLE
34,50,73,92,113,MIDDLE
34,50,73,97,102,MIDDLE
34,50,73,97,104,MIDDLE
34,50,73,97,112,MIDDLE
34,50,74,91,117,MIDDLE
34,50,74,96,112,MIDDLE
34,50,74,98,117,MIDDLE
34,50,76,94,114,MIDDLE
34,50,76,97,118,MIDDLE
34,50,77,95,107,MIDDLE
34,50,77,95,113,MIDDLE
34,50,77,96,101,MIDDLE
34,50,77,97,116,MIDDLE
34,51,61,87,117,MIDDLE
34,51,63,96,104,MIDDLE
34,51,67,94,113,MIDDLE
34,51,67,95,113,MIDDLE
34,51,67,97,114,MIDDLE
34,51,74,87,113,MIDDLE
34,51,75,97,117,MIDDLE
34,51,77,81,107,MIDDLE
34,51,77,93,113,MIDDLE
34,52,61,97,110,MIDDLE
34,52,61,97,113,MIDDLE
34,52,63,91,117,MIDDLE
34,52,67,95,118,MIDDLE
34,52,68,97,114,MIDDLE
34,52,70,89,117,MIDDLE
34,52,70,97,101,MIDDLE
34,52,71,94,116,MIDDLE
34,52,72,97,113,MIDDLE
34,52,72,98,117,MIDDLE
34,52,73,87,113,MIDDLE
34,52,73,91,112,MIDDLE
34,52,73,94,101,MIDDLE
34,52,73,97,112,MIDDLE
34,52,73,100,111,MIDDLE
34,52,73,100,113,MIDDLE
34,52,74,97,110,MIDDLE
34,52,74,97,112,MIDDLE
34,52,76,87,115,MIDDLE
34,52,76,98,108,MIDDLE
34,52,77,83,101,MIDDLE
34,52,77,87,117,MIDDLE
34,52,77,89,113,MIDDLE
34,52,77,89,117,MIDDLE
34,52,77,90,117,MIDDLE
34,52,77,92,113,MIDDLE
34,52,77,94,114,MIDDLE
34,52,77,97,112,MIDDLE
34,52,77,97,114,MIDDLE
34,52,79,97,107,MIDDLE
34,52,80,92,117,MIDDLE
34,53,61,87,116,MIDDLE
34,53,61,88,116,MIDDLE
34,53,61,98,116,MIDDLE
34,53,63,97,107,MIDDLE
34,53,64,92,101,MIDDLE
34,53,65,90,117,MIDDLE
34,53,66,96,104,MIDDLE
34,53,67,97,102,MIDDLE
34,53,67,97,109,MIDDLE
34,53,68,88,117,MIDDLE
34,53,69,97,110,MIDDLE
34,53,70,97,107,MIDDLE
34,53,73,94,110,MIDDLE
34,53,73,97,111,MIDDLE
34,53,73,97,113,MIDDLE
34,53,74,84,101,MIDDLE
34,53,74,94,113,MIDDLE
34,53,74,95,104,MIDDLE
34,53,75,96,102,MIDDLE
34,53,76,88,117,MIDDLE
34,53,77,87,112,MIDDLE
34,53,77,90,101,MIDDLE
34,53,77,91,113,MIDDLE
34,53,77,97,113,MIDDLE
34,53,78,89,108,MIDDLE
34,53,80,89,116,MIDDLE
34,54,61,90,104,MIDDLE
34,54,61,90,107,MIDDLE
34,54,62,81,112,MIDDLE
34,54,67,87,107,MIDDLE
34,54,67,87,113,MIDDLE
34,54,67,87,117,MIDDLE
34,54,67,93,105,MIDDLE
34,54,68,87,117,MIDDLE
34,54,71,97,117,MIDDLE
34,54,72,81,111,MIDDLE
34,54,73,94,103,MIDDLE
34,54,73,94,110,MIDDLE
34,54,73,94,114,MIDDLE
34,54,73,100,118,MIDDLE
34,54,76,87,113,MIDDLE
34,54,76,94,115,MIDDLE
34,54,77,81,117,MIDDLE
34,54,77,92,117,MIDDLE
34,54,77,94,117,MIDDLE
34,54,77,96,113,MIDDLE
34,54,77,96,117,MIDDLE
34,54,77,97,117,MIDDLE
34,54,78,97,101,MIDDLE
34,55,61,92,114,MIDDLE
34,55,62,97,117,MIDDLE
34,55,67,97,108,MIDDLE
34,55,67,97,117,MIDDLE
34,55,69,86,114,MIDDLE
34,55,69,97,113,MIDDLE
34,55,72,96,104,MIDDLE
34,55,73,94,112,MIDDLE
34,55,73,97,110,MIDDLE
34,55,73,97,112,MIDDLE
34,55,74,87,103,MIDDLE
34,55,74,97,101,MIDDLE
34,55,76,94,104,MIDDLE
34,55,77,87,116,MIDDLE
34,55,77,87,117,MIDDLE
34,55,77,89,105,MIDDLE
34,55,77,91,113,MIDDLE
34,55,77,92,101,MIDDLE
34,55,77,92,107,MIDDLE
34,55,77,94,107,MIDDLE
34,55,77,96,113,MIDDLE
34,55,77,100,103,MIDDLE
34,55,78,97,117,MIDDLE
34,56,61,87,113,MIDDLE
34,56,61,97,107,MIDDLE
34,56,61,100,117,MIDDLE
34,56,64,92,113,MIDDLE
34,56,64,96,116,MIDDLE
34,56,67,84,119,MIDDLE
34,56,67,100,117,MIDDLE
34,56,70,83,101,MIDDLE
34,56,70,89,117,MIDDLE
34,56,70,92,116,MIDDLE
34,56,70,93,111,MIDDLE
34,56,72,84,101,MIDDLE
34,56,72,87,113,MIDDLE
34,56,72,90,114,MIDDLE
34,56,72,91,113,MIDDLE
34,56,72,94,112,MIDDLE
34,56,72,97,114,MIDDLE
34,56,72,98,107,MIDDLE
34,56,73,87,105,MIDDLE
34,56,73,90,112,MIDDLE
34,56,73,92,110,MIDDLE
34,56,75,89,117,MIDDLE
34,56,75,97,115,MIDDLE
34,56,76,94,107,MIDDLE
34,56,76,94,112,MIDDLE
34,56,76,94,114,MIDDLE
34,56,76,95,116,MIDDLE
34,56,77,87,117,MIDDLE
34,56,77,94,101,MIDDLE
34,56,77,96,117,MIDDLE
34,56,77,97,111,MIDDLE
34,56,78,92,114,MIDDLE
34,56,78,97,108,MIDDLE
34,56,80,93,110,MIDDLE
34,56,80,94,117,MIDDLE
34,57,61,87,116,MIDDLE
34,57,61,95,116,MIDDLE
34,57,62,97,101,MIDDLE
34,57,63,87,101,MIDDLE
34,57,64,81,117,MIDDLE
34,57,65,96,114,MIDDLE
34,57,67,81,101,MIDDLE
34,57,67,81,118,MIDDLE
34,57,67,90,116,MIDDLE
34,57,67,92,114,MIDDLE
34,57,67,96,112,MIDDLE
34,57,67,96,118,MIDDLE
34,57,67,97,115,MIDDLE
34,57,67,97,116,MIDDLE
34,57,67,97,117,MIDDLE
34,57,68,81,117,MIDDLE
34,57,68,97,107,MIDDLE
34,57,69,94,113,MIDDLE
34,57,69,100,113,MIDDLE
34,57,70,83,116,MIDDLE
34,57,70,89,117,MIDDLE
34,57,70,92,117,MIDDLE
34,57,70,96,117,MIDDLE
34,57,71,81,114,MIDDLE
34,57,71,81,117,MIDDLE
34,57,71,97,114,MIDDLE
34,57,72,83,117,MIDDLE
34,57,72,88,117,MIDDLE
34,57,72,96,110,MIDDLE
34,57,72,100,101,MIDDLE
34,57,73,94,113,MIDDLE
34,57,73,100,109,MIDDLE
34,57,74,92,114,MIDDLE
34,57,74,96,113,MIDDLE
34,57,74,97,117,MIDDLE
34,57,75,89,107,MIDDLE
34,57,75,97,102,MIDDLE
34,57,75,97,108,MIDDLE
34,57,75,97,113,MIDDLE
34,57,75,100,107,MIDDLE
34,57,76,83,105,MIDDLE
34,57,76,87,117,MIDDLE
34,57,76,90,113,MIDDLE
34,57,76,96,112,MIDDLE
34,57,76,97,110,MIDDLE
34,57,76,97,113,MIDDLE
34,57,77,81,107,MIDDLE
34,57,77,89,110,MIDDLE
34,57,77,90,112,MIDDLE
34,57,77,92,116,MIDDLE
34,57,77,92,117,MIDDLE
34,57,77,96,107,MIDDLE
34,57,77,96,108,MIDDLE
34,57,77,97,105,MIDDLE
34,57,77,97,107,MIDDLE
34,57,77,97,109,MIDDLE
34,57,78,94,117,MIDDLE
34,57,80,87,117,MIDDLE
34,57,80,89,117,MIDDLE
34,57,80,92,116,MIDDLE
34,57,80,92,118,MIDDLE
34,57,80,96,116,MIDDLE
34,57,80,97,117,MIDDLE
34,58,62,96,112,MIDDLE
34,58,67,91,117,MIDDLE
34,58,73,94,118,MIDDLE
34,58,73,97,112,MIDDLE
34,58,74,94,101,MIDDLE
34,58,74,94,117,MIDDLE
34,58,76,97,101,MIDDLE
34,58,77,95,117,MIDDLE
34,59,69,97,111,MIDDLE
34,60,61,97,107,MIDDLE
34,60,62,96,117,MIDDLE
34,60,70,95,118,MIDDLE
34,60,73,83,103,MIDDLE
34,60,73,87,103,MIDDLE
34,60,73,92,110,MIDDLE
34,60,73,97,112,MIDDLE
34,60,74,87,107,MIDDLE
34,60,76,81,118,MIDDLE
34,60,77,94,114,MIDDLE
35,41,62,97,117,MIDDLE
35,41,64,87,117,MIDDLE
35,41,67,90,107,MIDDLE
35,41,70,84,117,MIDDLE
35,41,70,97,116,MIDDLE
35,41,73,81,113,MIDDLE
35,41,73,90,101,MIDDLE
35,41,73,90,112,MIDDLE
35,41,73,97,109,MIDDLE
35,41,73,97,110,MIDDLE
35,41,74,96,110,MIDDLE
35,41,74,97,107,MIDDLE
35,41,76,94,110,MIDDLE
35,41,76,97,112,MIDDLE
35,41,76,99,118,MIDDLE
35,41,77,89,112,MIDDLE
35,41,77,92,112,MIDDLE
35,41,77,97,109,MIDDLE
35,41,77,100,117,MIDDLE
35,41,80,91,117,MIDDLE
35,42,65,97,101,MIDDLE
35,42,72,88,117,MIDDLE
35,42,77,90,116,MIDDLE
35,43,71,97,117,MIDDLE
35,43,77,100,114,MIDDLE
35,44,73,83,113,MIDDLE
35,44,73,84,117,MIDDLE
35,44,73,90,101,MIDDLE
35,44,74,94,114,MIDDLE
35,44,77,81,107,MIDDLE
35,44,77,81,108,MIDDLE
35,45,63,96,113,MIDDLE
35,45,67,95,113,MIDDLE
35,45,74,97,110,MIDDLE
35,46,73,88,116,MIDDLE
35,46,74,97,101,MIDDLE
35,46,74,97,113,MIDDLE
35,46,77,84,108,MIDDLE
35,47,61,97,110,MIDDLE
35,47,69,94,108,MIDDLE
35,47,73,87,113,MIDDLE
35,47,73,98,116,MIDDLE
35,47,76,95,117,MIDDLE
35,47,77,83,116,MIDDLE
35,47,77,87,117,MIDDLE
35,47,77,97,109,MIDDLE
35,47,77,97,111,MIDDLE
35,47,78,97,101,MIDDLE
35,47,78,97,117,MIDDLE
35,47,80,97,101,MIDDLE
35,48,67,100,116,MIDDLE
35,48,74,84,117,MIDDLE
35,48,74,97,101,MIDDLE
35,48,74,97,104,MIDDLE
35,48,75,94,117,MIDDLE
35,48,76,100,117,MIDDLE
35,49,69,97,102,MIDDLE
35,49,70,92,117,MIDDLE
35,49,73,93,118,MIDDLE
35,49,77,89,107,MIDDLE
35,49,77,97,114,MIDDLE
35,50,61,87,117,MIDDLE
35,50,67,97,111,MIDDLE
35,50,68,81,117,MIDDLE
35,50,69,84,116,MIDDLE
35,50,72,97,112,MIDDLE
35,50,77,83,117,MIDDLE
35,51,65,92,118,MIDDLE
35,51,66,83,116,MIDDLE
35,51,67,90,113,MIDDLE
35,51,67,96,113,MIDDLE
35,51,68,94,117,MIDDLE
35,51,72,91,113,MIDDLE
35,51,76,97,110,MIDDLE
35,51,77,87,117,MIDDLE
35,51,77,96,103,MIDDLE
35,51,77,97,117,MIDDLE
35,51,80,81,117,MIDDLE
35,52,61,81,114,MIDDLE
35,52,61,93,113,MIDDLE
35,52,61,97,112,MIDDLE
35,52,63,81,111,MIDDLE
35,52,63,91,114,MIDDLE
35,52,67,97,103,MIDDLE
35,52,70,81,114,MIDDLE
35,52,70,96,108,MIDDLE
35,52,70,97,117,MIDDLE
35,52,71,94,101,MIDDLE
35,52,72,85,112,MIDDLE
35,52,73,94,113,MIDDLE
35,52,73,95,113,MIDDLE
35,52,74,92,105,MIDDLE
35,52,74,97,107,MIDDLE
35,52,76,89,113,MIDDLE
35,52,76,91,111,MIDDLE
35,52,76,94,110,MIDDLE
35,52,77,81,114,MIDDLE
35,52,77,81,116,MIDDLE
35,52,77,90,116,MIDDLE
35,52,77,97,112,MIDDLE
35,52,77,97,113,MIDDLE
35,52,78,86,118,MIDDLE
35,52,78,96,107,MIDDLE
35,52,80,87,116,MIDDLE
35,52,80,97,112,MIDDLE
35,53,61,88,101,MIDDLE
35,53,67,97,105,MIDDLE
35,53,71,96,112,MIDDLE
35,53,71,96,113,MIDDLE
35,53,73,90,113,MIDDLE
35,53,73,97,107,MIDDLE
35,53,74,89,107,MIDDLE
35,53,75,97,115,MIDDLE
35,53,76,85,107,MIDDLE
35,53,76,87,112,MIDDLE
35,53,77,90,112,MIDDLE
35,53,77,91,103,MIDDLE
35,53,77,91,114,MIDDLE
35,53,77,97,107,MIDDLE
35,53,77,100,101,MIDDLE
35,53,80,97,103,MIDDLE
35,54,63,97,112,MIDDLE
35,54,73,92,111,MIDDLE
35,54,74,88,119,MIDDLE
35,54,74,94,114,MIDDLE
35,54,77,93,115,MIDDLE
35,54,77,94,116,MIDDLE
35,55,73,94,113,MIDDLE
35,55,76,97,113,MIDDLE
35,55,77,97,114,MIDDLE
35,56,61,87,117,MIDDLE
35,56,61,90,114,MIDDLE
35,56,62,98,112,MIDDLE
35,56,63,87,112,MIDDLE
35,56,63,91,114,MIDDLE
35,56,63,95,112,MIDDLE
35,56,63,96,117,MIDDLE
35,56,64,95,107,MIDDLE
35,56,65,96,104,MIDDLE
35,56,67,85,104,MIDDLE
35,56,67,89,102,MIDDLE
35,56,68,97,117,MIDDLE
35,56,68,99,115,MIDDLE
35,56,69,97,107,MIDDLE
35,56,69,97,110,MIDDLE
35,56,70,92,112,MIDDLE
35,56,70,92,117,MIDDLE
35,56,70,94,116,MIDDLE
35,56,72,81,113,MIDDLE
35,56,72,94,110,MIDDLE
35,56,73,94,113,MIDDLE
35,56,74,81,112,MIDDLE
35,56,74,90,113,MIDDLE
35,56,74,90,116,MIDDLE
35,56,74,95,117,MIDDLE
35,56,75,97,113,MIDDLE
35,56,76,81,117,MIDDLE
35,56,76,100,114,MIDDLE
35,56,77,81,109,MIDDLE
35,56,77,86,113,MIDDLE
35,56,77,87,107,MIDDLE
35,56,77,92,112,MIDDLE
35,56,77,93,113,MIDDLE
35,56,77,95,117,MIDDLE
35,56,77,97,107,MIDDLE
35,56,77,99,117,MIDDLE
35,56,79,97,117,MIDDLE
35,56,80,96,117,MIDDLE
35,57,61,90,116,MIDDLE
35,57,61,94,113,MIDDLE
35,57,61,97,105,MIDDLE
35,57,62,90,101,MIDDLE
35,57,63,90,114,MIDDLE
35,57,65,92,112,MIDDLE
35,57,67,81,113,MIDDLE
35,57,67,90,113,MIDDLE
35,57,67,96,113,MIDDLE
35,57,67,97,110,MIDDLE
35,57,68,97,114,MIDDLE
35,57,69,90,117,MIDDLE
35,57,69,94,118,MIDDLE
35,57,70,87,117,MIDDLE
35,57,70,93,111,MIDDLE
35,57,70,96,116,MIDDLE
35,57,70,97,101,MIDDLE
35,57,71,93,110,MIDDLE
35,57,71,97,117,MIDDLE
35,57,72,87,112,MIDDLE
35,57,72,94,105,MIDDLE
35,57,72,98,101,MIDDLE
35,57,73,81,110,MIDDLE
35,57,73,88,113,MIDDLE
35,57,73,97,120,MIDDLE
35,57,74,87,112,MIDDLE
35,57,74,87,113,MIDDLE
35,57,74,89,117,MIDDLE
35,57,75,85,114,MIDDLE
35,57,75,85,116,MIDDLE
35,57,75,97,114,MIDDLE
35,57,76,81,114,MIDDLE
35,57,76,88,117,MIDDLE
35,57,76,91,120,MIDDLE
35,57,76,97,112,MIDDLE
35,57,76,100,113,MIDDLE
35,57,76,100,117,MIDDLE
35,57,77,81,101,MIDDLE
35,57,77,90,106,MIDDLE
35,57,77,92,103,MIDDLE
35,57,77,92,117,MIDDLE
35,57,77,94,116,MIDDLE
35,57,77,97,101,MIDDLE
35,57,77,97,108,MIDDLE
35,57,78,81,112,MIDDLE
35,57,78,92,112,MIDDLE
35,57,78,96,117,MIDDLE
35,57,80,92,113,MIDDLE
35,57,80,92,117,MIDDLE
35,58,69,92,112,MIDDLE
35,58,71,87,117,MIDDLE
35,58,74,94,107,MIDDLE
35,58,76,97,120,MIDDLE
35,58,77,93,107,MIDDLE
35,58,77,97,101,MIDDLE
35,59,63,92,117,MIDDLE
35,60,67,96,115,MIDDLE
35,60,69,97,111,MIDDLE
35,60,73,95,117,MIDDLE
35,60,76,97,107,MIDDLE
35,60,77,89,117,MIDDLE
35,60,77,97,116,MIDDLE
36,41,61,89,110,MIDDLE
36,41,61,94,112,MIDDLE
36,41,63,95,118,MIDDLE
36,41,64,94,117,MIDDLE
36,41,65,97,109,MIDDLE
36,41,66,97,103,MIDDLE
36,41,67,83,112,MIDDLE
36,41,67,96,112,MIDDLE
36,41,67,97,113,MIDDLE
36,41,67,97,115,MIDDLE
36,41,67,98,116,MIDDLE
36,41,67,99,113,MIDDLE
36,41,67,100,103,MIDDLE
36,41,68,97,107,MIDDLE
36,41,69,97,107,MIDDLE
36,41,72,87,114,MIDDLE
36,41,72,90,110,MIDDLE
36,41,72,100,114,MIDDLE
36,41,73,97,112,MIDDLE
36,41,74,87,112,MIDDLE
36,41,74,87,113,MIDDLE
36,41,74,98,113,MIDDLE
36,41,76,90,113,MIDDLE
36,41,77,96,114,MIDDLE
36,41,77,97,103,MIDDLE
36,41,77,100,101,MIDDLE
36,41,77,100,117,MIDDLE
36,41,78,87,117,MIDDLE
36,41,79,92,101,MIDDLE
36,41,79,96,117,MIDDLE
36,42,61,97,109,MIDDLE
36,42,67,93,116,MIDDLE
36,42,67,97,113,MIDDLE
36,42,68,81,117,MIDDLE
36,42,77,89,107,MIDDLE
36,42,80,96,116,MIDDLE
36,43,66,97,120,MIDDLE
36,43,67,97,117,MIDDLE
36,43,70,92,116,MIDDLE
36,43,72,88,117,MIDDLE
36,43,72,93,110,MIDDLE
36,43,73,97,107,MIDDLE
36,43,75,94,117,MIDDLE
36,43,76,81,110,MIDDLE
36,43,76,88,116,MIDDLE
36,43,76,89,112,MIDDLE
36,44,61,90,112,MIDDLE
36,44,63,92,103,MIDDLE
36,44,72,87,120,MIDDLE
36,44,73,84,116,MIDDLE
36,44,76,87,117,MIDDLE
36,44,80,92,112,MIDDLE
36,45,67,97,114,MIDDLE
36,45,73,97,113,MIDDLE
36,45,75,97,120,MIDDLE
36,45,76,97,113,MIDDLE
36,45,77,96,118,MIDDLE
36,45,77,97,109,MIDDLE
36,45,77,97,116,MIDDLE
36,46,72,95,112,MIDDLE
36,46,76,87,112,MIDDLE
36,46,76,97,102,MIDDLE
36,46,77,81,120,MIDDLE
36,46,80,81,113,MIDDLE
36,46,80,97,117,MIDDLE
36,47,70,97,116,MIDDLE
36,47,72,87,109,MIDDLE
36,47,74,97,105,MIDDLE
36,47,77,97,101,MIDDLE
36,48,61,94,113,MIDDLE
36,48,63,87,101,MIDDLE
36,48,63,94,107,MIDDLE
36,48,66,88,116,MIDDLE
36,48,67,92,117,MIDDLE
36,48,67,94,107,MIDDLE
36,48,71,92,112,MIDDLE
36,48,71,96,117,MIDDLE
36,48,73,95,101,MIDDLE
36,48,73,95,116,MIDDLE
36,48,73,97,120,MIDDLE
36,48,73,100,101,MIDDLE
36,48,74,83,117,MIDDLE
36,48,75,92,117,MIDDLE
36,48,76,94,107,MIDDLE
36,48,76,97,110,MIDDLE
36,48,76,97,120,MIDDLE
36,48,78,83,112,MIDDLE
36,49,61,83,120,MIDDLE
36,49,61,96,113,MIDDLE
36,49,61,97,110,MIDDLE
36,49,61,97,117,MIDDLE
36,49,61,100,114,MIDDLE
36,49,62,90,107,MIDDLE
36,49,62,97,117,MIDDLE
36,49,67,91,116,MIDDLE
36,49,67,94,102,MIDDLE
36,49,67,96,108,MIDDLE
36,49,67,96,113,MIDDLE
36,49,68,97,116,MIDDLE
36,49,71,94,116,MIDDLE
36,49,72,84,113,MIDDLE
36,49,72,92,108,MIDDLE
36,49,72,97,120,MIDDLE
36,49,74,90,113,MIDDLE
36,49,76,87,116,MIDDLE
36,49,76,97,112,MIDDLE
36,49,76,97,113,MIDDLE
36,49,76,97,117,MIDDLE
36,49,77,87,107,MIDDLE
36,49,77,87,112,MIDDLE
36,49,77,97,113,MIDDLE
36,49,77,97,116,MIDDLE
36,50,63,92,112,MIDDLE
36,50,64,90,106,MIDDLE
36,50,67,96,113,MIDDLE
36,50,67,97,114,MIDDLE
36,50,67,99,114,MIDDLE
36,50,68,96,113,MIDDLE
36,50,69,96,116,MIDDLE
36,50,71,96,108,MIDDLE
36,50,74,94,113,MIDDLE
36,50,74,94,114,MIDDLE
36,50,76,81,104,MIDDLE
36,50,76,92,103,MIDDLE
36,50,77,87,116,MIDDLE
36,50,77,90,114,MIDDLE
36,50,77,94,117,MIDDLE
36,50,77,97,113,MIDDLE
36,50,80,92,116,MIDDLE
36,51,62,97,110,MIDDLE
36,51,63,84,113,MIDDLE
36,51,67,87,116,MIDDLE
36,51,67,91,116,MIDDLE
36,51,72,94,101,MIDDLE
36,51,72,96,112,MIDDLE
36,51,73,85,117,MIDDLE
36,51,75,87,113,MIDDLE
36,51,76,87,101,MIDDLE
36,51,76,97,112,MIDDLE
36,51,76,100,115,MIDDLE
36,51,77,93,107,MIDDLE
36,51,77,93,111,MIDDLE
36,51,79,97,107,MIDDLE
36,52,61,91,101,MIDDLE
36,52,61,100,111,MIDDLE
36,52,62,89,112,MIDDLE
36,52,67,96,111,MIDDLE
36,52,67,100,116,MIDDLE
36,52,69,90,112,MIDDLE
36,52,70,83,113,MIDDLE
36,52,70,94,117,MIDDLE
36,52,72,87,113,MIDDLE
36,52,72,97,110,MIDDLE
36,52,73,94,110,MIDDLE
36,52,74,94,113,MIDDLE
36,52,74,97,103,MIDDLE
36,52,75,87,104,MIDDLE
36,52,76,90,112,MIDDLE
36,52,76,96,109,MIDDLE
36,52,76,96,113,MIDDLE
36,52,76,97,111,MIDDLE
36,52,77,96,113,MIDDLE
36,52,78,97,114,MIDDLE
36,52,80,87,117,MIDDLE
36,53,67,96,110,MIDDLE
36,53,70,97,117,MIDDLE
36,53,73,84,113,MIDDLE
36,53,73,97,113,MIDDLE
36,53,74,84,113,MIDDLE
36,53,74,90,101,MIDDLE
36,53,74,97,110,MIDDLE
36,53,76,87,114,MIDDLE
36,53,76,100,103,MIDDLE
36,53,77,83,117,MIDDLE
36,53,77,87,103,MIDDLE
36,53,77,89,114,MIDDLE
36,53,77,94,113,MIDDLE
36,53,77,95,111,MIDDLE
36,53,77,97,103,MIDDLE
36,53,78,97,107,MIDDLE
36,54,61,96,110,MIDDLE
36,54,62,90,116,MIDDLE
36,54,63,83,112,MIDDLE
36,54,73,81,113,MIDDLE
36,54,73,87,101,MIDDLE
36,54,73,94,117,MIDDLE
36,54,73,97,103,MIDDLE
36,54,74,97,108,MIDDLE
36,54,76,87,113,MIDDLE
36,54,76,92,113,MIDDLE
36,54,77,92,101,MIDDLE
36,54,77,93,115,MIDDLE
36,54,77,95,101,MIDDLE
36,54,77,96,108,MIDDLE
36,54,78,81,117,MIDDLE
36,54,78,97,116,MIDDLE
36,55,61,90,116,MIDDLE
36,55,63,87,113,MIDDLE
36,55,68,97,101,MIDDLE
36,55,72,90,113,MIDDLE
36,55,74,81,113,MIDDLE
36,55,75,87,112,MIDDLE
36,55,76,94,112,MIDDLE
36,55,76,97,113,MIDDLE
36,55,76,97,120,MIDDLE
36,55,77,83,114,MIDDLE
36,55,77,94,118,MIDDLE
36,56,61,85,102,MIDDLE
36,56,61,87,114,MIDDLE
36,56,61,90,116,MIDDLE
36,56,62,81,101,MIDDLE
36,56,62,92,113,MIDDLE
36,56,63,90,117,MIDDLE
36,56,63,94,113,MIDDLE
36,56,67,84,107,MIDDLE
36,56,67,89,113,MIDDLE
36,56,67,95,113,MIDDLE
36,56,67,97,117,MIDDLE
36,56,69,81,117,MIDDLE
36,56,69,87,114,MIDDLE
36,56,69,87,116,MIDDLE
36,56,70,96,116,MIDDLE
36,56,72,92,104,MIDDLE
36,56,72,97,111,MIDDLE
36,56,72,97,113,MIDDLE
36,56,73,90,114,MIDDLE
36,56,73,91,112,MIDDLE
36,56,73,94,112,MIDDLE
36,56,73,97,112,MIDDLE
36,56,74,89,112,MIDDLE
36,56,74,92,113,MIDDLE
36,56,74,94,116,MIDDLE
36,56,74,96,110,MIDDLE
36,56,76,89,101,MIDDLE
36,56,76,89,108,MIDDLE
36,56,76,90,117,MIDDLE
36,56,76,95,117,MIDDLE
36,56,76,97,105,MIDDLE
36,56,77,92,117,MIDDLE
36,56,77,94,116,MIDDLE
36,56,77,96,114,MIDDLE
36,56,77,97,107,MIDDLE
36,56,77,97,116,MIDDLE
36,56,77,100,117,MIDDLE
36,56,78,92,117,MIDDLE
36,56,80,92,112,MIDDLE
36,57,61,97,103,MIDDLE
36,57,61,97,113,MIDDLE
36,57,62,92,113,MIDDLE
36,57,63,81,117,MIDDLE
36,57,63,95,113,MIDDLE
36,57,63,97,114,MIDDLE
36,57,64,97,116,MIDDLE
36,57,65,92,117,MIDDLE
36,57,67,90,116,MIDDLE
36,57,67,96,105,MIDDLE
36,57,67,97,109,MIDDLE
36,57,68,96,117,MIDDLE
36,57,69,81,113,MIDDLE
36,57,69,87,103,MIDDLE
36,57,69,91,116,MIDDLE
36,57,69,96,112,MIDDLE
36,57,71,97,108,MIDDLE
36,57,71,97,115,MIDDLE
36,57,72,87,114,MIDDLE
36,57,72,90,120,MIDDLE
36,57,73,81,110,MIDDLE
36,57,73,87,103,MIDDLE
36,57,73,88,112,MIDDLE
36,57,73,92,110,MIDDLE
36,57,73,97,104,MIDDLE
36,57,73,98,116,MIDDLE
36,57,73,100,118,MIDDLE
36,57,74,94,117,MIDDLE
36,57,74,95,113,MIDDLE
36,57,74,97,116,MIDDLE
36,57,75,91,116,MIDDLE
36,57,75,95,117,MIDDLE
36,57,75,96,117,MIDDLE
36,57,76,87,101,MIDDLE
36,57,76,91,101,MIDDLE
36,57,76,96,113,MIDDLE
36,57,76,97,112,MIDDLE
36,57,76,97,113,MIDDLE
36,57,76,99,101,MIDDLE
36,57,76,100,101,MIDDLE
36,57,77,83,112,MIDDLE
36,57,77,91,101,MIDDLE
36,57,77,92,107,MIDDLE
36,57,77,92,117,MIDDLE
36,57,77,93,110,MIDDLE
36,57,77,93,112,MIDDLE
36,57,77,96,116,MIDDLE
36,57,77,97,108,MIDDLE
36,57,77,97,113,MIDDLE
36,57,78,97,117,MIDDLE
36,57,80,96,117,MIDDLE
36,57,80,97,116,MIDDLE
36,57,80,97,117,MIDDLE
36,58,63,94,101,MIDDLE
36,58,66,85,112,MIDDLE
36,58,66,90,112,MIDDLE
36,58,67,97,114,MIDDLE
36,58,70,96,117,MIDDLE
36,58,70,97,116,MIDDLE
36,58,72,92,103,MIDDLE
36,58,73,87,117,MIDDLE
36,58,74,97,113,MIDDLE
36,58,76,84,107,MIDDLE
36,58,77,81,117,MIDDLE
36,58,77,89,101,MIDDLE
36,58,77,92,117,MIDDLE
36,58,77,97,113,MIDDLE
36,58,78,92,117,MIDDLE
36,59,65,95,117,MIDDLE
36,59,67,96,117,MIDDLE
36,59,72,97,103,MIDDLE
36,59,76,96,114,MIDDLE
36,60,61,97,109,MIDDLE
36,60,67,97,116,MIDDLE
36,60,69,87,113,MIDDLE
36,60,69,96,104,MIDDLE
36,60,73,88,117,MIDDLE
36,60,73,96,110,MIDDLE
36,60,73,97,101,MIDDLE
36,60,74,97,117,MIDDLE
36,60,75,89,113,MIDDLE
36,60,76,96,107,MIDDLE
36,60,76,96,117,MIDDLE
36,60,76,97,108,MIDDLE
36,60,76,97,109,MIDDLE
36,60,76,100,112,MIDDLE
36,60,77,89,116,MIDDLE
37,41,61,97,110,MIDDLE
37,41,66,98,113,MIDDLE
37,41,67,88,117,MIDDLE
37,41,67,97,120,MIDDLE
37,41,68,94,112,MIDDLE
37,41,68,96,117,MIDDLE
37,41,70,94,114,MIDDLE
37,41,71,81,101,MIDDLE
37,41,72,88,106,MIDDLE
37,41,72,88,114,MIDDLE
37,41,72,88,117,MIDDLE
37,41,72,96,113,MIDDLE
37,41,73,84,113,MIDDLE
37,41,73,87,113,MIDDLE
37,41,73,94,101,MIDDLE
37,41,73,94,107,MIDDLE
37,41,77,95,102,MIDDLE
37,41,77,95,112,MIDDLE
37,41,77,95,113,MIDDLE
37,41,77,96,114,MIDDLE
37,41,77,96,120,MIDDLE
37,41,77,97,101,MIDDLE
37,41,77,97,107,MIDDLE
37,41,77,97,117,MIDDLE
37,42,66,90,112,MIDDLE
37,42,72,81,115,MIDDLE
37,42,74,87,107,MIDDLE
37,42,75,91,113,MIDDLE
37,42,76,89,117,MIDDLE
37,42,77,92,101,MIDDLE
37,42,78,94,116,MIDDLE
37,42,80,89,113,MIDDLE
37,43,61,92,112,MIDDLE
37,43,61,100,107,MIDDLE
37,43,62,89,115,MIDDLE
37,43,62,89,117,MIDDLE
37,43,63,81,120,MIDDLE
37,43,63,89,101,MIDDLE
37,43,67,97,112,MIDDLE
37,43,67,97,117,MIDDLE
37,43,70,97,103,MIDDLE
37,43,71,89,113,MIDDLE
37,43,72,87,104,MIDDLE
37,43,72,90,117,MIDDLE
37,43,72,95,110,MIDDLE
37,43,73,87,112,MIDDLE
37,43,75,90,112,MIDDLE
37,43,75,97,103,MIDDLE
37,43,76,92,102,MIDDLE
37,43,76,94,116,MIDDLE
37,43,76,97,117,MIDDLE
37,43,77,94,107,MIDDLE
37,43,77,97,101,MIDDLE
37,44,67,81,108,MIDDLE
37,44,67,83,110,MIDDLE
37,44,72,97,113,MIDDLE
37,44,74,97,118,MIDDLE
37,44,77,97,114,MIDDLE
37,44,77,100,116,MIDDLE
37,45,69,87,113,MIDDLE
37,45,72,85,117,MIDDLE
37,45,72,94,117,MIDDLE
37,45,77,96,117,MIDDLE
37,45,77,97,112,MIDDLE
37,46,67,97,113,MIDDLE
37,46,67,97,117,MIDDLE
37,46,73,95,113,MIDDLE
37,46,74,100,117,MIDDLE
37,46,76,87,113,MIDDLE
37,46,77,97,113,MIDDLE
37,46,78,92,117,MIDDLE
37,47,61,97,112,MIDDLE
37,47,62,94,116,MIDDLE
37,47,64,87,107,MIDDLE
37,47,67,92,102,MIDDLE
37,47,69,88,117,MIDDLE
37,47,71,93,110,MIDDLE
37,47,72,94,110,MIDDLE
37,47,72,96,112,MIDDLE
37,47,73,100,120,MIDDLE
37,47,74,81,113,MIDDLE
37,47,74,92,110,MIDDLE
37,47,74,97,114,MIDDLE
37,47,74,97,116,MIDDLE
37,47,75,87,113,MIDDLE
37,47,76,83,118,MIDDLE
37,47,76,97,118,MIDDLE
37,47,77,89,116,MIDDLE
37,47,77,97,107,MIDDLE
37,47,78,81,117,MIDDLE
37,47,78,97,101,MIDDLE
37,47,78,97,113,MIDDLE
37,47,80,95,117,MIDDLE
37,48,61,92,113,MIDDLE
37,48,63,97,114,MIDDLE
37,48,67,94,113,MIDDLE
37,48,67,96,115,MIDDLE
37,48,69,97,114,MIDDLE
37,48,72,90,117,MIDDLE
37,48,72,98,116,MIDDLE
37,48,74,92,105,MIDDLE
37,48,76,83,114,MIDDLE
37,48,76,84,101,MIDDLE
37,48,77,87,106,MIDDLE
37,48,77,87,107,MIDDLE
37,48,77,87,112,MIDDLE
37,48,77,87,116,MIDDLE
37,48,77,92,112,MIDDLE
37,48,77,93,111,MIDDLE
37,48,77,96,114,MIDDLE
37,48,77,100,115,MIDDLE
37,48,80,89,113,MIDDLE
37,48,80,92,117,MIDDLE
37,49,61,87,117,MIDDLE
37,49,61,96,118,MIDDLE
37,49,62,87,103,MIDDLE
37,49,65,96,117,MIDDLE
37,49,65,97,113,MIDDLE
37,49,67,97,111,MIDDLE
37,49,72,90,111,MIDDLE
37,49,72,97,111,MIDDLE
37,49,73,87,113,MIDDLE
37,49,73,87,117,MIDDLE
37,49,73,90,112,MIDDLE
37,49,73,91,108,MIDDLE
37,49,74,97,113,MIDDLE
37,49,74,100,113,MIDDLE
37,49,76,87,112,MIDDLE
37,49,76,90,115,MIDDLE
37,49,77,81,117,MIDDLE
37,49,77,92,112,MIDDLE
37,49,77,97,101,MIDDLE
37,49,80,92,112,MIDDLE
37,50,61,81,112,MIDDLE
37,50,61,87,117,MIDDLE
37,50,61,94,113,MIDDLE
37,50,65,97,116,MIDDLE
37,50,69,91,117,MIDDLE
37,50,72,83,110,MIDDLE
37,50,72,97,103,MIDDLE
37,50,73,81,112,MIDDLE
37,50,73,87,105,MIDDLE
37,50,73,90,114,MIDDLE
37,50,73,97,104,MIDDLE
37,50,75,87,116,MIDDLE
37,50,76,87,107,MIDDLE
37,50,77,87,101,MIDDLE
37,50,77,97,101,MIDDLE
37,50,77,97,117,MIDDLE
37,50,78,97,117,MIDDLE
37,50,80,92,118,MIDDLE
37,51,61,94,107,MIDDLE
37,51,64,92,108,MIDDLE
37,51,67,91,113,MIDDLE
37,51,67,94,113,MIDDLE
37,51,70,96,116,MIDDLE
37,51,72,87,113,MIDDLE
37,51,73,81,110,MIDDLE
37,51,73,94,112,MIDDLE
37,51,73,97,113,MIDDLE
37,51,74,97,113,MIDDLE
37,51,75,100,113,MIDDLE
37,51,76,84,113,MIDDLE
37,51,77,83,114,MIDDLE
37,51,77,89,117,MIDDLE
37,51,77,92,116,MIDDLE
37,51,77,96,117,MIDDLE
37,51,77,97,116,MIDDLE
37,52,61,96,109,MIDDLE
37,52,61,97,101,MIDDLE
37,52,62,100,112,MIDDLE
37,52,63,97,110,MIDDLE
37,52,64,95,107,MIDDLE
37,52,64,97,102,MIDDLE
37,52,64,97,107,MIDDLE
37,52,65,97,101,MIDDLE
37,52,67,96,110,MIDDLE
37,52,67,96,113,MIDDLE
37,52,67,97,113,MIDDLE
37,52,68,97,101,MIDDLE
37,52,68,97,116,MIDDLE
37,52,70,92,117,MIDDLE
37,52,70,96,104,MIDDLE
37,52,70,96,117,MIDDLE
37,52,71,96,117,MIDDLE
37,52,71,97,108,MIDDLE
37,52,72,91,113,MIDDLE
37,52,72,95,107,MIDDLE
37,52,73,87,113,MIDDLE
37,52,73,91,116,MIDDLE
37,52,73,97,110,MIDDLE
37,52,74,94,107,MIDDLE
37,52,74,99,114,MIDDLE
37,52,75,97,112,MIDDLE
37,52,76,87,114,MIDDLE
37,52,76,87,120,MIDDLE
37,52,76,94,103,MIDDLE
37,52,76,97,113,MIDDLE
37,52,76,97,117,MIDDLE
37,52,77,81,102,MIDDLE
37,52,77,81,112,MIDDLE
37,52,77,81,116,MIDDLE
37,52,77,83,117,MIDDLE
37,52,77,87,107,MIDDLE
37,52,77,87,117,MIDDLE
37,52,77,89,120,MIDDLE
37,52,77,95,113,MIDDLE
37,52,77,96,112,MIDDLE
37,52,77,97,113,MIDDLE
37,52,78,97,107,MIDDLE
37,52,80,90,117,MIDDLE
37,52,80,96,110,MIDDLE
37,52,80,96,112,MIDDLE
37,52,80,96,119,MIDDLE
37,53,61,81,113,MIDDLE
37,53,61,87,113,MIDDLE
37,53,61,95,117,MIDDLE
37,53,63,90,112,MIDDLE
37,53,64,92,113,MIDDLE
37,53,64,96,117,MIDDLE
37,53,65,97,115,MIDDLE
37,53,67,88,116,MIDDLE
37,53,67,98,113,MIDDLE
37,53,69,88,117,MIDDLE
37,53,69,93,115,MIDDLE
37,53,69,97,120,MIDDLE
37,53,71,96,115,MIDDLE
37,53,73,90,114,MIDDLE
37,53,73,95,111,MIDDLE
37,53,74,93,102,MIDDLE
37,53,74,95,113,MIDDLE
37,53,76,85,109,MIDDLE
37,53,76,89,107,MIDDLE
37,53,76,99,107,MIDDLE
37,53,77,88,117,MIDDLE
37,53,77,96,110,MIDDLE
37,53,77,96,112,MIDDLE
37,53,77,97,112,MIDDLE
37,53,77,97,113,MIDDLE
37,53,78,94,113,MIDDLE
37,53,78,97,114,MIDDLE
37,53,80,89,117,MIDDLE
37,53,80,96,110,MIDDLE
37,54,61,84,113,MIDDLE
37,54,62,90,114,MIDDLE
37,54,64,97,116,MIDDLE
37,54,67,87,117,MIDDLE
37,54,67,96,111,MIDDLE
37,54,67,97,114,MIDDLE
37,54,68,93,110,MIDDLE
37,54,69,97,117,MIDDLE
37,54,71,92,113,MIDDLE
37,54,72,97,112,MIDDLE
37,54,73,85,117,MIDDLE
37,54,73,96,110,MIDDLE
37,54,74,81,112,MIDDLE
37,54,74,91,117,MIDDLE
37,54,74,94,101,MIDDLE
37,54,75,92,102,MIDDLE
37,54,76,95,110,MIDDLE
37,54,76,97,106,MIDDLE
37,54,76,97,111,MIDDLE
37,54,77,81,117,MIDDLE
37,54,77,92,107,MIDDLE
37,54,77,94,107,MIDDLE
37,54,77,96,101,MIDDLE
37,54,77,97,107,MIDDLE
37,55,63,87,113,MIDDLE
37,55,65,83,113,MIDDLE
37,55,65,96,114,MIDDLE
37,55,66,87,117,MIDDLE
37,55,66,92,110,MIDDLE
37,55,67,83,103,MIDDLE
37,55,67,90,113,MIDDLE
37,55,69,94,117,MIDDLE
37,55,70,92,101,MIDDLE
37,55,72,84,119,MIDDLE
37,55,72,85,117,MIDDLE
37,55,72,98,116,MIDDLE
37,55,73,88,106,MIDDLE
37,55,73,90,101,MIDDLE
37,55,73,94,101,MIDDLE
37,55,73,94,113,MIDDLE
37,55,73,94,117,MIDDLE
37,55,73,95,110,MIDDLE
37,55,73,97,114,MIDDLE
37,55,74,87,117,MIDDLE
37,55,74,96,114,MIDDLE
37,55,74,97,114,MIDDLE
37,55,76,100,117,MIDDLE
37,55,77,90,117,MIDDLE
37,55,77,92,101,MIDDLE
37,55,77,92,112,MIDDLE
37,55,77,93,116,MIDDLE
37,55,77,97,107,MIDDLE
37,55,77,97,117,MIDDLE
37,55,79,96,117,MIDDLE
37,55,80,92,103,MIDDLE
37,55,80,92,113,MIDDLE
37,56,61,91,112,MIDDLE
37,56,61,94,116,MIDDLE
37,56,61,95,112,MIDDLE
37,56,61,97,112,MIDDLE
37,56,62,87,117,MIDDLE
37,56,62,94,107,MIDDLE
37,56,62,97,104,MIDDLE
37,56,64,87,113,MIDDLE
37,56,64,90,116,MIDDLE
37,56,65,97,117,MIDDLE
37,56,66,97,108,MIDDLE
37,56,67,87,101,MIDDLE
37,56,67,90,117,MIDDLE
37,56,67,91,107,MIDDLE
37,56,67,97,102,MIDDLE
37,56,68,94,106,MIDDLE
37,56,68,97,107,MIDDLE
37,56,69,81,107,MIDDLE
37,56,69,90,102,MIDDLE
37,56,69,91,114,MIDDLE
37,56,70,84,106,MIDDLE
37,56,71,81,112,MIDDLE
37,56,72,87,103,MIDDLE
37,56,72,94,112,MIDDLE
37,56,72,97,111,MIDDLE
37,56,72,100,102,MIDDLE
37,56,72,100,109,MIDDLE
37,56,73,88,101,MIDDLE
37,56,73,89,110,MIDDLE
37,56,73,89,114,MIDDLE
37,56,73,94,117,MIDDLE
37,56,73,96,110,MIDDLE
37,56,73,100,103,MIDDLE
37,56,74,90,107,MIDDLE
37,56,74,92,112,MIDDLE
37,56,74,94,107,MIDDLE
37,56,74,94,117,MIDDLE
37,56,74,96,120,MIDDLE
37,56,74,97,114,MIDDLE
37,56,75,97,117,MIDDLE
37,56,75,97,120,MIDDLE
37,56,76,84,107,MIDDLE
37,56,76,94,101,MIDDLE
37,56,76,94,110,MIDDLE
37,56,76,96,103,MIDDLE
37,56,76,97,101,MIDDLE
37,56,76,97,104,MIDDLE
37,56,76,100,114,MIDDLE
37,56,77,81,117,MIDDLE
37,56,77,86,104,MIDDLE
37,56,77,87,107,MIDDLE
37,56,77,89,116,MIDDLE
37,56,78,97,114,MIDDLE
37,56,78,97,116,MIDDLE
37,56,80,87,117,MIDDLE
37,57,61,83,105,MIDDLE
37,57,61,97,118,MIDDLE
37,57,61,100,109,MIDDLE
37,57,62,96,103,MIDDLE
37,57,62,96,112,MIDDLE
37,57,63,83,117,MIDDLE
37,57,63,87,114,MIDDLE
37,57,63,89,113,MIDDLE
37,57,63,95,101,MIDDLE
37,57,63,96,103,MIDDLE
37,57,65,96,101,MIDDLE
37,57,65,97,114,MIDDLE
37,57,66,85,107,MIDDLE
37,57,66,97,112,MIDDLE
37,57,67,81,104,MIDDLE
37,57,67,87,116,MIDDLE
37,57,67,90,116,MIDDLE
37,57,67,92,118,MIDDLE
37,57,67,97,112,MIDDLE
37,57,67,97,113,MIDDLE
37,57,67,99,114,MIDDLE
37,57,68,92,117,MIDDLE
37,57,69,83,103,MIDDLE
37,57,69,96,118,MIDDLE
37,57,70,86,116,MIDDLE
37,57,70,92,101,MIDDLE
37,57,70,95,106,MIDDLE
37,57,70,96,117,MIDDLE
37,57,71,92,116,MIDDLE
37,57,71,97,120,MIDDLE
37,57,72,83,112,MIDDLE
37,57,72,96,120,MIDDLE
37,57,73,84,103,MIDDLE
37,57,73,87,101,MIDDLE
37,57,73,87,116,MIDDLE
37,57,73,91,112,MIDDLE
37,57,73,100,103,MIDDLE
37,57,74,85,107,MIDDLE
37,57,74,87,117,MIDDLE
37,57,74,89,113,MIDDLE
37,57,74,92,117,MIDDLE
37,57,74,92,120,MIDDLE
37,57,74,95,106,MIDDLE
37,57,74,95,111,MIDDLE
37,57,74,95,113,MIDDLE
37,57,74,96,112,MIDDLE
37,57,74,97,109,MIDDLE
37,57,74,97,117,MIDDLE
37,57,75,87,117,MIDDLE
37,57,75,90,113,MIDDLE
37,57,75,91,114,MIDDLE
37,57,75,94,112,MIDDLE
37,57,75,97,108,MIDDLE
37,57,75,97,116,MIDDLE
37,57,76,81,101,MIDDLE
37,57,76,81,118,MIDDLE
37,57,76,87,113,MIDDLE
37,57,76,89,101,MIDDLE
37,57,76,90,103,MIDDLE
37,57,76,91,101,MIDDLE
37,57,76,94,112,MIDDLE
37,57,76,95,110,MIDDLE
37,57,76,96,103,MIDDLE
37,57,76,96,113,MIDDLE
37,57,76,96,118,MIDDLE
37,57,76,97,102,MIDDLE
37,57,76,97,115,MIDDLE
37,57,76,97,117,MIDDLE
37,57,76,100,113,MIDDLE
37,57,77,87,102,MIDDLE
37,57,77,89,116,MIDDLE
37,57,77,92,113,MIDDLE
37,57,77,92,119,MIDDLE
37,57,77,93,111,MIDDLE
37,57,77,97,101,MIDDLE
37,57,77,97,102,MIDDLE
37,57,77,97,107,MIDDLE
37,57,77,97,114,MIDDLE
37,57,80,97,107,MIDDLE
37,57,80,97,116,MIDDLE
37,58,62,87,116,MIDDLE
37,58,62,97,117,MIDDLE
37,58,67,97,105,MIDDLE
37,58,69,97,117,MIDDLE
37,58,74,92,112,MIDDLE
37,58,74,94,116,MIDDLE
37,58,74,97,110,MIDDLE
37,58,75,87,117,MIDDLE
37,58,75,90,113,MIDDLE
37,58,76,92,117,MIDDLE
37,58,76,97,107,MIDDLE
37,58,77,86,110,MIDDLE
37,58,77,92,113,MIDDLE
37,59,61,90,107,MIDDLE
37,59,70,97,118,MIDDLE
37,59,72,87,101,MIDDLE
37,59,72,94,113,MIDDLE
37,60,68,96,116,MIDDLE
37,60,69,90,117,MIDDLE
37,60,72,89,113,MIDDLE
37,60,72,94,116,MIDDLE
37,60,74,97,118,MIDDLE
37,60,75,89,113,MIDDLE
37,60,75,94,108,MIDDLE
37,60,76,92,116,MIDDLE
37,60,77,92,106,MIDDLE
37,60,77,92,116,MIDDLE
37,60,77,92,117,MIDDLE
37,60,77,93,112,MIDDLE
37,60,77,96,119,MIDDLE
37,60,80,83,117,MIDDLE
38,41,63,87,117,MIDDLE
38,41,63,94,113,MIDDLE
38,41,63,96,113,MIDDLE
38,41,68,97,117,MIDDLE
38,41,73,97,112,MIDDLE
38,41,73,97,113,MIDDLE
38,41,77,87,117,MIDDLE
38,42,69,100,103,MIDDLE
38,44,76,94,107,MIDDLE
38,44,77,93,114,MIDDLE
38,45,62,89,112,MIDDLE
38,45,67,81,117,MIDDLE
38,45,72,94,118,MIDDLE
38,45,77,89,113,MIDDLE
38,46,74,94,113,MIDDLE
38,46,77,81,102,MIDDLE
38,47,67,97,113,MIDDLE
38,47,69,97,115,MIDDLE
38,47,73,96,113,MIDDLE
38,47,74,89,117,MIDDLE
38,47,76,94,113,MIDDLE
38,47,77,96,116,MIDDLE
38,47,80,86,112,MIDDLE
38,48,66,91,113,MIDDLE
38,48,67,97,101,MIDDLE
38,48,75,96,117,MIDDLE
38,48,76,97,117,MIDDLE
38,49,62,96,116,MIDDLE
38,49,74,97,118,MIDDLE
38,50,66,97,113,MIDDLE
38,50,77,97,112,MIDDLE
38,51,66,97,113,MIDDLE
38,51,72,92,112,MIDDLE
38,51,72,94,113,MIDDLE
38,51,76,95,119,MIDDLE
38,52,64,96,117,MIDDLE
38,52,67,81,107,MIDDLE
38,52,77,84,114,MIDDLE
38,52,78,97,117,MIDDLE
38,53,67,96,114,MIDDLE
38,53,67,98,113,MIDDLE
38,53,76,87,112,MIDDLE
38,53,77,94,112,MIDDLE
38,53,77,97,107,MIDDLE
38,53,80,81,107,MIDDLE
38,54,61,87,117,MIDDLE
38,54,61,97,112,MIDDLE
38,54,62,97,107,MIDDLE
38,54,76,90,120,MIDDLE
38,54,77,95,107,MIDDLE
38,54,77,96,107,MIDDLE
38,55,62,97,114,MIDDLE
38,55,77,91,117,MIDDLE
38,55,77,93,113,MIDDLE
38,56,61,100,117,MIDDLE
38,56,66,97,117,MIDDLE
38,56,70,93,111,MIDDLE
38,56,74,94,113,MIDDLE
38,56,76,97,112,MIDDLE
38,56,77,89,107,MIDDLE
38,56,77,93,101,MIDDLE
38,56,77,97,103,MIDDLE
38,56,77,97,107,MIDDLE
38,57,61,87,113,MIDDLE
38,57,62,97,117,MIDDLE
38,57,64,83,107,MIDDLE
38,57,67,94,107,MIDDLE
38,57,67,97,113,MIDDLE
38,57,67,97,116,MIDDLE
38,57,67,97,117,MIDDLE
38,57,71,86,113,MIDDLE
38,57,73,87,117,MIDDLE
38,57,73,96,113,MIDDLE
38,57,74,94,117,MIDDLE
38,57,76,96,105,MIDDLE
38,57,77,93,109,MIDDLE
38,57,80,97,117,MIDDLE
38,58,61,87,117,MIDDLE
38,58,70,96,116,MIDDLE
38,58,73,91,117,MIDDLE
38,58,74,96,117,MIDDLE
38,58,76,94,116,MIDDLE
38,59,62,97,103,MIDDLE
38,59,73,97,113,MIDDLE
39,41,67,87,117,MIDDLE
39,41,69,97,101,MIDDLE
39,41,73,97,107,MIDDLE
39,41,73,97,114,MIDDLE
39,41,74,95,117,MIDDLE
39,41,77,93,115,MIDDLE
39,44,74,86,112,MIDDLE
39,45,69,97,114,MIDDLE
39,46,77,96,117,MIDDLE
39,47,72,96,112,MIDDLE
39,47,72,97,102,MIDDLE
39,48,73,96,117,MIDDLE
39,51,74,96,113,MIDDLE
39,51,77,92,117,MIDDLE
39,52,61,97,120,MIDDLE
39,52,67,86,107,MIDDLE
39,52,76,97,110,MIDDLE
39,52,77,97,117,MIDDLE
39,54,67,89,107,MIDDLE
39,54,75,97,113,MIDDLE
39,54,80,92,101,MIDDLE
39,55,69,97,117,MIDDLE
39,55,75,97,114,MIDDLE
39,56,76,97,115,MIDDLE
39,57,67,97,101,MIDDLE
39,57,72,92,104,MIDDLE
39,57,72,92,112,MIDDLE
39,57,74,97,117,MIDDLE
40,41,73,97,112,MIDDLE
40,41,73,97,118,MIDDLE
40,41,75,97,101,MIDDLE
40,41,77,81,109,MIDDLE
40,41,77,92,112,MIDDLE
40,41,77,96,117,MIDDLE
40,41,78,83,117,MIDDLE
40,41,78,97,106,MIDDLE
40,42,63,89,114,MIDDLE
40,42,76,96,101,MIDDLE
40,43,67,81,116,MIDDLE
40,43,72,85,112,MIDDLE
40,43,74,97,114,MIDDLE
40,43,77,99,116,MIDDLE
40,44,62,97,115,MIDDLE
40,44,67,92,117,MIDDLE
40,44,76,81,112,MIDDLE
40,44,76,96,117,MIDDLE
40,44,77,93,114,MIDDLE
40,45,72,87,117,MIDDLE
40,45,72,96,116,MIDDLE
40,46,74,95,108,MIDDLE
40,46,80,96,117,MIDDLE
40,47,67,87,117,MIDDLE
40,47,67,94,107,MIDDLE
40,47,72,87,117,MIDDLE
40,47,72,97,112,MIDDLE
40,47,74,92,101,MIDDLE
40,47,75,87,113,MIDDLE
40,47,77,87,117,MIDDLE
40,47,77,92,108,MIDDLE
40,47,77,97,113,MIDDLE
40,48,61,87,113,MIDDLE
40,48,67,87,117,MIDDLE
40,48,73,87,117,MIDDLE
40,48,73,94,113,MIDDLE
40,48,77,94,117,MIDDLE
40,49,63,96,113,MIDDLE
40,49,73,94,113,MIDDLE
40,49,73,97,110,MIDDLE
40,49,73,97,120,MIDDLE
40,49,76,93,114,MIDDLE
40,49,77,81,119,MIDDLE
40,49,77,87,117,MIDDLE
40,50,62,87,117,MIDDLE
40,50,74,97,114,MIDDLE
40,50,77,90,112,MIDDLE
40,51,67,92,113,MIDDLE
40,51,67,97,101,MIDDLE
40,51,75,97,114,MIDDLE
40,51,77,81,106,MIDDLE
40,52,61,97,117,MIDDLE
40,52,68,96,107,MIDDLE
40,52,71,96,101,MIDDLE
40,52,71,96,114,MIDDLE
40,52,71,97,119,MIDDLE
40,52,72,81,112,MIDDLE
40,52,72,97,113,MIDDLE
40,52,73,87,113,MIDDLE
40,52,73,92,110,MIDDLE
40,52,74,96,110,MIDDLE
40,52,74,97,110,MIDDLE
40,52,76,87,113,MIDDLE
40,52,76,94,118,MIDDLE
40,52,77,92,107,MIDDLE
40,52,77,96,117,MIDDLE
40,52,77,97,112,MIDDLE
40,52,77,97,114,MIDDLE
40,52,77,97,117,MIDDLE
40,53,61,87,101,MIDDLE
40,53,61,94,101,MIDDLE
40,53,63,94,113,MIDDLE
40,53,63,98,108,MIDDLE
40,53,64,87,117,MIDDLE
40,53,67,84,117,MIDDLE
40,53,68,94,116,MIDDLE
40,53,69,87,114,MIDDLE
40,53,70,96,115,MIDDLE
40,53,72,90,112,MIDDLE
40,53,72,97,107,MIDDLE
40,53,73,94,113,MIDDLE
40,53,74,94,113,MIDDLE
40,53,74,100,113,MIDDLE
40,53,76,97,107,MIDDLE
40,53,77,83,107,MIDDLE
40,53,77,87,119,MIDDLE
40,53,77,88,117,MIDDLE
40,53,77,89,112,MIDDLE
40,53,77,97,107,MIDDLE
40,53,80,94,101,MIDDLE
40,54,61,96,112,MIDDLE
40,54,66,83,113,MIDDLE
40,54,67,94,113,MIDDLE
40,54,73,97,112,MIDDLE
40,54,77,92,118,MIDDLE
40,54,77,93,109,MIDDLE
40,54,77,97,107,MIDDLE
40,55,62,94,117,MIDDLE
40,55,72,97,112,MIDDLE
40,55,74,97,118,MIDDLE
40,55,76,87,117,MIDDLE
40,55,80,97,117,MIDDLE
40,56,61,97,114,MIDDLE
40,56,65,93,114,MIDDLE
40,56,67,97,110,MIDDLE
40,56,68,92,116,MIDDLE
40,56,69,81,116,MIDDLE
40,56,69,85,113,MIDDLE
40,56,69,97,113,MIDDLE
40,56,72,87,117,MIDDLE
40,56,72,90,114,MIDDLE
40,56,72,90,117,MIDDLE
40,56,72,96,112,MIDDLE
40,56,73,91,107,MIDDLE
40,56,75,92,117,MIDDLE
40,56,75,93,110,MIDDLE
40,56,76,81,116,MIDDLE
40,56,80,97,101,MIDDLE
40,57,61,87,107,MIDDLE
40,57,61,89,113,MIDDLE
40,57,61,94,117,MIDDLE
40,57,61,97,112,MIDDLE
40,57,62,94,107,MIDDLE
40,57,62,97,117,MIDDLE
40,57,66,87,116,MIDDLE
40,57,66,91,114,MIDDLE
40,57,66,97,112,MIDDLE
40,57,67,81,117,MIDDLE
40,57,67,87,117,MIDDLE
40,57,67,95,117,MIDDLE
40,57,69,94,112,MIDDLE
40,57,69,94,117,MIDDLE
40,57,72,81,116,MIDDLE
40,57,72,96,113,MIDDLE
40,57,72,100,117,MIDDLE
40,57,73,95,117,MIDDLE
40,57,73,96,113,MIDDLE
40,57,74,93,110,MIDDLE
40,57,74,97,107,MIDDLE
40,57,74,97,109,MIDDLE
40,57,75,94,112,MIDDLE
40,57,76,88,106,MIDDLE
40,57,76,94,114,MIDDLE
40,57,76,94,117,MIDDLE
40,57,76,97,108,MIDDLE
40,57,76,97,114,MIDDLE
40,57,77,93,110,MIDDLE
40,57,77,95,117,MIDDLE
40,57,77,97,115,MIDDLE
40,57,80,97,101,MIDDLE
40,58,76,81,116,MIDDLE
40,58,76,94,116,MIDDLE
40,58,77,90,101,MIDDLE
40,59,72,96,113,MIDDLE
40,59,76,92,117,MIDDLE
40,60,64,93,111,MIDDLE
40,60,72,100,117,MIDDLE
40,60,73,89,101,MIDDLE
40,60,76,81,107,MIDDLE
40,60,76,97,114,MIDDLE
