DLMDD,1,2.10875453973
DLMDE,1,1.83152625231
DVFQP,1,3.99171511854
VEIEV,1,1.5968555012
NTWTT,1,2.95731182502
VEIED,1,2.23428542181
VEIEE,1,1.50398355793
RMWIP,1,0.193643437316
HSLWT,1,2.73309127879
PSNMA,1,2.07253435181
HQYHT,1,2.30704176425
ISVIP,1,3.33382109536
TSFTQ,1,1.24971546238
FSTAP,1,0.343584064304
NQTSH,1,0.064360420372
DLMDV,1,1.73678576235
PRSMY,1,2.05304510714
NHAYP,1,1.66286945293
TAQVC,1,1.42444951025
RPMSL,1,2.27081129784
QDVQP,1,1.26965975192
VSTNF,1,0.345316734202
LKVHT,1,3.31986115353
MSLQT,1,2.20984830917
CYWTY,1,3.51632078958
TRTLD,1,1.41013525722
SDYDL,1,7.59914963186
QNQVN,1,4.74309165142
KCNIP,1,3.60130140623
HKTEP,1,1.18070438161
DYMYL,1,1.58792237643
SQALL,1,0.130449610831
DYMYD,1,1.93882953829
DYMYE,1,1.33521433066
DYMYY,1,2.01497239341
HTWDA,1,0.279373311347
DYMYV,1,1.54548711011
VEFEE,1,1.64932292109
ATKNC,1,0.402682953508
TYEVG,1,3.68494683083
PSQYL,1,2.45667784315
DLHIP,1,2.42983623094
DNDYN,1,3.13044961083
DYMFE,1,0.479397919653
ASNMN,1,1.48120016228
EVRTR,1,2.64070979079
ITQIT,1,1.74350536015
DAQMC,1,3.6220155751
TNTNL,1,0.114986493442
SSMQQ,1,1.47529352132
QLCRP,1,1.64932292109
QGISL,1,0.649322921093
QSFYP,1,2.40421042325
AYTIN,1,5.34976263924
HQVFP,1,0.179837637793
LTTLA,1,0.649322921096
RETSL,1,3.18181800192
QSMQP,1,2.30753440385
QTTLS,1,0.684946830821
AKVQL,1,4.32341131228
QTMWD,1,2.74384051988
PNQIS,1,0.0077768920056
PNQIL,1,1.02057872834
PALSA,1,2.9435060255
FDIVY,1,4.58792237643
YTHNN,1,3.74735500405
HTFNP,1,1.10875453973
LLFPM,1,1.54978724754
YYLVD,1,1.15182326162
EETKP,1,0.338121232796
RTTTE,1,0.315585523913
HNQYP,1,4.93472513996
NRYTN,1,2.63041445854
GMPIP,1,3.67560224589
PNLTN,1,2.3692150019
PNLTY,1,2.43591928298
ATLIG,1,5.7431365945
NALTQ,1,2.93117357661
NALTI,1,1.48056846336
PTLTP,1,2.49878523665
PTLTD,1,2.99724622451
GELTI,1,1.50730391622
RDSTL,1,2.41485766746
LTAEL,1,2.42571149247
HYSQT,1,0.225515212186
SHTRL,1,1.45278392705
STMQN,1,1.04418253843
KTQIC,1,4.68189852464
HYTIT,1,4.77860593804
HYTIV,1,5.43591928298
LRIFP,1,0.234285421813
MHINN,1,0.234285421813
VLMDD,1,0.971251015981
TSLDP,1,0.497319827644
DEMVY,1,1.02783454435
YTTEQ,1,3.36552995509
DDMFD,1,1.48221293525
DDMFE,1,1.17288487715
DDMFY,1,1.02783454435
TTIIN,1,0.522211003188
KHSIY,1,0.957445216457
DEMVV,1,1.6493229211
QETAP,1,1.75728216923
NMYYP,1,0.649322921092
SQCLK,1,0.270811297838
NNLDY,1,4.60351923148
SYQTP,1,0.839147479974
TELFY,1,2.54849855157
PATLT,1,0.992210634621
SLSVL,1,0.774853803182
EAITS,1,1.445789527
CNTIS,1,1.18537582134
TLLTL,1,4.12181069256
TLLTP,1,1.89888830988
TNAVP,1,0.824197138507
VDMLV,1,0.649322921096
VDMLD,1,2.49731982765
NTYWK,1,0.971251015982
HYITN,1,5.80076235169
HYITE,1,3.9382439101
HNTQP,1,3.20186394413
HNTQL,1,3.77447805242
HNTQH,1,0.351642372451
QTPIP,1,4.95076049019
SYLTA,1,3.98684787104
YELED,1,1.83374749223
YELEV,1,1.23428542181
EYMED,1,1.10875453973
QSLRP,1,2.41485766745
HKLTA,1,3.80653687079
HKLTM,1,1.70179034099
FDLDY,1,0.912357326928
YTIMQ,1,4.6721838789
DFIYY,1,0.748858594644
DFIYD,1,1.49731982765
DFIYF,1,0.456677843156
ETLRC,1,0.56290816927
PSIEI,1,3.68381129747
TGPEF,1,4.21700743038
TSHVN,1,5.19069615327
FIAEY,1,2.3328492563
PSVHT,1,6.47269016115
SIIDN,1,3.69856644011
VYLDY,1,1.01189300048
VYLDE,1,1.73678576235
TNELQ,1,0.325320497968
HEPIL,1,1.23428542182
ETIFA,1,4.48120016229
NNVRP,1,2.71643711695
PRVSL,1,0.756238125009
MICND,1,1.99982016818
AKAIL,1,3.40166374115
VSLEQ,1,0.912357326932
DRETQ,1,0.277354143707
NIPTP,1,0.0278345443472
KYTTT,1,2.06436042037
ELLMT,1,1.60492880173
TLDLP,1,1.89986638275
ESHCN,1,5.99361882901
LTLLP,1,0.971251015981
DQMED,1,0.912357326928
DQMEE,1,1.57308733526
DFIDY,1,0.414857667457
VEMVV,1,1.41485766746
ANNII,1,1.78177321712
VEMVE,1,1.64194339073
VEMVD,1,1.97125101598
VKTQN,1,0.929430840284
IKTML,1,3.43007248657
IQTVS,1,4.30912065473
DDLED,1,1.5433322254
DDLEE,1,1.65644735553
QQSQA,1,3.62474489837
DDLEV,1,1.7990700406
ESPQN,1,1.97125101598
YVIEV,1,1.32739482621
LFMYP,1,2.54879604514
NTTLL,1,0.764800138514
GTVYC,1,1.04525159742
TNLKP,1,3.72969633756
LQTQN,1,3.91610946179
VYTQH,1,3.51831690894
YSAPS,1,2.29568596648
CNIEY,1,1.69994899416
KIWQN,1,2.51439334101
RQTTP,1,5.31607951298
PEDIE,1,0.373688478475
RSIVA,1,1.78545960908
LSQQP,1,0.72905011356
FYLYY,1,1.34976263924
SAWHH,1,0.251987423547
FYLYD,1,1.23428542181
SNHIH,1,0.179837637793
DKCYT,1,0.286752841708
YTLTT,1,3.06700999879
KTTTN,1,2.6223558735
TSTTI,1,0.327394826207
ERAQP,1,0.809787593288
IDTTE,1,3.8457201339
YLGIQ,1,1.93472513996
DYMAD,1,0.0278345443472
ETMQP,1,0.773311638373
HTLNP,1,1.11150340377
ICPVQ,1,1.94971785443
DYLEV,1,1.23428542181
DYLEY,1,0.497319827648
VYTLA,1,0.649322921093
DYLEE,1,1.64932292109
DYLED,1,1.25266395113
DSCVN,1,3.81542621159
YTQTP,1,2.10677598622
PTTYQ,1,2.48502246884
NRFHT,1,4.82846645257
DEMHD,1,1.13474974826
HTIHS,1,2.12325410942
PSDLA,1,2.25766834925
RWTAN,1,2.09701994691
LVLST,1,3.49144326131
TNNSN,1,4.06436042037
RYNSP,1,4.01610525176
ATYLP,1,3.81478827434
QFMQP,1,1.15628290981
DSTTL,1,2.85772207035
QSMLS,1,3.11564092531
TLQAP,1,2.99171511854
FYLDD,1,1.01189300048
PILMT,1,5.13003545982
VHSVI,1,2.2530219844
TNTVT,1,1.17983763779
TNTVS,1,3.23613384621
SSMIV,1,2.81389468805
DDFLD,1,0.456677843156
QTTTP,1,2.58447177674
SPHYR,1,2.33004440462
PGYQT,1,1.15182326162
ICPKM,1,0.479397919653
SVWMT,1,2.06717543597
TISDL,1,1.34794220361
HTTLQ,1,1.79688010951
HTTLA,1,2.54907144746
RYTAN,1,3.30615140801
HTTLK,1,0.234285421813
NRSIT,1,1.29957688206
TNNHA,1,0.0278345443472
DLQQP,1,2.63590240533
AQTAN,1,3.53312990359
DVIDV,1,1.41485766746
PSLTV,1,0.828646620536
PSLTW,1,0.424616633921
DVIDD,1,1.47714194571
DVIDE,1,1.61894927205
PSLTL,1,4.0755876758
MSYTK,1,4.7184849456
YALSN,1,2.98812483455
PELTP,1,2.54156674074
PIPRL,1,0.289780534402
DHTPR,1,4.39655685071
VDIVY,1,4.3273948262
VDIVD,1,2.57532233965
VDIVE,1,1.60351923148
DSRVQ,1,0.234285421813
PKLTE,1,3.68494683083
PKLTP,1,1.88810978068
PKLTQ,1,1.41555310977
SKTVT,1,2.14408761285
LSVTL,1,3.63117557439
LNFMP,1,3.67370707972
PTFRQ,1,2.57667761926
FDIEE,1,1.6493229211
HYTQN,1,4.59993489413
LMLMT,1,1.34800003054
SSTEN,1,3.47186424697
TTQIT,1,1.91941208446
HTTQV,1,5.93934176803
HTTQT,1,0.0196913710369
HTTQQ,1,2.23428542181
HTTQY,1,2.76480013851
VRLHA,1,1.79818630701
EEMDD,1,0.819247922537
EEMDE,1,2.13474974826
WFSHT,1,2.43691458833
YTDMN,1,1.07016604205
TSLLP,1,1.89725043454
IDEVN,1,0.295685966483
ATVQP,1,2.3449294855
STYQE,1,4.43939985172
MSTYS,1,0.568022818992
QETIN,1,2.40421042326
ATTHC,1,2.29452052894
STLIN,1,0.163896093919
VDMDD,1,1.6762899687
VDMDE,1,1.75012356188
VDMDV,1,1.8903310206
HPDQL,1,4.65432360215
HNLAP,1,7.17679992715
IHTKT,1,0.0913274679725
QIRTL,1,1.59273939272
TYVTS,1,3.98719255985
EPLLA,1,3.38996417341
MMSLP,1,0.205716269617
ESQEA,1,2.27641089748
HNTYP,1,1.44382842088
RSMSP,1,0.101835125787
MYMQT,1,4.30467474971
GHVIN,1,1.71160719935
HNTYL,1,0.134749748266
DTLTT,1,3.022275019
DTLTP,1,2.72639914412
PQSIT,1,1.13474974826
DEFYE,1,0.764800138512
HKLLP,1,0.751684638719
CMYTL,1,0.932256884373
DFNIT,1,0.649322921092
CPLLS,1,0.104517546847
DDMYV,1,1.75974691079
DDMYF,1,1.50730391622
DDMYE,1,1.52873278028
DDMYD,1,1.2912754004
DDMYL,1,0.971251015981
DCVSN,1,1.44222668685
ESTSC,1,3.6342160287
LLDYA,1,3.68117178713
RAPSR,1,5.05407744711
DDDEN,1,2.03179255792
RMVET,1,1.47132461912
DPQYD,1,1.25813216377
RMEKP,1,1.71541211154
TTTHQ,1,3.56113739534
TTCAP,1,3.64521852276
KILTN,1,4.86526032029
PYTVQ,1,2.20654043133
TETHT,1,2.75485733527
FLTIN,1,1.74885859464
DKMEE,1,0.582208725234
TAISN,1,3.59833899237
EINIT,1,1.70821661014
ATTMS,1,1.76480013851
RLIMT,1,0.250773544601
HVTQA,1,2.00687492571
ISFST,1,5.26576365329
DTHYV,1,1.85226297976
PGYRN,1,1.03788820901
YELVE,1,1.15182326162
YELVD,1,1.17288487715
YELVV,1,0.971251015981
VTMNT,1,2.3918266988
DFILD,1,0.971251015981
VTTLM,1,6.28836209457
VTTLT,1,0.0452515974235
FDTDY,1,0.497319827654
QAVSP,1,1.3273948262
NPTII,1,0.542407717175
NPTIN,1,4.40847875489
VFLYD,1,1.23428542182
VMTQK,1,2.98917292397
QTTLT,1,0.860219703593
VMTQS,1,1.30983645482
LLQTT,1,3.273813786
SIGTK,1,0.649322921089
LDIYD,1,0.456677843156
AQLQP,1,3.89606351959
SLHYP,1,0.399344668085
PLTLC,1,1.90805718949
PLTLD,1,1.17416442938
STQHC,1,0.601704900861
QRQVP,1,4.30382635507
LIVTQ,1,1.77643483899
TYITE,1,1.45667784315
DLMTP,1,1.25598049291
FDIVD,1,1.08989551248
NQETN,1,2.29317911086
TKYHT,1,0.871715342431
LTLQT,1,2.60537957351
RNVYM,1,4.93934176802
TYSLF,1,1.27735414371
TYSLA,1,0.819247922537
LNEFN,1,0.349762639232
RRYTT,1,2.25813216377
PYLKT,1,0.551142527155
NQNKK,1,2.55952625075
NSEHQ,1,1.54462554242
YRTET,1,2.5562135167
YTCLS,1,0.512820921186
THTFL,1,0.912357326928
YVIVD,1,0.301399617673
YTERP,1,0.507303916218
DVLDE,1,1.43068263462
DVLDD,1,1.43939985172
DVLDV,1,1.48582418881
DVLDY,1,1.13474974826
CVLTA,1,1.44346222365
MTIIS,1,2.43815775518
STTHW,1,1.92565414954
TRHYP,1,1.59273939272
FDFDD,1,0.234285421813
NATVN,1,1.58123393125
PTTQT,1,1.15521385082
PTNHV,1,3.07382074962
CITHP,1,0.722571903125
ITYAQ,1,3.05871385723
MYTLN,1,4.40421042326
CHTAL,1,1.50730391622
MYATH,1,1.14192140366
CTEEK,1,1.85877628672
PNLSE,1,2.14889393059
EKWCR,1,2.52379203901
YITMC,1,4.30467474971
MQLQN,1,4.91610946179
TRTQE,1,1.15182326162
IHTYN,1,2.43691458833
YDMED,1,1.4956135057
YDMEE,1,1.65292515778
YDMEY,1,1.78056745437
PITLH,1,1.25700549832
YDMEV,1,1.66639643446
YLYTQ,1,0.0334664124254
VMYQP,1,1.88198367788
YYMYY,1,1.10875453973
YYMYV,1,0.871715342431
PHCTL,1,1.37113629002
YYMYE,1,1.60351923148
DYSLI,1,1.33382109537
DNMYD,1,0.456677843156
MSKDM,1,4.19952000365
DDIDD,1,1.368770754
DDIDE,1,1.99724622451
DDIDV,1,1.316747582
DDIDY,1,1.81078634379
HHTMP,1,2.10627780944
GPHNR,1,2.47714194571
GKEHT,1,3.08949998265
NITTQ,1,0.934052398021
DYISE,1,0.456677843156
NTKIP,1,3.34390991299
YSIVH,1,3.5441406844
QPATP,1,1.86344772645
DVILD,1,1.41485766746
YVQEN,1,2.42930140422
RTFTL,1,4.79033523062
LAWTS,1,4.73273892928
HTKIN,1,1.13210502701
HKITD,1,6.06210444644
HKITQ,1,0.71971224899
HTKIS,1,1.08228232837
MTPYP,1,3.33004440462
YVMYV,1,0.649322921096
DDFYE,1,0.971251015981
DDFYV,1,0.649322921096
NYFNN,1,0.542407717175
YYTHN,1,3.43591928299
PGLTL,1,1.90919004784
QYYTL,1,2.53384570367
YFLYD,1,0.649322921091
SHQIP,1,3.47529352132
GATTN,1,2.77860593804
HNVSL,1,1.04925352798
HETSE,1,1.3183496866
SWFIP,1,0.372315572704
ASHHM,1,2.00777689201
CAPKN,1,0.196810716392
KGTGP,1,0.511819397344
EVLNN,1,1.73678576235
SSTVT,1,2.94394366998
AATIH,1,3.25135893517
QSETP,1,4.07775063728
HYTDL,1,2.3054923723
HYTDP,1,1.82564569373
PHWLK,1,3.48176882411
QAIRN,1,1.20627104564
QAIRP,1,0.0339867713255
DDMQD,1,2.76480013851
DDMQV,1,1.45667784315
HTYHQ,1,3.32174826307
HTYHS,1,0.234285421813
HTYHT,1,1.69961281916
SALRP,1,1.50017948178
PPCTE,1,0.877854479524
PGQFM,1,0.903079513337
PTLTQ,1,0.857014293082
CYMQK,1,2.54622942813
YMTTA,1,2.62332771256
TQMHP,1,1.50347205463
PSAMC,1,0.747170244491
TTCID,1,0.501870919885
NSLSP,1,2.0202793519
YSTHH,1,2.32488797059
IMHDP,1,0.0980810382177
PQVMT,1,1.5306784246
YVTDD,1,0.234285421813
QPIKP,1,2.60868093659
SFTTQ,1,1.22221258952
YVYQQ,1,3.52974130534
VHTIC,1,1.20571626962
NAPIY,1,1.31770143001
TYLHP,1,1.30309457973
MTTVT,1,2.7990700406
FDIDD,1,1.88636211839
WTTLS,1,5.18181800192
YEMDV,1,1.18537582134
HYMFD,1,0.234285421813
YEMDY,1,1.854437351
YEMDD,1,1.37060689303
YEMDE,1,1.52467794326
DTTNR,1,0.786826444846
RRNQQ,1,0.955984259326
VDLEE,1,1.31228793381
KSTSN,1,0.163896093919
DQYSH,1,0.874743035123
SENIY,1,6.7064121133
QDLSE,1,1.34120062573
DQYSS,1,3.63538373013
HAPQP,1,0.649322921096
FDTLN,1,7.2804999768
QTQFP,1,0.327394826207
KETAI,1,0.685848797121
YVMLE,1,1.81924792254
EQIHT,1,0.677731336273
TESIV,1,0.748858594647
PTHLP,1,4.04678364715
HEFIP,1,2.53806616999
ALETE,1,4.1048919001
YVLVE,1,0.819247922537
VYIYV,1,0.971251015981
VYIYD,1,2.10875453973
VYIYE,1,0.542407717175
QITMT,1,4.22759076924
PITQL,1,2.59904971461
IQFLP,1,4.48221293526
EQSHT,1,2.0097251638
WAETP,1,0.676289968696
WTLNT,1,1.88748265829
TAEHY,1,2.5607862465
TLTLN,1,4.28967742216
TLTLT,1,1.41485766746
WTQAP,1,1.73678576234
LYPLP,1,0.298415759228
NHMFP,1,0.437818815898
SLCTP,1,2.09530900866
TWFTC,1,1.3611975343
APIET,1,2.43591928298
VTSSK,1,3.90566267435
SNTIL,1,0.504933011754
LQARP,1,0.426930499756
FKTEQ,1,1.75894741227
DVLLD,1,0.819247922537
GDTQP,1,0.723323502539
PYHCN,1,3.69371704045
EVDIE,1,3.77485380318
HYMHD,1,0.649322921092
HNEIS,1,3.24202107058
PKTVT,1,0.404589332001
AYTQT,1,0.238772812805
SRLTQ,1,2.63996486639
SRLTN,1,2.79859741323
STLHC,1,4.57308733527
LRNHQ,1,1.90307951334
PRSID,1,2.99648830748
YLLTL,1,1.45667784315
PSTRN,1,0.253838219235
VFTHT,1,1.71461438135
NRLTL,1,4.08330952318
LFNLS,1,0.456677843156
DDILY,1,1.10875453973
NTPID,1,0.544140684405
DDILV,1,1.23428542182
QAYSN,1,0.04525159742
DDILD,1,2.39655685071
DDILE,1,1.83694992427
RTTLM,1,1.37368847848
LPRPG,1,0.499575801586
HCTMM,1,2.4626107989
STIMT,1,3.09730451899
YDDMN,1,0.414857667457
VIVLP,1,5.21156534532
KHLVT,1,2.02371843588
VSDIP,1,1.03802002819
DHMEE,1,0.52379203901
PHSVT,1,1.69114309678
QTMTL,1,1.49062517507
YWTQN,1,0.538764545947
FFIDD,1,1.23428542182
DFLED,1,1.87171534243
NQLNL,1,4.14117601742
HAIIT,1,2.91521698107
TKTHT,1,2.97125101598
TTTDM,1,4.02946562993
TTTDN,1,0.470352780052
WSNSN,1,0.179837637791
HTTAV,1,2.71118817668
HTTAT,1,0.134749748266
AEVIP,1,0.70546599913
WSSMT,1,0.812553269962
SEQKQ,1,0.522211003188
PTPLN,1,0.320015295839
PTPLS,1,1.50493301176
STTLY,1,1.79771476098
SQFSN,1,2.11194987889
NTFAQ,1,2.54932713112
DDTIT,1,5.90859540813
ATLTP,1,1.41485766746
QCLTD,1,2.74885859464
QWTRI,1,0.570467500382
PTLQT,1,4.02890123204
PTLQP,1,5.75086094756
HKTHE,1,4.35530082278
DLLDD,1,1.31228793382
ASIIP,1,1.66843174404
DEINT,1,3.53861945669
GQSVT,1,3.53820772865
ISAIP,1,0.848995265932
IKTQV,1,3.84407977552
FYMHD,1,0.912357326928
HNLQT,1,4.89725043454
TKTSY,1,0.154558229343
RQTIA,1,0.158336568582
QRFTP,1,3.87332459529
SKLTL,1,2.29841575923
LTHVT,1,2.5968555012
HYTLP,1,3.55250954793
HYTLN,1,3.9802397992
AWNLT,1,2.67169073412
QAELP,1,4.13939381208
QYTHP,1,1.03739337277
PVDIV,1,0.997933058634
LSEHA,1,6.48063016489
YTQQN,1,2.75623812501
YFLDD,1,0.871715342428
YFLDY,1,1.6493229211
PTEAH,1,0.566860760904
PPCVL,1,6.2869828449
QVIKP,1,0.566860760903
LQSIA,1,1.33737891478
PLAVT,1,4.14989323452
AYDIN,1,2.14117601743
GSTIS,1,1.6578849346
HSTIV,1,5.57168869721
HSTIS,1,5.61798971429
KILDT,1,0.71971224899
HRLHS,1,3.39655685071
NDPTT,1,0.234285421813
FTTTT,1,1.37953114908
TTIDQ,1,1.72924646539
FTTTL,1,1.77281958685
FTTTI,1,0.786826444846
SMQEP,1,0.163896093928
HNYVP,1,0.789253182243
LEHSQ,1,3.1376094024
VETLI,1,1.02783454435
CITFM,1,3.91535981509
SFTLS,1,0.971251015981
SFTLT,1,2.26543412038
HQQIQ,1,0.995097757934
LSLST,1,1.73678576235
LSLSP,1,3.64768256271
YYLDD,1,0.917811757017
YEMLE,1,1.3191743194
YDLVV,1,0.971251015981
DTMQR,1,0.333821095374
LYTFS,1,3.18537582134
EYENQ,1,1.93671259728
NDETE,1,1.53729630336
NPTYP,1,1.01638039147
ESTHP,1,4.64480743997
NRQCN,1,2.07613758815
YVMDY,1,1.23428542181
QHNIQ,1,2.06051835408
VEMLE,1,2.29317911087
YVMDV,1,2.41485766746
YVMDD,1,1.5968555012
STRTL,1,2.38238406081
YNQQL,1,2.53684819184
YLIEE,1,1.04164034387
CRFIQ,1,3.68973718954
TCSIN,1,1.97125101598
HNQNP,1,0.0643604203742
LIFQT,1,1.05698089001
RSINQ,1,1.85877628672
PILTA,1,0.97668490203
QLTYN,1,2.68233797832
PKPLN,1,3.18537582133
QITEQ,1,2.33582344827
YDTDD,1,0.0278345443472
SDMHT,1,1.66261974371
NGWHN,1,3.69546470273
HAYET,1,1.05217101136
RQWHD,1,1.69371704045
YYMFD,1,0.971251015981
VTQIP,1,3.91735800799
SSGTL,1,0.922341415499
HTVHT,1,0.560055582993
DYQHQ,1,0.413694672599
ARLNP,1,1.02783454435
DYMEE,1,1.67106830151
TTMQH,1,2.35275889169
NLLCS,1,3.67907026449
TNLLA,1,1.53126715957
LQTLN,1,2.53196597045
TNLLQ,1,0.2112018087
CMISV,1,0.208750329707
AQMHT,1,0.668516486328
YMIHD,1,4.81924792253
QYQQI,1,2.90307951334
YVVSQ,1,1.08860796662
YRHDS,1,3.3464949254
KTSHN,1,1.70377070512
YVIFD,1,0.971251015981
LSQVT,1,4.77731724207
SMDLQ,1,0.423763220679
SAYFE,1,2.58961667497
HMYTS,1,2.43591928298
ECLTP,1,2.67056171747
DFMYD,1,1.94210467032
DEMDE,1,1.64803881327
YSSAY,1,2.49208317928
MLAWN,1,0.863916971872
YELEE,1,1.98812483455
MYQQT,1,4.53684819184
PTTKD,1,5.26319129826
SHWVN,1,3.38267726171
SLVQP,1,1.23428542182
KCTQI,1,3.81560014552
KKLTE,1,5.01038940989
QNCWE,1,1.49731982765
YELEY,1,0.841967999035
QLPYD,1,3.61741367314
FTLNT,1,3.03075202773
YYRDD,1,0.234285421813
QELNI,1,1.00380158813
DEMEV,1,1.6062541992
DEMEY,1,1.6710179922
DEMEA,1,0.997246224514
YTQIP,1,2.27275956963
DEMED,1,1.59907473122
DEMEE,1,1.629908027
DEMEG,1,1.24006777441
DEMEL,1,1.34705335198
HRYTT,1,0.433594230036
SRTLL,1,1.87639182964
SMITE,1,1.89324850398
KKVHP,1,4.63231649579
ACLMN,1,3.66562473342
VYMDV,1,1.81924792254
RTCTP,1,1.02783454435
VYMDY,1,1.01189300048
VYMDE,1,1.97125101599
VYMDD,1,1.42693049976
PKTIQ,1,1.09069456819
RMQIP,1,0.804601146572
NKPYL,1,0.456677843156
LTSIN,1,3.95310366927
NWQIT,1,4.0611365195
VRNYL,1,0.542407717175
HTLQP,1,3.14710085138
HTLQQ,1,1.70377070511
DGMEE,1,1.80073462488
YITFS,1,3.00416563846
KSHTL,1,1.23428542181
WLRVP,1,0.277354143706
FNTQP,1,0.234285421813
TTDYT,1,2.26075763318
NSNML,1,0.241445213386
QVVTP,1,1.65374159236
PSLTQ,1,0.971251015981
DNMLD,1,3.1989523487
RTTQC,1,0.335568757651
DYIDV,1,0.903079513337
DYIDY,1,2.08989551248
DYIDE,1,1.75168463873
DYIDD,1,1.69725739816
MAHIP,1,0.00972516379668
STFTH,1,5.38809075789
MYTHN,1,4.19364343732
YWDSP,1,0.833747492231
NHLKP,1,0.0874440334843
QQQVT,1,4.52652183177
QQQVN,1,2.94282260766
QTMAP,1,1.94394366998
YDQTP,1,0.217007430384
HCLSH,1,1.73024291647
IHETD,1,3.04340080173
GVQRT,1,3.07674414483
NILQI,1,1.25970801869
TMSQL,1,1.27937331134
ARTAP,1,2.51792503197
TETKQ,1,1.97125101598
HYTTL,1,2.5596444221
KTLIT,1,2.57391551843
QNLEA,1,3.3704221098
DDMAY,1,0.819247922537
SEIQF,1,0.10875453973
DDMAE,1,2.17288487715
DDMAD,1,1.41485766746
YTMTT,1,0.194757057628
TLPYL,1,0.386288515263
MIQTP,1,0.386288515259
PMPMP,1,1.8346779631
MGTQM,1,2.20049710836
TTILQ,1,1.00295987571
QQFTT,1,4.59861210076
YYLVE,1,0.819247922537
TNYET,1,4.88453938279
YYLVV,1,0.234285421813
SCMQH,1,3.93472513996
SRTRS,1,0.875035700722
HPHPD,1,2.06746633124
FYIEE,1,0.497319827648
TLLQC,1,2.79956555667
LVTLT,1,4.63261658836
TLLQP,1,0.841967999035
VSAQS,1,2.77533080601
SKPMP,1,0.343219793367
FDLDE,1,0.971251015981
FDLDD,1,2.08989551247
GNLSP,1,3.04069894414
TKPEQ,1,0.649322921091
SARPL,1,1.52099882412
NWFNS,1,0.412882725269
DQTRR,1,0.421248353613
YTTSP,1,2.87936891498
YTTSN,1,1.14734978504
QKAKL,1,1.40421042325
NPLLQ,1,0.679070264488
MNTMH,1,4.48415857957
WLPTP,1,0.729642085605
YLMDE,1,0.301399617673
YLMDD,1,1.30139961767
TVMKT,1,1.73071124793
YVTKN,1,0.234285421813
VEMDE,1,1.48582418881
VEMDD,1,1.44073629928
HRTMT,1,0.697417209295
LDIAA,1,0.247960358708
NTYAP,1,2.23628777473
VEMDV,1,1.0363460442
VEMDY,1,1.64932292109
NTTQN,1,0.707621561656
PMLTN,1,0.812821653376
PMLTS,1,1.44955340872
PMLTT,1,2.83065268581
VYFYD,1,0.649322921096
DLIED,1,1.5968555012
YELSP,1,4.34976263923
DELDV,1,0.912357326932
WTGIP,1,2.52827664019
QTITP,1,0.0332379028764
LSTVA,1,0.694177156875
LSTVT,1,4.5155715322
QLTQA,1,1.45667784315
QTAQC,1,3.14117601743
HSEAL,1,0.509145263046
TSINQ,1,0.234285421825
QGVLQ,1,1.62017657543
DQSEF,1,2.39008009442
WTQQH,1,0.860219703591
EISTP,1,0.280089111427
NQVLT,1,0.980528829561
TTLMS,1,5.40954386756
VTTIQ,1,4.401779597
TTYMN,1,1.38628851526
GPSTP,1,3.49062517507
QNTMN,1,0.217983609487
SESLL,1,0.871715342428
NFTQL,1,3.95310366928
PTVNH,1,3.70491524705
QYVAS,1,0.426930499759
LQTTF,1,2.22179447763
PLTIN,1,1.54240771717
VYFDD,1,1.10875453973
PYYES,1,2.64004510751
LAPHS,1,0.234285421813
VYIND,1,0.134749748266
LHYYT,1,1.94888320295
PDMCT,1,2.3571421696
QQVLL,1,3.84094299363
PEDLL,1,0.386288515257
HSAVL,1,3.36204096901
TLKTL,1,1.49731982764
LYIDD,1,0.971251015981
CKMSS,1,2.94455614932
DVMVY,1,0.649322921093
DVMVD,1,1.20941075318
DVMVE,1,1.51781813797
GEEQH,1,2.47939791965
EEIEE,1,1.06436042037
HLNNC,1,0.848102785205
SNHTY,1,0.0185567307576
YFMFD,1,0.786826444846
NDNTL,1,1.30139961768
LRLTL,1,4.13044961083
PLTVM,1,5.40802203721
AQMWP,1,1.86433581206
SDYQN,1,0.179837637793
CYDIK,1,2.29841575924
YTQQP,1,2.84572013389
NSDIN,1,2.32739482621
FAEAI,1,2.97125101598
MKTTT,1,0.336165035834
VYMLD,1,2.17288487715
VCTLH,1,1.12062864002
TNWSL,1,1.32448323078
TQTMQ,1,1.69087541054
HSLET,1,0.986764015353
FEIDD,1,1.73678576235
LYIYD,1,0.426930499756
LYIYY,1,0.497319827648
VVTLG,1,2.47244515901
TNMMP,1,5.19511482453
CGLMN,1,1.26456798875
YKNLN,1,1.8831201057
LILTL,1,1.28675284171
LTTAC,1,0.0132862357794
LTTAL,1,3.20731837421
NIHWM,1,3.61015232381
SAMTK,1,4.5698884536
DFIDD,1,0.833747492231
DFIDE,1,1.45667784315
LMTRP,1,1.67612298044
GIVQI,1,0.0118930004755
HTLIH,1,0.649322921093
TTTTV,1,0.202576562086
RFHTK,1,3.22759076924
DYILE,1,1.23428542181
DYILD,1,0.903079513337
DYILY,1,1.6493229211
DYILV,1,1.23428542182
RTTYC,1,0.80132601454
HHYTE,1,2.55329603332
NNTIA,1,2.64700905526
NNTIK,1,0.234285421813
NNTIQ,1,4.30571527989
SFLDN,1,3.41182360737
TTMGL,1,5.26403276521
QDWHT,1,1.0999843301
QPFYE,1,3.76678050264
PAWTN,1,1.94998239923
SKDLF,1,1.64932292109
SRPIQ,1,2.21898628543
VTEQQ,1,2.61894927205
ELNAN,1,4.0867282334
GEMEE,1,1.3701688499
VIEWT,1,0.516056390229
SKTSI,1,2.1705598242
SKTSL,1,0.64932292109
INITP,1,2.81288542031
SSPIN,1,2.81624855546
NYSEN,1,4.75454223315
WYTLA,1,2.06144882495
THIIT,1,2.06627762336
FDIHY,1,1.64932292109
SNYLP,1,0.538291608704
NTATL,1,1.20142078791
LETEA,1,1.34676015107
KTVTD,1,0.677892073294
FYCTP,1,0.414857667457
VYHEP,1,0.905662674353
NLNIN,1,0.134749748266
ITETD,1,1.11564092532
ITETI,1,3.93241127411
ITETS,1,3.45667784315
PTQEC,1,0.684088339251
YHTEH,1,2.44633589893
STLLQ,1,2.39065370782
STLLV,1,3.43068263462
STLLT,1,1.22355901522
NTLLT,1,2.18989130246
PFAQH,1,1.22190169736
NILDF,1,1.32519391801
NHTVA,1,1.6182004036
GIQFT,1,3.84309466449
RQSEK,1,3.09678189806
HGTYN,1,2.96401944675
QGEQD,1,3.89033102059
SHLSR,1,3.52379203901
LTISN,1,0.786826444846
YTTKT,1,1.33481229776
FDMVY,1,3.25418497925
FDMVD,1,1.36552995509
FDMVE,1,1.88636211839
PNELN,1,1.2730178163
LRTEP,1,5.82125027545
DEFDD,1,1.85095678226
DEFDE,1,1.97125101598
LGYHL,1,2.28727850943
HSTTL,1,0.431142751043
HSTTY,1,0.764800138517
LEHLC,1,0.890331020601
HFTHP,1,0.748858594644
DYTDD,1,2.10875453973
AIRVP,1,1.99648830748
PRLTM,1,2.37971586134
HTTVH,1,3.16764822879
WIIQT,1,3.43230091302
NTYYT,1,1.10875453973
NTMLN,1,3.01855673076
LNYTQ,1,1.44073629929
DTLNT,1,4.41618306493
WRHQL,1,4.51439334101
YVIEE,1,2.01855673076
TEIHL,1,1.52379203901
EITDN,1,1.05304510714
KQLLH,1,0.858776286718
SALLP,1,1.63912715399
SKVPC,1,2.14777642856
LYTMS,1,6.57808801632
QSVSL,1,2.24252157191
KETNL,1,2.30418743504
QRTKL,1,5.64717445451
QLTIT,1,2.64932292109
YKTYP,1,1.73935512196
HATID,1,4.5562135167
NKSNT,1,1.80132601454
FTHHP,1,3.19551585165
TSHDT,1,3.18275512117
NYITN,1,1.45667784315
YTPEL,1,0.474236214533
WNETE,1,0.580281276667
EICAA,1,3.88878885579
DELEL,1,2.04164034387
YGSVN,1,1.18044727018
QNTEC,1,3.13474974826
PAKLP,1,1.68494683082
CNEHK,1,2.97125101598
SQQMV,1,2.5562135167
LPLLN,1,2.6348233514
RLYTD,1,2.29013865655
QQETH,1,2.09410776377
RDETN,1,0.234285421815
WTMQS,1,4.14322094341
SHDLN,1,5.94210467032
PCLNE,1,1.44214174999
QSITH,1,2.10101889095
QSITL,1,2.22370067118
QSITM,1,3.06540850981
VDLDY,1,0.649322921091
GEQMA,1,0.548796045139
VDLDE,1,2.45667784315
VDLDD,1,1.38628851526
YLIDD,1,0.286752841709
LNTVT,1,1.69371704045
HVSIT,1,1.44916378949
NQSIN,1,1.01051044643
QTTYT,1,0.192465246118
WKTSP,1,2.0427304044
SESSL,1,1.53280891236
ACVET,1,0.931961884864
CTLLN,1,2.83374749223
VEIDE,1,1.1188082044
QQYTQ,1,6.04592770228
YRSTP,1,1.83152625231
VHISM,1,1.99221063462
QKITP,1,1.94700346974
TDYYS,1,4.33114696107
PRSEQ,1,0.730105575805
TMLIL,1,3.179499255
PTTVN,1,1.6493229211
STNVW,1,4.56306718774
NNKET,1,0.933115887092
IALHS,1,2.41485766746
VDLYD,1,0.727325433097
RILAP,1,1.0208817837
DVMEE,1,1.72744672402
DVMED,1,1.69459700085
DVMEV,1,1.69035018935
DVMEY,1,1.14682258057
PRGGR,1,3.09678189806
NDIIN,1,4.3867078424
PVLSN,1,1.0781662199
AKIWQ,1,3.21700743038
NKPIK,1,5.05717004216
TKSHP,1,2.3746067102
EQTML,1,1.25894747605
LTTYY,1,1.57391551843
LRLAT,1,0.786826444844
YYTDY,1,0.10875453973
NHMAT,1,2.5968555012
VVDTC,1,0.064360420372
YQTMS,1,0.760831236306
HTLAN,1,5.72880770492
DYMHY,1,2.23428542182
QNIIT,1,5.50730391622
TTIMH,1,0.955131350618
QNIIP,1,2.14501808372
PSETD,1,0.150221157026
MFSSN,1,3.41648875304
RTTAP,1,0.641460803317
NRLYP,1,2.95310366927
PLPDT,1,0.386288515257
DNTHE,1,3.30643520757
YTESC,1,1.48582418881
NASIQ,1,1.91878359609
PTRLH,1,2.45001411288
HDSTY,1,2.05740765973
VDIEY,1,1.23428542182
VDIEE,1,2.17770189344
VDIED,1,1.50347205463
AASLN,1,0.343909912991
SNTAP,1,1.63117557439
SATLH,1,6.46737244395
RHLHA,1,1.30828600325
QTMQH,1,0.127370217898
TAMQT,1,0.5220877328
LSHYP,1,0.160153692237
YEIVD,1,1.64932292109
YEIVE,1,2.09410776377
CTCYK,1,3.17735835373
DFLFY,1,0.134749748266
DDSDD,1,1.13474974826
PDVQT,1,0.941089045469
DNYWS,1,1.33737891478
QYATD,1,0.134749748264
VLMEE,1,1.45667784315
TFTSQ,1,1.34976263924
MSIMS,1,2.35457965553
DVIVE,1,1.85877628672
QCYAS,1,0.175391732765
KTQRN,1,1.50914526305
HEHYA,1,3.30840867619
PQTYS,1,0.584617231702
STLTT,1,1.59042923204
FELEE,1,0.736785762341
NTLTT,1,1.2259701536
NTLTY,1,3.17735835373
LTHSP,1,0.531646712439
HQPHL,1,3.00687492571
MIVTL,1,3.60351923148
LMTVA,1,1.60868093659
NNLTE,1,2.73678576234
LRTMA,1,1.2860468495
LTISH,1,3.88337825995
DEKEE,1,1.80544212301
YYIYL,1,1.34976263924
YYIYE,1,1.10875453973
YYIYD,1,1.01705470559
YYIYV,1,1.19364343732
TFTLM,1,2.50730391622
GTYVA,1,2.88294259785
DDMLV,1,2.15182326162
DDMLD,1,1.97125101598
DDMLE,1,1.72732543309
QMLHP,1,4.50730391622
FTTQH,1,2.3730199141
HSTLP,1,0.386288515257
HSTLS,1,1.81357917245
HSTLA,1,2.07217992483
QALSP,1,0.386288515262
THDEI,1,1.97125101599
GGLTN,1,3.90615598776
DYTLY,1,0.456677843156
HSITD,1,1.53445896406
AEQTL,1,0.81924792254
SQTSL,1,1.63070724293
VDMVD,1,1.71233271862
VDMVE,1,1.82989516674
EDTLL,1,3.21837903091
VDMVV,1,1.5968555012
SCTSN,1,1.49259741741
VDMVY,1,2.87639182964
STMPC,1,4.39975077507
YDSDD,1,0.386288515257
SYLNT,1,2.2815911366
SRTFN,1,0.802402251094
DVMVV,1,1.53384570368
FDMEY,1,1.01189300048
FDMEV,1,1.08989551248
FDMED,1,1.54240771718
GWFHT,1,5.98023979921
SSLTN,1,0.134749748266
SSLTL,1,1.87814161159
SSLTQ,1,1.69994899416
PCYAP,1,1.62423194014
QSLTQ,1,1.65412390736
SASIP,1,1.45667784315
HDQIL,1,2.06886181261
KETFK,1,2.73992546987
YFIED,1,0.64932292109
YFIEE,1,0.456677843156
FYIDY,1,1.45667784315
CTINT,1,1.55881062819
NYRTN,1,1.17055982421
VVLDY,1,1.02783454435
VVLDD,1,0.587922376427
CTVKP,1,1.6348233514
RQLMT,1,2.69371704045
PTHIW,1,1.20130809937
WTTVP,1,0.386288515257
MCHIT,1,4.21861596555
TLSIE,1,0.862171569756
HDMVD,1,1.6493229211
KPMTM,1,2.72827426249
DITLV,1,1.95556939375
QSILT,1,3.94700346973
DEMHE,1,1.10875453973
LQHIN,1,2.13044961083
LQHIP,1,2.25598049291
TTMTP,1,1.47375135651
LPVQL,1,1.33737891478
WSTDI,1,3.62660284459
NSLQL,1,1.8443389035
NSLQN,1,3.29841575923
SRTEL,1,2.75511758512
NSLQQ,1,1.0564983026
PAHHL,1,1.2134519184
CTYTT,1,2.38464815687
KNTFQ,1,3.3191743194
QWNIN,1,2.38628851526
KTMSF,1,1.76480013852
DYFFD,1,1.23428542182
QYNNE,1,5.98917292398
PTYAD,1,2.53280891236
NSDYY,1,1.00295987571
CYMTQ,1,2.96673553485
HSMIP,1,4.47859261957
SYPQP,1,4.15182326162
GYFAV,1,3.69371704045
YVMEV,1,2.04164034387
SMYQT,1,4.81031479777
PDQIT,1,6.34141529652
QKATN,1,3.28556592676
PKTQN,1,1.73678576234
LSTLS,1,1.23428542181
QTDTQ,1,2.92589048258
SHYMQ,1,3.43068263462
TADTL,1,3.80132601454
QTQLQ,1,2.76266439418
NEIIT,1,0.163896093922
DTETV,1,0.234285421813
VSTHP,1,4.37724337566
PWTTL,1,3.08087550715
YTLRS,1,3.09502755662
YTLRP,1,1.97125101598
LTSQH,1,0.723869874461
YWYIT,1,5.04164034387
TSTRN,1,0.649322921096
TSTRL,1,3.82923201111
TSTRF,1,0.837626451849
AEEMQ,1,1.87171534243
AELSM,1,1.43359423004
TSAVH,1,2.81140716932
CTYID,1,3.61084877328
YKAWE,1,0.649322921091
HTVVT,1,1.18537582134
LTTQN,1,2.39348401666
YAQMC,1,1.43968477224
THWYK,1,2.01189300048
NTESS,1,2.60774381734
KCSEN,1,1.23428542182
YYMDV,1,1.88198367788
SNAAN,1,2.37178894556
YYMDD,1,1.54817619764
YYMDE,1,1.97125101598
PHMSE,1,1.13474974826
RTTIH,1,4.32174826306
RTTIN,1,3.10875453973
VYMYD,1,1.30139961767
VYMYE,1,0.286752841709
DEMFD,1,1.6493229211
STTYN,1,3.94155933104
PKTLN,1,3.68697546258
STTYP,1,0.884342950761
ATYFS,1,0.883788174731
QSSMN,1,3.19364343732
TNTLL,1,0.724210132724
VTLNT,1,1.78177321712
HCLKT,1,3.4378188159
LMHIT,1,3.04164034388
NVQTP,1,1.8616265248
WNLLN,1,2.78213474952
YEFED,1,1.97125101598
YEFEE,1,2.37178894557
LTTNM,1,0.121391365403
QTTRL,1,0.929430840284
QSTEP,1,1.91113002354
DHMHD,1,1.23428542182
TSKIN,1,0.649322921092
NMTAC,1,1.40831482159
NYHHW,1,4.33782302592
HTFLT,1,4.07078668953
RTTRA,1,0.764800138514
TTTAC,1,1.50730391622
TTTAS,1,1.36755195267
TTTAP,1,3.18929796704
FDMDV,1,2.10875453973
NGNID,1,1.96090907176
PLFWN,1,3.16239250333
MTMAY,1,2.2425530378
NTVQN,1,4.47132461911
NALRT,1,2.59869684802
PDTYT,1,1.92017683139
TEPIQ,1,2.37684881937
TKTVE,1,2.34073636344
GIQVP,1,0.628564360922
DTYYP,1,4.42386597308
NEAMQ,1,1.70141143224
INSFN,1,1.15951765341
EELDT,1,4.28231811824
SSTKP,1,2.69478294005
LRIHS,1,3.38438898234
YHIVS,1,3.21816575644
VTSQC,1,0.649322921094
YDIEY,1,1.6493229211
YDIEV,1,2.50730391622
EDMVE,1,1.23428542182
YDIED,1,1.41485766746
YDIEE,1,1.21174285316
WQTTE,1,0.671017992193
KQTNI,1,1.86433581206
KQKCD,1,0.344468339565
YEIEE,1,1.70467914607
YEIED,1,1.92943084029
PVAQP,1,2.96363783187
YEIEV,1,1.55621351671
YEIEY,1,2.08228232837
VKTSS,1,0.497319827644
DDMDV,1,2.19878674059
DDMDY,1,2.00238952779
PTPVL,1,2.28352894083
DDMDD,1,1.60187575869
DDMDE,1,1.56717387974
DDMDF,1,1.64932292109
DDMDA,1,1.10875453973
PTPVT,1,1.41013525722
DDMDL,1,1.99724622451
PMMVP,1,2.7885977097
LPDTP,1,0.920624942918
CTVQT,1,0.134749748263
MALLT,1,0.342141411574
QQTHH,1,0.315585523917
QQTHA,1,2.92234141551
YNNIN,1,2.57093502241
KATLY,1,0.0212916984793
TNLSM,1,1.32739482621
AKTLL,1,5.362652151
AAYET,1,1.1273702179
PDSVP,1,1.47529352132
SGSQP,1,0.417149478965
IVDIN,1,2.76035423348
YDLYE,1,1.49731982765
YDLYD,1,0.71971224899
YDLYY,1,0.938829538289
DRTTL,1,0.315899187367
GEKLH,1,2.25022696568
YDLYV,1,1.57532233965
NKATN,1,3.9987317524
ETLTN,1,3.32896667496
HTEIT,1,0.249715462385
ESTMY,1,1.99982016818
GTSMN,1,0.649322921087
ENLST,1,4.10875453973
PYSRL,1,1.06436042037
DVMFD,1,1.55621351671
SPDLT,1,0.0704606199099
GSRIL,1,0.234285421813
VYIVE,1,1.10875453973
ECTQK,1,1.74243232549
VELEE,1,1.97902836657
YVLEV,1,1.10875453973
NRSID,1,4.01418713113
YVLEE,1,1.58220872524
YVLED,1,0.703770705114
GQEFH,1,5.1607714975
PNVQN,1,2.58575779232
QHAIQ,1,1.77194220775
EFNSV,1,4.54932713112
TLTAA,1,4.03014470503
TLTAN,1,3.5562135167
TTLES,1,0.792280874933
QSVDI,1,0.786826444846
KSTAK,1,2.68885128528
YEMVD,1,1.45667784315
YEMVE,1,1.63054571406
YEMVY,1,1.10875453973
YEMVV,1,0.850956782262
SSQVQ,1,2.4130885746
TTLRQ,1,4.6540608401
ENLNN,1,2.57451433345
CLIKN,1,1.17983763779
IIHIT,1,0.321748263065
NQLLP,1,2.39243325547
IETAK,1,0.793712830432
TGWMP,1,1.50248153277
TTYHP,1,2.14364005738
PSSKN,1,0.923945301194
QHHIP,1,0.437818815901
ASTHN,1,1.47035278005
SDFIT,1,2.64932292109
EHLST,1,2.78317866784
TDYIG,1,2.06436042038
YVIED,1,1.273813786
MDNHL,1,0.497319827648
DQIEN,1,3.01038940989
QGWIP,1,3.61279704507
LSPKA,1,2.67650775042
KKLQE,1,4.65681745764
ITMTD,1,1.34976263923
SLCLE,1,2.33582344827
QTNIY,1,2.07253435182
NSSMD,1,3.93472513996
SLVTQ,1,0.0597876905794
TRIIP,1,3.08865697037
CTIVP,1,2.64932292109
VTYNN,1,1.22086490605
YYMLD,1,1.06436042037
TQTHF,1,2.73071124794
LDTET,1,2.57391551843
DVIDY,1,2.01855673076
DYSYN,1,1.8903310206
NTMNN,1,6.05385629358
ATAIS,1,0.98635790837
FYMDE,1,1.58792237643
FYMDD,1,1.50347205463
TDTYP,1,0.304187435043
FYMDY,1,1.23428542181
QYMTQ,1,0.713453258514
IMINQ,1,0.929430840284
DTQIQ,1,3.45151613804
DEMVL,1,0.764800138512
HVVTP,1,5.54656334667
RMQNY,1,5.23428542182
IGVHW,1,2.61894927205
VSSIM,1,3.79228087494
KSHIH,1,0.962983399994
EHILT,1,3.38818555043
HTLVP,1,2.49731982765
LTTFS,1,0.064360420372
SILSL,1,3.25813216377
DEDHN,1,0.638830547272
HTTNM,1,0.492597417405
MAKLP,1,0.877128838618
SQLQF,1,0.713453258512
VSITH,1,0.189891302457
YHIYY,1,0.456677843156
MSHAP,1,0.835189466405
TTTIL,1,0.477842453145
TTTIP,1,2.21700743038
PKMTN,1,1.97125101598
PQITW,1,3.68745804998
FKKTA,1,5.3688433808
ALLAQ,1,1.92017683139
NNITL,1,4.35591486622
YHSLN,1,0.0767441448377
CANVY,1,2.91193982004
TALHT,1,0.927478613951
RQSIL,1,2.95582097541
KDTTN,1,0.117471756832
HTTSV,1,3.14117601743
DQWST,1,3.54094676005
PSLLP,1,2.10875453973
LPTMN,1,3.80312825717
NKYHH,1,0.349762639234
YYTNA,1,3.34729438364
TQYID,1,1.854437351
NSHTN,1,2.45667784315
LHEDP,1,2.11787592969
YSLPL,1,1.0755876758
HSIDP,1,2.86162652481
VDMFD,1,0.912357326928
LTNVP,1,3.26263004751
LTAVQ,1,2.99509775794
TQLQT,1,1.57403479379
HSMSL,1,3.61125488026
TMNPC,1,3.15628290981
TQLQH,1,2.91235732693
ATHIP,1,2.64309096739
DSMWT,1,2.43722548048
DHIED,1,0.234285421813
PITIP,1,4.45667784315
HAHIM,1,1.35591486621
KVTLQ,1,4.51407184907
NKHET,1,2.37724337565
WSVAT,1,4.40123885672
HTIST,1,1.64932292109
HTPIH,1,2.45667784315
DHQHL,1,2.03398677133
QYTVT,1,1.95710683366
NTEIS,1,4.45667784315
RFPIE,1,4.11964285587
LCQNC,1,0.357142169607
TTSLL,1,2.47648632423
HTEQP,1,4.72782489477
ILQIQ,1,5.80460114657
HSIYP,1,0.479397919651
KTQIQ,1,3.68620298679
YVMYD,1,1.41485766746
NNEID,1,4.60351923148
YVMYY,1,1.38628851526
RCTIH,1,3.67907026449
AQAQM,1,2.69371704045
LDIDD,1,0.456677843156
YAIHP,1,6.03734020644
CRQIP,1,0.767717621894
PRLYP,1,1.19497249779
RTMQQ,1,0.218688566765
HNPIP,1,0.887482658286
YDLDY,1,1.02783454435
YDLDD,1,1.34593077765
YDLDE,1,1.47939791965
YDLDF,1,0.971251015981
TWTKP,1,0.10875453973
LTEHQ,1,0.712058676436
RKCTP,1,1.45667784315
TLTYN,1,4.28352894083
VTMHT,1,1.19364343732
TSCFD,1,0.810786343791
RHTTL,1,2.31228793382
PTQRN,1,1.81490898681
QDLYP,1,2.64932292109
AHTKE,1,0.897250434533
LTVEA,1,3.44144332946
TSQLN,1,4.273813786
AETML,1,1.06436042037
TSQLP,1,3.25094741266
YGPTN,1,0.531486430798
IETYP,1,2.73678576234
YNTET,1,2.31581530731
YYHNT,1,2.04621307367
PLTNL,1,1.81924792254
RTSAT,1,1.38408424433
PAVQE,1,0.725271774325
HHTTL,1,1.59273939273
DYFVD,1,0.786826444846
TTWRT,1,2.68846131501
PSYTD,1,0.520039904149
NLIKQ,1,1.14889393058
DVLYA,1,3.58220872524
DVLYD,1,1.33737891478
DVLYE,1,1.64932292109
EVMEE,1,2.18537582133
HDMYD,1,0.349762639232
ATNHL,1,5.33114696107
TDLWN,1,3.36980039247
ITLNP,1,0.80852151594
SSQEP,1,5.21917852943
KVMWN,1,3.1152973856
EECVN,1,2.66261974371
AKEIP,1,1.39254750573
DFMTP,1,0.649322921094
AHTQH,1,1.68885128528
TSQTL,1,1.29317911087
LYYTL,1,0.649322921096
PPAVN,1,1.80245267999
HSLTS,1,1.73111701226
DVLVE,1,2.28159113659
GFTIM,1,4.34976263923
DVQMS,1,3.02909509055
YTETT,1,2.3028497083
YTVTS,1,0.48221293526
QMTTN,1,3.70243425756
QHLKP,1,2.10875453973
VLMDE,1,0.456677843156
DEMVE,1,1.5655545634
DEMVD,1,1.47648632423
SDTLY,1,2.08228232837
YHATP,1,3.6598921628
YMTKA,1,0.912357326924
YDMEL,1,1.40421042325
PQTQQ,1,1.84510998584
NIITN,1,0.995097757936
HHFTL,1,2.53196597045
FVMVE,1,0.234285421813
RSAIP,1,5.01189300048
RSAIS,1,2.33114696107
TAAHY,1,0.986357908375
HTLNW,1,0.456677843156
TSTEP,1,0.277354143706
ICYQA,1,4.21410753988
SPELE,1,2.41013525722
YQTNC,1,0.3191743194
LTNIC,1,1.02783454435
SIFQT,1,2.70821661015
ETSVH,1,0.649322921094
AHLTH,1,0.192221362247
TTTQL,1,2.14117601743
TTTQA,1,1.99724622451
TCTIA,1,1.23706250649
NCTQP,1,0.473751356512
DLGVH,1,4.14574874721
VYMVE,1,0.786826444843
VYMVD,1,2.00687492571
KTITL,1,7.5441406844
VYMVV,1,0.649322921092
DYIQD,1,1.02783454435
CALTK,1,0.220071562593
TCMMQ,1,1.80852151595
ATSIT,1,0.649322921096
LYINQ,1,2.67751981292
AIPVN,1,1.94477880461
KGMLT,1,0.924957363707
SYTTN,1,5.39078990749
STIKL,1,2.47132461911
PEFVP,1,4.15057471543
YIYTQ,1,1.69823252157
MYTEN,1,3.66177414795
IRIHT,1,0.10875453973
ISTTT,1,1.06854821733
NDTEP,1,1.64932292109
HATKN,1,0.72732543309
QTTES,1,3.81140716932
QTTEQ,1,4.15431711711
HLLHT,1,0.67216289745
YKETE,1,0.127976519671
TTEST,1,2.22956301158
QQCIN,1,2.24856964782
PPLTA,1,1.3918266988
MSHVT,1,1.0305169654
NGTIE,1,2.59816883314
PTIMH,1,6.33020984182
HSIIS,1,1.72332350254
QEQTC,1,1.47939791965
PMTQI,1,5.14117601742
QENHL,1,3.45667784315
PNSQE,1,0.919412084463
TFTTQ,1,3.94975604875
DSHYL,1,4.19722332759
TPYIQ,1,1.35627594619
STLSI,1,0.649322921096
TYVTM,1,3.64717445452
RLLMT,1,2.10304088854
LISLE,1,3.10875453973
SNYVS,1,2.08228232837
SSTTY,1,0.118808204392
PHASN,1,2.90482365424
QKTTP,1,0.802131764368
SSLLT,1,0.819247922537
IAISH,1,1.33737891478
THSIT,1,2.50347205463
QVIAP,1,3.13610502788
NFATD,1,0.362293034189
YHTSL,1,2.85095678226
YYLDY,1,0.886362118393
NSQTN,1,0.683471143505
YYLDV,1,1.23428542182
YYLDE,1,1.87171534243
KCNEP,1,2.17288487715
LTTRP,1,2.09196488176
SLTET,1,2.9223414155
TTSTN,1,0.0146073851763
DELYV,1,0.234285421813
DELYY,1,0.871715342428
DELYE,1,1.42693049976
VEMQE,1,1.13474974826
WITTL,1,1.14574874721
HILAQ,1,0.442872043633
DSTHT,1,0.649322921096
GDQLL,1,0.386288515263
DVMEL,1,0.850956782262
RTMYS,1,2.20590362045
YDYNQ,1,3.8130693476
QIMYS,1,2.18465465409
CQMIN,1,1.1407113065
HLQIS,1,1.34729438364
LACTP,1,2.45961911846
DTTHS,1,0.748858594644
DTTHT,1,2.11893831172
LMPEN,1,2.82686110665
HYMDD,1,2.40421042326
YFSTL,1,0.624231940131
ERIQQ,1,4.12505635206
STTTN,1,0.531486430798
TLSQA,1,3.28535960641
TSYIP,1,0.417997374988
FDMHY,1,1.6493229211
YFIFD,1,0.327394826207
YTITH,1,6.71810119908
DRISN,1,4.06436042037
HRTAY,1,0.101835125787
PEIQE,1,1.46042024483
DEMLD,1,0.786826444844
SEEVQ,1,2.64932292109
AKMTM,1,1.2815911366
DELDD,1,1.64070979079
DELDE,1,1.54299168603
DELDY,1,1.6086809366
NGLNP,1,2.44287204363
TILNQ,1,0.141176017423
DYMDF,1,1.00295987571
DYMDH,1,1.55621351671
TIPQC,1,2.04462420231
VVMEE,1,1.58130449767
VVMED,1,1.20186394413
VVMEV,1,1.77860593804
MHMNN,1,4.43504782718
HREHA,1,4.63117557439
WTLHT,1,0.92943084029
PQYES,1,2.34519473555
FMQHP,1,1.63442404471
PKIQC,1,1.51721938509
TSVQL,1,1.49994529705
NEIQN,1,3.55300396022
SSWQL,1,2.78056745437
TVAFK,1,1.75467592124
DDMYY,1,1.76035423348
NSLTL,1,2.00687492571
QNMHS,1,1.93472513995
YELDV,1,0.386288515262
TTMWQ,1,0.0118930004755
YELDY,1,0.649322921092
GMTTP,1,2.31607951298
ETTHT,1,0.776846672813
DDLLY,1,1.81924792254
DDLLE,1,0.234285421813
DDLLD,1,2.10875453973
TNQLN,1,0.373688478478
TQEQD,1,5.15090052731
CKLAM,1,3.33114696107
YVILE,1,0.456677843156
PTDLD,1,2.3428098786
DLMEE,1,1.53642886468
DLMED,1,1.32488797059
ATAYN,1,1.24470203776
DLMEV,1,2.00295987571
HMMTC,1,0.809787593282
NVTAA,1,0.61084877328
INETT,1,5.3663138155
IKILN,1,1.40421042325
LSPVP,1,3.56030047422
TNTRT,1,1.89217944499
SHIQA,1,1.43519811574
DTKNN,1,1.38628851526
QTDWE,1,1.16389609392
NECAK,1,1.79616430942
NKPLT,1,2.58006025865
IHSIP,1,1.77617920064
CLLVH,1,2.35530082278
LTTVT,1,0.327394826207
QSLQL,1,0.103888784559
HKTFE,1,1.38112681015
ETYLS,1,4.39008009442
HTRHK,1,1.97844651739
NNQVS,1,0.426930499756
QDHLC,1,1.5382916087
TNHTL,1,2.63697452866
DYIYV,1,1.75365958091
STSYM,1,0.587922376427
DYIYY,1,0.984925952876
DYIYD,1,1.52733239671
DYIYE,1,1.67316966305
RNSRS,1,1.80582740677
PLSIN,1,2.37564127106
FVMEE,1,2.09410776377
HSEVQ,1,0.809787593282
ASQIE,1,3.27610559751
ETLSQ,1,0.333821095361
DLLYD,1,0.649322921092
QSSHK,1,3.67265542492
EPTIL,1,2.75784737787
QTTMH,1,1.39454261647
VELVE,1,1.6493229211
HTLHP,1,1.98252212831
TVMTH,1,1.31638650203
NQTIT,1,0.737379097757
PKQIT,1,0.277354143707
MHDHR,1,4.09778342191
TETHA,1,0.571918417404
YDMHY,1,1.06436042037
NHIMT,1,3.27225327201
QVPHY,1,1.19276615237
TTTFN,1,3.36604400999
PVTKC,1,1.99748255755
ETCTL,1,0.00162466501906
PETTL,1,4.33243854132
MRLSP,1,3.44188084122
YNVYP,1,4.62507537485
TCCIH,1,0.5276443645
VEMDL,1,1.02783454435
YVTLP,1,2.41485766746
TYTQI,1,2.83694992427
NTQLL,1,2.05812846667
VDILD,1,1.54240771717
SYARL,1,0.623011643977
NTLYP,1,0.332132745216
PRTQQ,1,0.168697080187
PRTQL,1,5.8640835706
PDMQQ,1,2.8351894664
DYMVE,1,1.92943084028
NDTVN,1,3.52186201191
SSTLY,1,0.819247922537
RHSVT,1,2.64932292109
SSTLN,1,0.819247922537
LVTYL,1,0.408314821587
EWIVQ,1,5.05628711983
YTTFT,1,3.28231811823
YYYIP,1,1.56359304707
TSMAE,1,1.76480013851
LNLAL,1,3.52379203901
YYFYY,1,0.10875453973
YYFYV,1,0.234285421813
YYFYD,1,1.17288487715
RKLET,1,1.03323790288
PTTEN,1,2.40064380824
HAETN,1,1.11644893152
HSIIT,1,2.96273951613
ETQSL,1,1.04418253843
YHTSP,1,1.75825729265
LATIY,1,4.46694617861
CNMQM,1,5.84134169339
HPEVT,1,6.03302721356
RSKVP,1,2.73678576234
SRTAN,1,1.91235732692
KHTMI,1,3.33488936275
GEKYY,1,6.03518532173
LSLQS,1,1.23428542182
LSLQA,1,5.4244974374
NEPHH,1,2.80582740677
YELDE,1,1.8903310206
YELDD,1,1.53384570368
QHIEP,1,2.51605639023
SSLQA,1,4.07931076184
QSLQN,1,3.34976263923
PNCLN,1,1.74885859465
YITNC,1,2.30358386494
CTWHT,1,0.33737891478
NYYLT,1,0.769617154809
VYLEE,1,0.912357326928
PYNQT,1,2.15918396657
DELLE,1,1.30139961767
TTKII,1,0.809787593286
HSNLC,1,0.0643604203733
SQTEI,1,0.359816303892
DEIQE,1,0.511819397344
NFTFN,1,3.97125101598
DCENM,1,2.05371317617
GCKQG,1,1.23428542182
QQTVD,1,4.44806471285
IQILS,1,2.97971259473
QQTVT,1,1.56807260057
QQTVQ,1,0.234285421813
TETQP,1,2.09935584173
CNLHT,1,2.05531528077
NQVIE,1,2.75862156358
ATTTF,1,1.23428542182
WTKTE,1,2.60537957351
PILVS,1,2.21003787557
RNELN,1,0.914667487614
WTFKV,1,1.47714194571
PETMV,1,1.17216370991
ATTTM,1,0.309836454823
PNIIN,1,4.20391177277
NMHVP,1,2.74329906931
PHNTP,1,1.0999843301
DFMDY,1,0.566860760903
DFMDD,1,1.37368847848
DFMDE,1,0.912357326932
KTAVA,1,2.29066789171
PNNIQ,1,0.173984911547
DFIED,1,0.556213516701
ICRIA,1,4.5562135167
NYNDN,1,1.09998433011
YYNET,1,0.764800138512
DDLDE,1,1.08425997781
DDLDD,1,1.4378188159
DDLDF,1,0.971251015981
DDLDY,1,0.926163126449
DDLDV,1,1.54978724754
KICHP,1,1.86291839419
ATAQP,1,3.90482365424
YYTYS,1,0.698232521576
HHTAA,1,1.27980008106
PALLT,1,0.234285421815
YVIDD,1,1.18537582133
QRSTV,1,0.118808204392
NVTIT,1,1.0973754776
NVTIN,1,1.02187708905
NVTIE,1,1.6493229211
DKPIP,1,2.45667784315
ISMTT,1,3.79530222691
CASNS,1,1.6493229211
SHTNL,1,3.42816515541
HASHL,1,1.21410753988
DGSLN,1,0.504933011754
MNQIQ,1,3.61100598954
KSQNL,1,0.397135897496
PNPEP,1,2.61066130073
NYMTN,1,1.32739482621
QDELD,1,0.906480760595
FHIST,1,0.87171534243
TTNML,1,1.32739482621
TTNMN,1,2.6372500888
TTAIL,1,0.234285421815
FSQEE,1,5.02870128816
PTSLP,1,1.97431731903
EHVYS,1,6.12235214313
DDKEE,1,1.23428542182
YVIYD,1,0.699948994162
YVIYE,1,1.23428542182
YVIYY,1,2.5562135167
STTQL,1,1.16638135732
LCSML,1,2.10218188581
NTMMA,1,0.833747492229
DYIFD,1,1.97125101598
QHEQT,1,1.84196799903
HHFIT,1,1.39087578475
PQTLP,1,1.79956555668
AALLG,1,4.05771510673
THIAD,1,0.38628851526
SYNVH,1,5.93009369122
VVSTF,1,1.61152088839
RIYIT,1,0.713453258512
PYTMN,1,3.12125751194
PYTMT,1,4.20571626962
LKVTP,1,3.44305455929
TSTHP,1,0.777427746841
TTTNT,1,2.09778342191
YFMED,1,2.08989551247
YFMEE,1,0.912357326928
LSITL,1,0.234285421813
DFMDV,1,1.32739482621
HTFIT,1,1.85095678227
DNDMT,1,1.76715941139
DYLYD,1,0.932256884373
DYLYF,1,0.971251015981
DYLYV,1,0.897250434536
DYLYY,1,1.15833656858
SLQIT,1,0.264982219039
PMAIN,1,2.57688708496
YSPTL,1,0.456677843156
QTTCP,1,1.47244515901
DVIEV,1,1.48582418881
DVIEY,1,1.38628851526
DVIEE,1,1.69012913748
DVIED,1,1.88198367788
PRTYT,1,0.657686394028
TYYSC,1,0.949982399232
CNQLP,1,1.79500037629
RITVT,1,3.35574893431
DFIEE,1,0.649322921093
SSTDL,1,1.3144557705
AMSIP,1,4.15030702917
FSEAE,1,3.28932678537
PPSVY,1,5.08395114873
SVEQN,1,0.0781662198989
PDETQ,1,1.12062864002
CVTQQ,1,1.892179445
YYILD,1,1.38628851526
YYILE,1,0.786826444846
EEMEV,1,0.819247922537
MTAHT,1,2.45237770572
PLALP,1,0.710723465762
VLLTP,1,2.75738266695
RTEQT,1,1.65854145112
PCTLA,1,1.67680365752
ASLMT,1,2.302561863
LSLIP,1,0.649322921087
HAHTE,1,1.93135828886
DFLQT,1,4.06850694972
VDMEE,1,1.70436428465
VDMED,1,1.49974656504
VDMEY,1,2.06436042037
VDMEV,1,1.13474974826
PETPC,1,4.01007026487
LTAQQ,1,2.92943084028
PYMTQ,1,0.146822580564
SYLST,1,1.28792338542
CPLMT,1,4.02710425071
HLQYP,1,0.029926923308
VRLTT,1,3.25813216377
VHMVD,1,0.234285421813
HSQVS,1,1.67398497533
SDTRL,1,1.70821661015
IDWHT,1,2.1535541497
ISYTT,1,0.0746287558246
FQTLE,1,2.88929542006
NGVHT,1,0.196810716396
NYYTV,1,1.50619797899
DDNVH,1,2.95917818368
NTELL,1,1.54240771717
LATTD,1,2.15491718312
HRTKL,1,4.17288487716
PYNIA,1,1.13474974826
SISFA,1,2.40954386756
NAYTY,1,2.18275512117
GQLDT,1,1.97125101599
HVTPR,1,1.02992692331
RNQVP,1,3.18595417173
CAYLP,1,2.71160719934
QTIVF,1,3.10875453973
STWNN,1,3.96371734329
NHLTM,1,1.49062517507
VDTLP,1,1.1188082044
DDLDS,1,0.134749748266
ESITF,1,0.877591908767
LNIAL,1,2.85759423418
RFYTY,1,1.48804201406
YKTIS,1,0.125760965036
FRTQT,1,0.88810978068
TTPIL,1,0.40605177008
MAVMT,1,0.264032765205
MRSTT,1,1.10875453973
TKISN,1,2.35457965553
LNITC,1,2.21700743039
DHIQT,1,1.60492880173
DYFYD,1,1.88198367788
PLSYI,1,0.0967818980658
LHTYY,1,5.57359559493
PWPIP,1,1.35103766808
HDMDD,1,1.3191743194
HDMDE,1,1.41485766746
ASTEN,1,2.30828600326
VSCTM,1,2.06095381893
LHFQQ,1,0.081039161516
STLMP,1,3.6842567112
NTITN,1,0.38628851526
QMTQD,1,1.55202571974
HKTVS,1,1.94210467032
SLLDT,1,1.58220872523
DDLYD,1,1.33737891478
DDLYE,1,1.42191242499
DDLYY,1,0.41984107497
DDLYV,1,0.756238125009
ATAFP,1,2.46623214986
STTIA,1,0.649322921094
CRAYS,1,0.596855501199
DEMSD,1,0.064360420372
DYMHD,1,0.445789527007
QCTTN,1,0.208512320132
RWTNA,1,0.0401128741216
TPLHS,1,0.449837171061
PAEVT,1,3.14855554779
PLPQE,1,4.29317911087
RTETP,1,3.5562135167
TMLLT,1,0.356872027283
TKYTC,1,3.81351155298
TYWKV,1,6.79296123102
TNTQN,1,1.50914526305
PQTTN,1,1.64932292109
YDMDE,1,1.79346389676
YDMDD,1,1.54526510579
YDMDY,1,1.66129556276
YDMDV,1,1.35827413909
YCMST,1,0.946588961745
YYMVV,1,2.10875453973
YYMVY,1,1.64932292109
YYMVD,1,1.81924792253
YYMVE,1,1.42191242499
RFQMP,1,2.82297100857
HYYDN,1,3.05217101136
PNQVI,1,0.0898955124788
TTTVS,1,0.850956782262
DDIED,1,2.07622057558
DDIEV,1,2.13870776183
TTTVH,1,3.83914747997
DDIEY,1,1.80686419808
DEIEY,1,1.05142136466
DEIEV,1,1.79291377472
EEMVE,1,0.0118930004755
GLTTN,1,0.912357326928
DEIED,1,1.5104952164
DEIEE,1,1.59049210963
KALHL,1,3.73678576234
YNCAQ,1,0.634967628118
NLMSN,1,2.34976263923
SQYLH,1,3.5404246309
LCTVP,1,5.8430946645
LCTVT,1,1.22675174913
TYTAG,1,1.79616430942
MYNTI,1,0.134749748266
SQYLQ,1,1.64932292109
PSQMI,1,1.05812846667
RTFSP,1,1.273813786
QSTWY,1,2.26730047904
GILAT,1,1.70404610743
AVHPL,1,4.43068263462
DLLVD,1,0.497319827648
LNPIL,1,2.50437458518
TLIIP,1,0.793158693666
PPEIQ,1,2.20919444086
DTHMP,1,2.92666086496
TKTAN,1,0.444208491189
SNIQW,1,0.102688539034
IAHIS,1,7.1152973856
QTLSL,1,3.72772926656
DEKDE,1,1.23428542182
PCTII,1,2.28352894083
DNYYP,1,1.83914747998
YYIDL,1,0.234285421813
YYIDD,1,1.39125476816
YYIDE,1,1.16869708019
YYIDY,1,1.15628290981
YYIDV,1,1.10875453973
YGTFT,1,1.43359423003
AKVTN,1,0.850020271328
YYTKS,1,3.70821661015
RTQMN,1,3.64932292109
PFMQQ,1,1.58792237642
STLNN,1,1.55621351671
IMTTN,1,4.02629237954
STLNE,1,1.62294750567
PDELN,1,1.77928151522
SSTYD,1,4.09778342191
DEFYD,1,1.23428542182
AATHF,1,1.8247649275
LTAYA,1,1.23428542182
TQTNV,1,2.69496558665
ASTEV,1,1.86900095773
HNLLP,1,0.582208725235
LTIQN,1,3.35275889169
NPLRA,1,1.26075763318
LTIQP,1,0.989947109687
LTIQT,1,0.245425979419
THSLM,1,2.4814457483
YTTIN,1,1.13210502701
PHNTQ,1,0.994458407142
NKHHA,1,0.41984107497
LNSYN,1,4.02783454435
YVIDV,1,0.134749748266
HSTLL,1,1.98467153174
TDYVT,1,0.819247922536
TTHYG,1,0.495410237639
CYLTT,1,2.53914000334
RTELH,1,0.25937640278
HTETN,1,2.37178894557
HITQC,1,1.67225973237
PTTQS,1,1.86505161215
HITQQ,1,1.0676355524
ETLMP,1,2.99913004856
QYLKN,1,3.19952000365
QTDHC,1,1.53384570367
PTHVP,1,0.316079512975
VITDN,1,1.79616430943
TEIVT,1,1.34351449157
YTVKP,1,0.886362118393
HTYTL,1,0.587922376426
KYNVP,1,3.09410776377
YELYD,1,1.01189300048
VNTLA,1,1.50811041678
YEMEV,1,1.83374749223
YEMEY,1,1.87712883862
LMITM,1,1.93882953829
YEMEE,1,1.5934453769
YEMED,1,1.62782185188
MQTYP,1,1.06436042037
VSTLS,1,0.649322921092
YKITP,1,4.22423175715
MHTWN,1,1.39406586585
PVIHT,1,5.69225903625
SGQQN,1,3.5562135167
RTLRT,1,5.25517278829
EHPEP,1,2.87171534243
PMPYM,1,3.81924792254
QYLTN,1,0.0643604203707
TSQII,1,4.56186007984
CTITN,1,6.64480743997
NTCIM,1,0.301399617671
NFSSY,1,0.295685966474
ATTYQ,1,3.36081782774
KMHAN,1,2.28914735684
YSTTL,1,0.064360420372
YSTTP,1,0.475293521323
YSTTY,1,2.63744882081
NSCFL,1,2.62332771256
STLQQ,1,3.33258749542
IYLTN,1,4.04164034387
VTMRP,1,1.30139961767
ETTPC,1,0.138361001814
LTSIT,1,0.809787593282
CSYNL,1,1.09410776377
HNNIN,1,1.34976263924
RDEVQ,1,2.07931076184
HLSTN,1,1.84863172932
QTVYL,1,1.96126692741
EWLTP,1,1.10875453973
APLTD,1,2.45667784315
VGQTT,1,1.76253353154
QTQYT,1,2.34976263924
QTQYL,1,0.293179110861
IYIQS,1,3.49786127822
YLIYE,1,0.649322921096
PNWND,1,1.08087550716
DDLQD,1,1.10875453973
CTLNA,1,1.06137656193
KCTQL,1,2.0456758571
PTRFT,1,4.43068263462
LQTEN,1,3.85389406534
LQTED,1,4.54656334667
NRHEQ,1,2.93472513996
TTSNN,1,0.234285421813
VYTMP,1,0.592739392725
PTMSM,1,2.70243425755
ETTKH,1,3.35591486621
KTFAV,1,1.3092474795
VEIYE,1,1.89725043454
DYFLD,1,0.456677843156
ATPCN,1,2.29317911087
TAETD,1,0.866352157664
GCSML,1,2.1798376378
PRSQL,1,3.28491149489
TDTNY,1,0.257005498315
VATIQ,1,3.15929193253
TNTYT,1,1.17165443355
FVMYD,1,0.764800138512
AAQLN,1,0.959965208436
TLNFN,1,1.23428542181
SGEQL,1,2.70779222567
YQTKP,1,3.50730391623
NLFTA,1,1.23428542181
MDRLP,1,0.743959795231
VHTHE,1,3.45667784315
YDMLE,1,2.26823275374
YDMLD,1,0.778605938038
DEIKE,1,2.76480013851
DPYAL,1,2.60638912509
FCTRI,1,5.14869986781
GTLTH,1,0.589616674969
LYTET,1,2.35292991831
WHAVT,1,3.04490805771
QHLQP,1,1.52379203901
QHLQN,1,1.20073286211
HDIYD,1,0.234285421813
STILC,1,2.72671295376
TYTIT,1,0.786826444846
FDMEE,1,1.23428542182
SQSAK,1,1.78767784354
HEMLS,1,2.2912754004
TCTLT,1,2.29118781304
PRTIN,1,5.26403276521
TYSIH,1,0.240858075739
EGNYE,1,0.971251015977
HMVQN,1,0.764800138512
NCLTE,1,0.473473085694
FQSIA,1,2.23428542181
FQSIC,1,3.79722161621
SHTKI,1,2.23428542181
QTTHS,1,2.26823275374
ISTQA,1,4.29317911087
SEQLA,1,0.323922634302
DFLDY,1,0.971251015981
DFLDD,1,1.6493229211
DEIVE,1,2.09600604698
DEIVD,1,2.61279704507
DEIVV,1,1.34976263923
HYDAL,1,0.64932292109
YTALN,1,3.34976263923
PCTQP,1,0.219638645848
SMTRE,1,2.56870446088
PLHPC,1,5.41852502019
MTTQY,1,2.90522114565
DPEKC,1,0.404210423256
PRTRL,1,1.52070275509
TYSVA,1,1.10875453973
TYSVP,1,3.41705076903
HSNHT,1,1.57823982303
LSYQD,1,0.156282909809
CSQIH,1,2.01007026487
RITYT,1,2.08989551248
CDLVP,1,2.03705307438
YITDP,1,2.81924792254
GQKVC,1,1.28403845701
SDLTH,1,0.211201808701
QTMHT,1,1.2997384833
SSTQE,1,2.97701028527
SNYSP,1,0.163896093919
SNSIL,1,2.72332350254
QATLN,1,2.12380888546
HAQSH,1,4.24809122134
LGLTP,1,1.77401866854
QVNVQ,1,4.61675505864
LQLTS,1,0.386288515262
EHKVD,1,4.07558767579
QSSIA,1,1.04525159742
YTTAY,1,2.6493229211
QYTKD,1,1.26372919971
TIHTD,1,0.0755876757914
TTIET,1,2.96052460939
YVLDY,1,1.81924792254
YLTMA,1,5.73678576234
PTQVV,1,3.78317866783
VELDD,1,1.52379203901
HSIVP,1,0.755117585113
NNPVL,1,4.00393963468
QYIHP,1,2.77033832206
GSLAS,1,2.38917102379
SCTQN,1,0.674413902056
DRNHS,1,1.39040462373
LNLTP,1,2.80042404824
FYILY,1,0.134749748266
HWLEP,1,1.34446833956
SYLHH,1,0.620176575434
QTCTL,1,1.25339424476
PTSLM,1,2.43222479942
SNLRP,1,3.04925352798
QTYIT,1,1.99982016818
HTIAP,1,0.0688618126063
CETLT,1,1.42954171322
TSYIQ,1,0.423763220679
HYMYD,1,0.0118930004755
TTKIN,1,1.78980414464
DYLDA,1,0.234285421813
YTIQH,1,3.1368370817
TFCKP,1,3.39987148754
SDTYW,1,3.07313063
TGPAN,1,0.127370217907
PSFAR,1,1.92616312645
PSVLP,1,2.10360205197
DYKDD,1,0.234285421813
NYYIT,1,1.34120062573
PADLD,1,0.780567454373
VLIEE,1,1.13474974826
DAYNK,1,2.04164034387
HFSAV,1,1.61894927205
PSYAN,1,0.0690369075812
KTWAI,1,0.27081129784
HRTTA,1,3.10875453973
YTTHP,1,2.39366804563
STHAL,1,1.5936134885
PKPML,1,0.17983763779
RIHVT,1,3.01389535339
PKIVS,1,2.28581572245
PKIVP,1,1.00295987571
ITYAP,1,2.26823275374
EVSHF,1,1.52379203901
KLEVP,1,3.54009385134
TDIDN,1,2.54009385133
SNCHN,1,0.34120062573
QRIHH,1,0.0929295725677
SRQYN,1,0.081039161516
TTLTT,1,1.73153768438
TTLTP,1,0.571320409096
TTLTH,1,1.70116185262
PCWTT,1,1.85181578499
YKTVT,1,1.8831201057
QLLTN,1,0.764800138515
LTPMQ,1,1.16453431337
DHMDY,1,1.55621351671
QTQQN,1,1.10875453973
LSNAP,1,1.33382109537
PNITL,1,0.764800138514
YTLMT,1,4.69875263035
DYFDD,1,1.10875453973
FTIAA,1,3.06436042037
ASAVP,1,3.30615140801
YILLN,1,0.649322921092
NVLSN,1,3.25058723414
RSHPG,1,4.20073286211
KSQMI,1,1.60351923148
PCVET,1,0.134749748265
HNLNL,1,3.64178924841
LTSSY,1,0.497319827648
NDPTP,1,3.56624388184
LTTSY,1,1.61807198711
SITKN,1,0.912357326928
PSSVR,1,1.25813216377
VLMVD,1,0.456677843156
KTTWS,1,3.47859261958
LETIM,1,0.127370217907
IDQWP,1,1.74553823636
DYMEY,1,1.87171534243
DYMEV,1,1.51605639023
DYMEL,1,1.08989551248
DYMED,1,1.68228311987
NTTKL,1,1.27225327201
SYSIE,1,5.86849144155
SLQQM,1,0.462909796867
KIQFN,1,0.140309273607
DEMDV,1,1.59510253009
DEMDY,1,1.92943084028
DEMDD,1,1.63683197691
DEMDL,1,1.34976263924
HDRTL,1,0.477141945713
MYTNC,1,1.4378188159
MTYHH,1,0.347942203609
GQPQP,1,3.19414603096
FVMDD,1,1.97125101598
FVMDE,1,1.58792237643
YEMEL,1,2.37178894557
NEEAI,1,3.26403276521
HNITN,1,0.819247922541
HPTLN,1,1.64932292109
ALLTT,1,0.231257729117
ISQNL,1,1.14117601743
SYNSE,1,0.386288515257
TSTKC,1,2.86310221212
NKTIQ,1,1.36552995509
QTLRS,1,0.456677843151
HTTHH,1,2.22597015361
NSMTN,1,4.04392852048
TTKQL,1,1.9223414155
TTLSS,1,1.19952000366
PTYAH,1,3.34976263924
DHQSL,1,2.18235762977
YTMNH,1,1.51721938509
DDAPP,1,2.24743678946
TDARQ,1,1.84510998584
HCLTH,1,1.18409966464
QHTVL,1,1.6279492703
QHTVA,1,1.53459070501
NTVSE,1,1.53515190118
WNHTN,1,1.8043285027
MYTKL,1,4.72873562963
PYTHF,1,5.78477570528
LTAIA,1,2.58853123698
LTAIG,1,1.52080818057
TMTDC,1,2.21700743038
LTAIS,1,0.426930499762
SIYTL,1,1.68679762651
NMVYD,1,3.78887427349
TSPEL,1,2.17457917569
CVTYA,1,2.28159113659
SSTIC,1,3.15182326162
YYIST,1,0.556213516702
QATTP,1,2.57132040909
DDFYD,1,1.71971224899
RLLTM,1,0.610848773278
RSYVW,1,2.50437458518
PVTQH,1,1.13474974826
EQVKL,1,3.95214219304
QNEYT,1,2.58242339602
KTLVA,1,0.609430193968
LKTSP,1,1.10875453973
TQPIA,1,2.81652842118
YYLYD,1,1.0999843301
YYLYE,1,0.386288515257
YYLYV,1,1.70821661015
ILTQT,1,0.432831101196
GYMVT,1,5.16764822878
VYIED,1,1.37178894557
NAGIL,1,1.21492009695
SKIPC,1,2.51162336567
GYTHR,1,2.51721938509
AVDMP,1,1.00546673132
TKQHE,1,1.75894741227
TMNVN,1,2.97779386185
DMTYD,1,1.66562473342
VDMHY,1,1.23428542181
DEVEE,1,1.57893359321
YHYRP,1,1.93882953829
YHYRT,1,3.97125101598
VDMHE,1,0.649322921096
SNMTN,1,0.936712597278
MYIAT,1,2.86168318885
CISQL,1,2.76083123631
WTIEN,1,2.16177292203
AATEH,1,1.67386510536
LSLTQ,1,0.456677843156
LSLTV,1,2.19952000365
FYIDE,1,0.234285421813
FYIDD,1,1.28159113659
GITIP,1,2.68719110668
CVMLS,1,1.2425530378
SKLHP,1,0.215669743649
QIAHP,1,0.649322921091
QTYQH,1,3.0999843301
NQSQL,1,0.808020667107
DINIP,1,2.70944391353
LSTLL,1,3.74539033083
TSITN,1,2.74524734109
SDTQN,1,3.71541211155
PYYVQ,1,2.94459064746
DLIFD,1,1.23428542182
FAQVN,1,1.46977350076
EMALP,1,3.65930700967
NSLQT,1,4.96220587638
HRTLI,1,1.1273702179
CVIRQ,1,4.05348195652
QSHYQ,1,0.386288515262
TDVNN,1,4.39655685071
QHSIP,1,1.02629237954
FYIYD,1,0.850956782262
ATTIA,1,3.00416563845
QHHTL,1,3.44048580964
DAESM,1,2.58422789287
NVDTN,1,0.635109061876
VNTAN,1,0.889149935765
LTLHP,1,6.01126669483
LTLHT,1,1.10875453973
WSMHP,1,1.97125101598
YTFTN,1,4.90266393072
FLMED,1,0.649322921096
TRNID,1,1.35668205318
LFLSP,1,2.58792237643
THHQV,1,1.79616430942
NYHSP,1,0.234285421813
RYYTL,1,0.391010925502
DLIYD,1,0.386288515257
DDLAL,1,3.0999843301
TTPVD,1,1.20240136079
PHFQN,1,3.64932292109
HKHSP,1,1.84810278521
LLIHS,1,0.649322921092
FTVDP,1,2.18537582133
THYDN,1,0.871715342428
RTIQP,1,0.428932852665
DAHLC,1,3.16717122596
DQQQT,1,0.488260488359
LHSTN,1,1.14313753376
EEMEE,1,1.85729482668
QQDIT,1,1.67612298044
FYMYD,1,1.50730391622
NIYTE,1,3.22086490606
TDLQE,1,0.674269278224
HQIIT,1,3.35827413909
KGYNT,1,1.68274592263
NQIYD,1,0.439869555467
PNTIL,1,2.86177253918
PNTIT,1,4.34976263923
PAHYA,1,0.234285421814
AELIA,1,1.93472513996
VEIVE,1,1.87171534243
YTVNP,1,2.2730178163
YYMNY,1,0.456677843156
TTALN,1,2.1673544137
PWSET,1,0.874743035123
STTTY,1,0.758947412266
DEMLE,1,1.77860593804
DEMLV,1,1.23428542181
VVIEE,1,1.81924792254
MTYPC,1,4.71541211155
PQTKP,1,0.993277322312
IYTHY,1,2.10053403292
WNMTM,1,0.971251015982
SYTAY,1,0.649322921095
HQHPP,1,1.76629904259
ETTNL,1,1.9619131514
IAVYT,1,0.544625542427
NATIA,1,0.764800138514
HLTEL,1,3.7990700406
HTLHF,1,3.70460535659
SANMH,1,4.02187708905
SANML,1,1.35457965553
YDMAD,1,0.764800138512
YDMAE,1,0.497319827648
DYMVD,1,1.83092972759
DEIFD,1,0.649322921096
DYMVV,1,2.49731982765
DYMVY,1,0.708216610146
MNYKH,1,2.23428542181
ETCYE,1,0.769617154809
TTTKL,1,3.13044961083
TTTKP,1,4.3694450051
ATMAM,1,0.523792039006
LQITP,1,0.289147356847
LCTQM,1,1.25813216377
CNQIL,1,0.185375821333
ITAMN,1,2.66724482909
EINVQ,1,0.887014478809
LEYSN,1,4.05682674769
PDICN,1,1.31228793382
HDLDD,1,1.23428542182
SSNVA,1,4.91985186347
TMTLN,1,2.94586569756
TAFAY,1,5.13428963183
PVFTN,1,1.23428542181
SSTAL,1,1.13362308281
SVISP,1,0.971251015979
SNSYL,1,2.10875453973
PTMNN,1,2.31638650203
SNIVP,1,1.11065407265
QADIS,1,0.217606680674
PTMNP,1,1.75623812501
TTTRN,1,2.10752827952
PSAFM,1,3.05531528076
NRTRL,1,2.00295987571
EMTYN,1,5.44422008688
YYTLT,1,0.45001411287
NYTVN,1,3.18016020795
HITIQ,1,1.14236293238
GYMNP,1,3.04385476493
NTHVH,1,3.70460535659
MATYP,1,1.88521118492
DDMQE,1,1.41485766746
PQQWP,1,1.16589844683
RLTTL,1,3.72421013273
RLTTE,1,0.00508461105554
EDMED,1,2.32739482621
EDMEE,1,1.14117601743
TALQV,1,3.09410776377
QLLRT,1,4.02278131662
AKPMP,1,0.65778449984
LSLLP,1,0.819247922537
LSLLT,1,0.327394826207
EYMYD,1,1.32739482621
YCHED,1,1.69066371647
NPLSP,1,1.20875032971
HGISN,1,2.3449294855
WQSKP,1,1.70116185262
AHPWT,1,1.57532233965
DEFEE,1,1.6493229211
DEFED,1,1.20391177277
SVTLT,1,4.54171394701
RTLNP,1,1.91560298643
ETWSL,1,2.52583986765
LCQHA,1,2.53468035515
MSTID,1,1.1653380681
YMEST,1,2.1798376378
VYLHD,1,0.649322921096
PSAIS,1,1.74967344642
HEMEE,1,2.07640576204
VKYTQ,1,4.05871385723
YSTLT,1,4.22514862724
YSTLS,1,1.55621351671
QQMMS,1,0.523792039008
STHSK,1,1.6086809366
FEQTH,1,3.17288487715
ETPIP,1,1.83374749223
EKHCS,1,2.97125101598
DYMLY,1,0.929430840284
RQWNL,1,1.78682644484
STAHD,1,1.87171534243
SYVHP,1,3.12704568859
PREAP,1,2.12062864002
RTMSN,1,2.40918891737
QQTLT,1,5.34723823782
HNTFL,1,1.90747510555
EQLSQ,1,0.301399617673
TWCAF,1,2.20186394412
IVAEP,1,0.54839401224
TSYVN,1,1.84524313107
LSAIP,1,0.298415759228
LSAIQ,1,1.39934466809
EHYTQ,1,1.46056127764
SGQLL,1,2.20731837421
PCAET,1,2.07649417601
SDTLS,1,0.649322921096
VYLSD,1,0.649322921096
NSLCP,1,2.36356843876
YTSLN,1,0.234285421816
IEYNN,1,0.0569808900061
GAGTN,1,2.09410776377
HSSMN,1,2.0007952916
SMLST,1,1.3092474795
KHILH,1,2.33963842196
FRTNN,1,3.54656334667
DVFED,1,1.73678576235
VYIEE,1,1.17288487715
DYLFD,1,0.748858594644
NSIYS,1,0.216797995085
YATSM,1,1.48984470708
ITKTC,1,3.91235732693
ATTTL,1,1.72567380722
VSLTT,1,2.05555615147
CAEMR,1,1.56443402351
LSQEP,1,1.07674414483
QRYTK,1,3.38484509839
QQTRP,1,0.431731486022
HSTQC,1,0.118808204392
YYMDY,1,1.21566974365
YDEYH,1,2.30008748021
KSLET,1,0.565258656305
DFMVD,1,0.614557502929
DFMVE,1,2.04164034387
QTNVL,1,1.76480013851
VMTHC,1,2.57840926282
HLNIC,1,0.990359838925
FYMEE,1,0.386288515259
VFMDD,1,0.971251015981
DDLVY,1,1.13474974826
DDLVV,1,1.84196799903
DDLVE,1,1.27735414371
DDLVD,1,1.66562473342
MTEKQ,1,0.863447726447
HKTQL,1,3.41210480707
WCFTQ,1,3.84572013389
ARPIP,1,2.86021970359
LIMQS,1,0.314455770497
KHLTC,1,0.306671347196
QHLIN,1,4.54656334667
STTLS,1,3.17288487715
STTLN,1,1.86106809823
TDLNN,1,0.194319014498
PSHVG,1,0.13912818877
VYMYV,1,0.64932292109
HISEQ,1,3.30685404777
WRNQN,1,1.61455750293
HQYAT,1,2.02187708905
DEMFE,1,2.10875453973
STITM,1,1.11229489744
TISHP,1,3.27610559751
QTNVC,1,2.59555166466
LTSFT,1,1.31228793382
SFTTV,1,1.94477880462
VSTAD,1,3.0363460442
YDYLP,1,4.4445031292
NQTTN,1,0.972556031938
PSTVL,1,3.63395861144
NLLTN,1,4.13610502788
TILTS,1,0.059198715254
DEIND,1,3.66541689721
MSAVL,1,1.41485766746
TTTSN,1,0.778605938037
TTTST,1,4.64027778149
QHLTL,1,0.75213372668
QHLTD,1,1.23828735237
QHLTP,1,1.99454763589
YDMFE,1,0.786826444846
ITHIS,1,2.21779729902
VQTNM,1,3.90671076379
HDDTT,1,0.117471756832
TVLTH,1,0.00949848533526
TVLTN,1,1.40036370047
RVLTP,1,5.47205306904
RNTVP,1,3.62086647504
QSTLV,1,0.366592713915
SSIKP,1,2.24773095288
ESTIA,1,4.23689663527
AWEYP,1,2.88198367788
NTPML,1,4.00118830013
YTAAY,1,5.33114696107
DIPIS,1,3.8130693476
TRLHP,1,3.40421042325
TRLHT,1,0.968903261124
NFLTN,1,3.33013383248
DDIHD,1,0.649322921093
PTQNM,1,1.38050616267
MTTTA,1,1.78971059982
AFTHP,1,0.456677843149
RTQHA,1,2.57215506057
PQHIP,1,1.57245415771
TSTLT,1,1.55114252715
HTQIN,1,1.26075763318
STEVL,1,1.70821661014
RDIAN,1,2.80524106454
TVTLP,1,4.25982051392
IYAHT,1,0.086186782824
TVTLT,1,1.23428542182
QYTLD,1,2.73981345504
SIILQ,1,3.13352244488
WRKTN,1,2.36814116855
AIDVS,1,2.17288487715
SKQAN,1,4.13998812519
HKWTQ,1,0.161221959624
THAEL,1,1.07931076184
TELYC,1,4.0867282334
HSTMV,1,1.15182326162
CKTTE,1,1.21885538124
NAQIT,1,1.42191242499
QHSYQ,1,1.18989130245
CNLSP,1,1.10875453973
HNTNN,1,1.04621307367
FDLHY,1,0.234285421813
SKVWP,1,0.649322921094
PETYT,1,1.93213100024
YTIVN,1,3.13474974826
AVYTN,1,0.211201808701
ADMDE,1,0.912357326928
YNETT,1,1.89725043454
DDNDD,1,0.819247922537
NSLKT,1,2.39406586585
QNTQM,1,4.11399118809
LKMSM,1,0.23428542181
LLETT,1,3.47375135651
YTSDN,1,1.58575779232
PSFDQ,1,1.63389288053
YVMEY,1,1.5562135167
SPLDT,1,0.456677843156
RNTVI,1,2.20731837421
FTVTH,1,3.35981630389
PVYTI,1,2.81924792253
YATKL,1,1.15833656858
SYHSL,1,2.84447050624
SYYTM,1,2.88878885579
QRIMS,1,0.586587165743
ITLTH,1,5.05740765972
ITLTN,1,0.456677843156
TIDML,1,0.349762639234
ITLTP,1,5.71541211155
PQSTH,1,1.03814289963
FEMED,1,1.82864662054
FEMEE,1,1.66055017652
NHWTP,1,1.64932292109
QLDFN,1,1.23428542182
LYLTK,1,0.485824188812
TTFTH,1,3.85672262795
AYYSI,1,3.15485095432
QTQVV,1,1.33004440462
HTVLA,1,5.03129839965
PNTYP,1,5.69006926344
SQQYP,1,4.69371704045
IETSL,1,2.61426618475
HAILT,1,1.3453167342
AFKWL,1,1.6062541992
NTNIN,1,2.07995727542
HSLVT,1,3.22007156259
SIFAP,1,1.51873881128
TDLFP,1,2.56186007985
ELFQT,1,0.211917608787
TNEST,1,0.556213516701
LTCEP,1,2.04986085068
TVFIP,1,3.95310366926
AQMVT,1,1.88636211839
DAANL,1,2.49062517507
LNEYP,1,1.26707535693
SNQTL,1,1.0854220359
TLQVI,1,2.86741520499
TRTMP,1,2.12954458913
YRTTL,1,0.146822580564
VSTIC,1,4.56101450297
YYMEY,1,1.39655685071
YYMEV,1,1.29317911087
YYMEL,1,1.10875453973
WYYTD,1,3.31770143
YYMEE,1,1.70559114074
YYMED,1,1.79742156008
DYMFV,1,1.34976263924
DYMFD,1,1.54744330707
TLTEQ,1,1.59849866202
QVTTP,1,0.667701450407
SELNL,1,2.69994899417
DEMAD,1,0.764800138512
DEMAE,1,1.41799737499
IYTTL,1,2.40675261782
TQTQN,1,3.20391177277
DYLLD,1,0.897250434536
QASVN,1,0.688851285279
TSWSQ,1,2.72098390622
WPLDH,1,4.56420630746
NSNVH,1,0.736785762344
NLSIN,1,0.649322921096
DFMED,1,0.971251015987
SMSFL,1,2.50176573269
LWELQ,1,0.1782513869
DATQQ,1,3.97760184813
TYTLS,1,0.649322921096
TYTLA,1,0.96236070687
HDIDD,1,1.45667784315
AMTTD,1,0.368302769786
GLPCA,1,2.04164034387
SPARE,1,3.19185015549
RETRS,1,1.6748580132
WTSFT,1,4.1833014931
VSTTN,1,2.98609878039
VSTTL,1,1.1056034026
VSTTM,1,0.600413320608
YCAQL,1,0.876391829634
HTMQQ,1,2.18697970703
MSENT,1,3.01189300048
YEFDY,1,0.649322921096
FDIYD,1,0.549787247544
IQLSN,1,6.32174826307
RAART,1,0.860827026283
NSMQP,1,2.68973718954
DKLMG,1,1.78925318224
TYTSQ,1,1.1653380681
MATIA,1,4.87685864571
TYTST,1,4.96847393131
ILTIN,1,0.649322921096
TYYIP,1,0.649322921092
NDTTL,1,3.57215506057
FVIYD,1,0.912357326928
TNPIP,1,1.82704629309
FVIYY,1,0.786826444846
RSTYP,1,1.10875453973
YDIDV,1,0.971251015981
HFSQD,1,2.00054532278
DGEAS,1,1.55855745717
LRNIT,1,1.90566267435
VTIDW,1,1.22355901522
YTTDY,1,0.46125057294
YTTDP,1,1.76480013852
DDMEL,1,2.51721938509
DDMEF,1,1.64932292109
DDMEE,1,1.63449985617
DDMED,1,1.69371704045
DDMEY,1,1.24214753959
DDMEV,1,1.50176573268
YYIVD,1,2.06436042037
YYIVV,1,1.10875453973
YYIVY,1,1.41485766746
QATIN,1,0.488858248901
QATID,1,3.84280265051
PTQQP,1,0.756238125009
FSTVP,1,3.7309879178
TELAT,1,3.05984493926
KASSK,1,2.76480013851
QQLST,1,2.68745804998
LQESE,1,0.408314821588
PMNVN,1,1.21410753988
YHTQA,1,3.89725043454
NTYVV,1,4.5053126184
NETII,1,2.93245853299
AATFS,1,2.29592448761
DRPNT,1,0.649322921094
QQTKN,1,2.95049245581
SDFQT,1,2.08618678283
QIDET,1,1.77485380318
AKQTL,1,0.151823261622
YNTYC,1,3.39078990749
FVLDD,1,1.45667784315
QRPIP,1,3.08228232837
DDWNT,1,2.08149633268
QMSTD,1,0.113270020854
TTIST,1,0.982449222587
SSHTL,1,0.995097757936
DSTYL,1,1.29399166794
YYIHY,1,0.426930499756
HELTP,1,2.64146080332
TTSEP,1,0.0278345443472
AILTK,1,1.35714216961
SPLLP,1,3.11602254019
DCLTT,1,2.44872909004
MTQVP,1,2.52484934579
PSYFQ,1,4.92691621674
QYVQN,1,2.95482546807
QQTTN,1,1.61851687431
CYTTQ,1,0.0903196474342
EELDE,1,0.456677843156
PDLTS,1,1.07078668953
YAIAH,1,2.87171534244
DSPHY,1,2.85712780621
TLSNC,1,0.703770705114
ARISN,1,1.47939791965
ASLTL,1,2.26150689055
RIHQP,1,1.34976263923
ANHTL,1,1.05457939958
YETHE,1,5.8242486036
ELLLT,1,0.658660785673
STYTK,1,0.769617154809
SQMSE,1,0.315899187367
SHSLN,1,2.78682644484
SLYSY,1,0.833747492231
HEIHY,1,2.21003787557
QNTIN,1,2.51968764068
QNTII,1,2.90566267436
HSSFL,1,2.70937030477
PNWQP,1,1.69012913748
HAITR,1,5.56520229993
TGTVT,1,1.13171568817
TNLHL,1,0.829895166736
TCVLS,1,1.30139961767
DDLFD,1,1.34976263923
DDLFV,1,0.234285421813
VVMVD,1,1.13474974826
VVMVE,1,1.15182326162
VVMVV,1,1.13474974826
IRHLP,1,4.08773675847
ISLTD,1,0.234285421813
RNLTI,1,1.32739482621
NVTKN,1,2.45667784314
LATSD,1,0.649322921092
VFQTN,1,0.959663041704
LSMTD,1,2.1152973856
LMTHS,1,2.98151935143
PCLVT,1,1.27428348975
NIPID,1,0.736785762341
SKRPS,1,0.497319827649
YDMYH,1,0.649322921096
YDMYF,1,1.06436042037
YDMYD,1,1.54382979225
YDMYE,1,1.45667784315
YDMYY,1,1.79228087493
YDMYV,1,2.52379203901
NMSIQ,1,1.48186617524
QDVHP,1,2.06436042038
QKIHT,1,1.60351923148
VDMYV,1,0.871715342431
PKLSA,1,1.63782728226
PSTFN,1,3.94700346973
ENINT,1,0.0967818980641
YFMVD,1,1.38628851526
VYTKI,1,0.116448931515
NTTLY,1,1.62041022918
DYLDD,1,1.33284925629
DYLDE,1,1.12931586221
FNYTD,1,0.0854220358984
AVYDA,1,2.41485766746
SMYEV,1,3.56101450297
DATIQ,1,2.24028416244
DATIP,1,4.59574188089
WNDMN,1,3.273813786
DATIN,1,0.819247922537
YHETT,1,0.549787247538
CITQH,1,3.86973225615
RSEIN,1,1.87171534243
QHITH,1,2.53545495654
LTTEP,1,1.18365934874
HPTIQ,1,1.81466065304
EEPMP,1,2.34781436744
KKAAS,1,0.569152572408
QLITE,1,6.00335185915
SSMHN,1,1.80460114657
QLSFP,1,0.101835125789
TTTHS,1,1.98161152759
SLEIP,1,2.27176012723
CLAVA,1,2.57413542469
MRHIP,1,0.503472054628
HLYEP,1,1.42693049975
FMAIT,1,1.61977864548
ENMHH,1,1.45109681089
SEVTM,1,3.07718446073
HTTMA,1,1.31192802486
NTQVA,1,4.97779386185
ATWIS,1,0.0118930004774
VDIYV,1,0.971251015981
SYNIA,1,2.53384570367
VDIYD,1,1.01855673076
DAMEE,1,1.59121996653
LIQDA,1,3.26403276521
RITTL,1,0.801326014536
QHTQN,1,0.578933593206
QTWDT,1,1.68729077129
RALYS,1,3.43939985172
ELHWQ,1,3.54134024022
PNFTL,1,1.77733053347
FDIDE,1,0.736785762341
FDIDV,1,0.52379203901
QATQW,1,1.27414141063
QNLIQ,1,1.92017683139
TTQHL,1,2.85877628672
SVSLT,1,1.10875453973
ARWTA,1,4.3571421696
STVVT,1,2.1802455821
SPILP,1,0.840265703806
TSLSN,1,4.80063224437
LITTN,1,0.965582265895
LITTT,1,1.16869708019
STLHT,1,1.77993499851
NYTIT,1,0.649322921092
HIHPC,1,3.35116672211
LSFST,1,0.163896093919
HNLFP,1,0.951885691113
TQLNT,1,4.22423175715
HCTRL,1,0.971251015985
TSTVP,1,2.0014832174
DYMHE,1,1.06436042037
MPTKC,1,2.47307228141
IGTHN,1,2.38628851526
YANLN,1,3.34208871135
PPIIP,1,1.06095381893
CILHP,1,3.34976263923
KGSTT,1,0.576391398639
DTMQP,1,1.58493233382
CVISH,1,0.200965348616
RSLRN,1,2.34021886656
VANVE,1,2.9154632378
LTYTL,1,0.234285421813
LRTAC,1,0.128490757795
LRTAQ,1,0.592739392725
HTDLI,1,0.523792039006
MSTVT,1,1.34976263924
ACIQN,1,4.21056935284
QMSLD,1,0.764800138517
HTITT,1,4.2655815523
DDMVV,1,1.44955340871
FTDDN,1,2.07253435182
KCQKQ,1,0.353867037564
YTYYQ,1,3.85877628672
DELVV,1,2.06436042037
DNPQP,1,3.91314806141
ESTTL,1,0.234285421813
DELVD,1,1.81924792253
DELVE,1,1.29882567401
AYTQE,1,1.66998239165
FMYAQ,1,2.81924792254
ILKRW,1,0.97125101598
YTSTT,1,0.0441825384375
ATTLN,1,4.35268012262
IQYQM,1,3.25418497925
PYTQL,1,2.2087503297
YAIIP,1,1.04034353926
PSAAL,1,2.3036334685
YDLEV,1,1.23428542181
YDLEY,1,1.16389609392
LYTIT,1,1.64932292109
YDLEE,1,1.41799737499
YDLED,1,2.09863032246
LYTIS,1,0.456677843156
TSINE,1,0.616156057155
DNCKH,1,0.582208725235
LSNLE,1,5.14989323453
LNTAP,1,2.7348986528
ETQMP,1,1.27885097425
HKGTP,1,0.5668607609
YKTKL,1,0.320700173633
KNSIE,1,2.75467592124
IWLTT,1,2.1884817322
CTIRK,1,2.58006025866
DDKDD,1,0.349762639232
ITYSH,1,0.748858594644
VYMEV,1,2.40421042326
GYERP,1,1.57532233965
INLTN,1,3.4509414736
LTLRP,1,5.60041332061
PWTQH,1,0.314138729502
IYRQN,1,1.50827903964
NNLTF,1,5.21613807511
CVSVN,1,1.59077073874
RHTHP,1,3.56057870926
YLTAA,1,1.6493229211
PNMIS,1,0.54744330707
VTHLQ,1,3.5562135167
LNEID,1,2.36552995509
YQTTL,1,4.45022282101
YTESL,1,1.34617830189
EATHN,1,2.02692461367
CTLHP,1,1.27225327201
PTRLT,1,1.22881029175
DETEE,1,1.34976263923
NSEIN,1,1.71971224899
NGIYN,1,4.8209167429
RVETQ,1,1.75894741227
PSTRT,1,0.912357326928
NAELE,1,0.193643437316
VLMED,1,1.79616430942
DEMQD,1,0.841967999035
DEMQE,1,0.793288695471
YYSVT,1,4.21003787557
PTTRT,1,3.98823519562
YSQTL,1,5.47132461912
VYMHD,1,1.10875453973
FLIYD,1,0.649322921096
DVLED,1,1.3701688499
DVLEE,1,1.76288547991
KITLN,1,0.841967999035
DVLEY,1,1.31228793382
DVLEV,1,1.06436042037
NANCP,1,1.10875453973
PHLES,1,1.8457201339
TWMIN,1,0.895079335494
HCTYT,1,0.951213262741
FPGIP,1,1.93971544255
RKETP,1,0.389936292273
YDMFD,1,1.41485766746
NPDII,1,2.05531528077
MQLVT,1,0.784252501179
DHMYD,1,1.23428542182
HTLMH,1,2.46523985665
CYSTQ,1,0.234285421813
FSQTP,1,0.176151245829
VFIYD,1,0.456677843156
DDFED,1,1.70821661015
DDFEE,1,1.72732543309
TTKLC,1,3.68641223983
ETITN,1,3.21410753988
THESD,1,0.90307951334
DILSN,1,2.74618446035
RTTET,1,0.709864463027
QNSCL,1,4.93472513996
ETSIV,1,0.0326515606441
GKHYS,1,1.10183512579
LSDDT,1,4.01189300048
TWTAN,1,3.76653310574
QPQTI,1,3.24426951039
YSYHN,1,1.67316966306
CKSVP,1,2.02783454435
SFTQS,1,3.30924747949
QSFSL,1,3.28594754164
QTTFN,1,0.87171534243
QSTQN,1,0.923245643069
QSMKQ,1,0.244066442607
YVMVD,1,0.841967999035
QTTFP,1,2.42971079555
NCEVD,1,1.84108372378
KIEQN,1,1.33521433066
QDPQH,1,3.45752924184
QSAIS,1,0.234285421813
QSAIT,1,2.12231699017
SNYHP,1,3.31005292943
QTLQA,1,3.85877628673
QTLQS,1,2.06301399467
THETL,1,0.10875453973
RTTLV,1,3.53418721037
GTHTL,1,4.24284743532
LETAM,1,2.25813216377
YYIFD,1,0.890331020597
SIRIP,1,4.42740005063
HHILP,1,1.81924792254
YSYSP,1,3.02925661942
DDIEE,1,1.65220542963
ATLST,1,3.80312825717
FVIDY,1,1.55621351671
LSSAL,1,1.11747175683
TYLTS,1,3.34579373704
TYLTL,1,6.53196597045
NDTYD,1,3.25708837134
LTNIP,1,2.31132645757
SIMNP,1,2.3521219121
TVTQP,1,4.54817619764
TALTA,1,1.58792237643
IAYSN,1,1.56915257241
DYLDV,1,1.27081129784
THSNL,1,0.00625746580856
QNLTY,1,3.41870999295
QNLTQ,1,0.156806669138
HAHNC,1,1.45164225326
PWCTL,1,1.04164034387
ETWTQ,1,4.5562135167
FSTMQ,1,3.03091393728
QVSIQ,1,3.04787229758
SHWLT,1,1.7990700406
MNTAK,1,4.40421042326
LQRLH,1,0.663969697057
QCIAL,1,1.93882953829
PGTVP,1,2.05142136467
TTCHA,1,2.81924792253
PTEHT,1,1.36204096901
PTEHP,1,0.596855501197
CSTHV,1,0.144087612842
LATQP,1,2.9772497566
CMVWP,1,2.42776515123
SEPTP,1,1.97924380673
PYSAQ,1,2.0755876758
SWMIT,1,0.03075202773
MKTIT,1,2.35938064179
SYHAN,1,3.08037273837
NAPHK,1,0.904136820118
PDITH,1,3.51181939734
RVSLD,1,1.15833656858
HQQST,1,0.234285421813
TSKMN,1,3.64262826852
WTHSP,1,3.08087550716
AVTHK,1,3.43837702641
TEDTT,1,1.61279704507
TTEKL,1,0.386288515259
KYNTE,1,1.87171534243
QTFQQ,1,1.85924599046
VFIDY,1,0.456677843156
HALLN,1,1.94674605247
VTMAS,1,1.32562573335
TSYSH,1,0.740470809152
QRTWT,1,1.12325410942
DELEE,1,1.69834170223
DELED,1,1.66581104388
TTLAQ,1,2.80073462488
AHILT,1,2.30857920417
DELEV,1,1.85988990703
DELEY,1,2.5698884536
TTLAL,1,0.772705336597
SIMAQ,1,3.82175042974
DHMED,1,1.97125101598
VELED,1,1.07382074962
VELEV,1,1.73678576235
TPWQP,1,0.649322921095
NFDKT,1,3.33803334665
VVVTQ,1,1.37751830563
YSTVL,1,4.63508355431
LIPSH,1,0.946708831717
RISHN,1,1.21352686165
HQTIH,1,2.01389535339
PQYDT,1,1.67696567616
DYIEF,1,1.10875453973
HNQIN,1,0.850956782266
TSHFN,1,2.58343498544
PKHVP,1,0.657686394028
DVISD,1,0.234285421813
HCITM,1,2.64469147236
QIEEP,1,1.03836521184
TTVLP,1,2.78448250438
YFMDE,1,0.456677843147
DFLEE,1,1.01189300048
TVSHM,1,2.47375135651
QVLAT,1,0.785527304693
YNTQP,1,2.62451953009
HTVAP,1,2.01954657302
NTITH,1,2.85295728414
HHKEL,1,0.160823259874
SMHFN,1,1.42461663392
SSWEN,1,0.349762639232
MSMLP,1,3.36204096902
RQSVL,1,1.15182326162
TTVQT,1,1.01610525176
PTCST,1,4.8937948759
STMHP,1,0.324700717036
DEMYV,1,2.48582418881
DEMYY,1,2.77860593804
DEMYD,1,1.29440641425
DEMYE,1,1.91941208446
AGLEV,1,2.88198367788
VYSTN,1,3.30068664754
KITTI,1,2.69994899416
QSYLN,1,3.73135868996
DVMYV,1,2.37178894557
DVMYY,1,0.566860760903
PSHYD,1,0.116448931515
DVMYE,1,1.8457201339
DVMYD,1,2.10183512579
QIISD,1,1.7727053366
DTEHS,1,2.11838630206
VSTLA,1,3.66312872062
ESNMN,1,2.74992686202
TCLLN,1,3.70821661014
SITMA,1,1.51104354626
VATWL,1,0.523792039006
YDMND,1,0.649322921092
TLRQT,1,1.26823275374
HSHKH,1,1.64932292109
QAYRP,1,2.26823275374
PSTQK,1,2.58130449766
RTTMD,1,1.04418253843
TTLRA,1,3.39348401667
WHTTF,1,2.57215506057
TYTKI,1,5.10738770397
AITHH,1,1.41750724587
PYLHW,1,2.94022412036
ATRII,1,0.819247922534
AIEPC,1,2.33114696107
NVFHT,1,1.27225327201
NVFHP,1,6.10053403293
SATHS,1,0.114986493442
HSSLL,1,0.649322921096
QSTIM,1,2.01718730015
HQAHE,1,4.91985186347
YQSCN,1,1.09410776377
QTTNN,1,1.78980414464
SNTET,1,1.70243425755
DHMDD,1,1.08989551248
HDLQY,1,0.693717040444
LALTN,1,2.17618246725
LSVMP,1,2.4111631839
FEMEV,1,1.78682644484
DDIVD,1,1.73178508128
DDIVE,1,2.00687492571
WSSLL,1,1.23428542182
DDIVV,1,0.944778804618
NDKYH,1,0.0967818980658
TTMLT,1,4.40268295351
RTTVQ,1,1.87814161159
TRSIP,1,2.9910142708
TTTEP,1,0.659892162799
HHSET,1,0.533845703673
QQQIA,1,1.94733839603
RTKNC,1,2.21700743038
PTQIQ,1,2.35682891478
PMTVM,1,3.11831940377
ATLKC,1,4.89090890766
RSTTK,1,3.08470906576
DLLED,1,0.497319827648
DLLEE,1,1.67680365751
KTTMN,1,1.70034692412
PNTVC,1,3.61894927205
IVHTH,1,2.68359282318
CEWTT,1,1.89168375867
CWERT,1,3.00687492571
LSSIA,1,0.234285421813
ECSQL,1,0.486940681868
LSSIR,1,3.01189300048
QTLLT,1,1.6578849346
LTQLN,1,1.36980039247
PHATP,1,0.440508906256
WQIPC,1,5.30753440385
SVLSP,1,1.00130824984
DDMHD,1,1.36552995509
DDMHE,1,1.12325410943
DDMHY,1,1.87171534244
VVNTD,1,1.07078668953
QYFKP,1,0.556213516693
TELDN,1,2.9538339629
QQTLM,1,2.12225880408
QQTLV,1,6.03189996123
LSLRP,1,1.45667784315
VVQLT,1,1.70243425755
NWTCP,1,0.979712594725
QNNHR,1,3.31228793382
AYVHC,1,2.18537582133
FYINY,1,0.234285421813
TLSVL,1,2.61279704507
SHVTA,1,0.699948994162
WAQLT,1,0.560967046675
RSMMP,1,1.87171534243
NQRIL,1,1.69879159735
LYSYA,1,0.442872043626
LGEIT,1,0.144087612842
HGGID,1,0.282113946907
PCYEQ,1,1.23428542182
VTRIP,1,2.67991124092
ETLTP,1,1.97125101598
NPTVI,1,1.14377312891
YFIYE,1,0.497319827648
HYLWP,1,0.938829538285
YSSTL,1,2.04164034387
TFYRP,1,2.10645175386
PNTYT,1,0.456677843156
PAMVS,1,2.55464877139
YVMED,1,1.62660284459
YVMEE,1,1.61455750293
SCTHP,1,0.920624942918
NTYHM,1,0.536848191836
DSIQC,1,4.70615414369
FLFQH,1,1.92017683139
QTECN,1,0.768621849467
VVLHD,1,0.456677843156
CQTVH,1,1.70635386612
PKYIN,1,1.94888320295
VSLKN,1,3.01126669482
IWTDA,1,1.54240771718
HALSN,1,1.38917102379
DFMEV,1,1.34976263924
DFMEY,1,0.556213516701
DFMEE,1,1.86231664443
SDNIP,1,0.819247922537
YRLAP,1,1.87171534244
PMNSL,1,3.89725043454
GTTLP,1,2.3092474795
NYNEQ,1,1.02783454434
TENHP,1,3.37905694603
HATFQ,1,4.16028484037
NGMHS,1,1.64091068127
NHMQP,1,3.40139540765
NTNIL,1,0.485824188809
HSDIP,1,2.43642915931
KTTIN,1,1.33213274522
CREHS,1,1.12505635206
HRETA,1,1.97125101598
KFGTP,1,4.31860170775
PTDCQ,1,0.226380223726
YYNDD,1,0.134749748266
TTAWT,1,2.92943084028
RTGIP,1,0.649322921095
RTDIN,1,4.09778342191
QMLTP,1,3.26075763318
TYHTN,1,2.22624810275
TYHTP,1,4.50277425774
DVMQE,1,1.55621351671
DVMQD,1,0.871715342428
YTLAD,1,1.47939791965
YKNHH,1,3.66998239166
EDLQN,1,1.80389995821
CELKQ,1,3.36748880813
SRETQ,1,2.26075763318
RRTAQ,1,0.00972516379668
HAHGM,1,1.27735414371
TSTMN,1,3.95675144629
QTNEN,1,4.3537206528
AETWP,1,2.76906216537
NLTYN,1,0.10618059607
YDMVE,1,1.24923576327
YDMVD,1,2.04462420231
YDMVV,1,2.34976263924
HSTNL,1,2.18257038527
YDMVY,1,1.52379203901
NLLAP,1,2.4925974174
YYMHD,1,1.3598163039
YYMHY,1,1.34976263924
THTLA,1,5.94578032847
AGRYN,1,3.75365958091
VYTNN,1,4.76202305384
TQTTP,1,1.80240225109
TQTTT,1,2.35345712279
QETKQ,1,1.24836060702
VYMED,1,1.98812483455
VYMEE,1,1.80312825717
NLSLH,1,0.456677843156
PYFFP,1,0.327394826203
YYSAT,1,2.95807562723
DATTN,1,3.72461104839
PRILP,1,3.69094741963
FVTQV,1,3.54350246496
EKVTA,1,0.609794556905
PQTMA,1,2.23428542181
QIANM,1,0.234285421813
MYTTN,1,3.12829472613
MYTTI,1,3.76586682621
MYTTE,1,2.73071124794
QVYIP,1,0.684946830821
TVLYT,1,4.14331176177
IYEQP,1,4.01924095892
QRAQL,1,1.65309467498
QSTAI,1,1.70742587566
HTMTL,1,0.730852806583
HTMTM,1,0.0643604203692
HTMTN,1,0.0194345494879
HTMTC,1,1.26075763317
NMTEN,1,3.97425350414
QRWTA,1,2.34976263923
RMTYD,1,1.07765724298
DYIEV,1,1.06436042037
DYIEY,1,1.23428542181
DYIED,1,1.33213274522
DYIEE,1,1.47755657283
STTMS,1,2.32309468877
QAYAQ,1,3.33114696107
YFMDY,1,0.179837637793
TYTVS,1,1.16389609392
TEAVS,1,1.22500760823
TYTVA,1,0.879057317771
TYTVH,1,4.84899526593
GSPTN,1,1.22567229151
YTTEV,1,1.95188569112
PMAHL,1,1.87171534243
YYTYG,1,2.03398677133
QQQQP,1,2.99221063462
PSLVS,1,2.27610559751
STVNC,1,2.64049907071
KLTFN,1,3.21003787557
HCLRS,1,0.0854220358985
CRRFM,1,0.724611048393
QHTTN,1,1.33213274521
MYTIT,1,2.89000069546
HCFLT,1,3.57215506057
LSINN,1,0.95827316198
ADAVP,1,1.19246524612
LSCVT,1,5.84899526593
NDTIN,1,2.21700743039
PPLLP,1,0.761381428284
QTLDT,1,4.10875453973
TVTAT,1,2.95513135062
TVTAA,1,0.267452285742
QATRY,1,1.67316966305
YEIYV,1,1.45667784315
RMWAP,1,0.719712248985
YEIYY,1,0.386288515257
AMLLT,1,6.5104098271
TSLNT,1,1.20706395308
KTLHT,1,0.439604329793
LFTLS,1,3.74735500405
LKTQT,1,0.0514213646689
QMVIS,1,2.6493229211
QYPHN,1,6.6493229211
STYSL,1,0.844873730209
SITAA,1,2.36552995509
YSLTN,1,0.234285421813
YSLTH,1,2.22278978298
YSLTP,1,2.44727914515
STLGL,1,2.65439391064
TNVIQ,1,1.49301969022
TQLMP,1,2.14757378862
ITTRN,1,2.13171568817
ITTRL,1,2.39348401666
HWLSP,1,1.57245415771
TLFHP,1,2.9987317524
WTWNH,1,1.96723795347
KSMTH,1,0.592739392726
NNLEN,1,1.68174439878
FDLED,1,1.32739482621
TTHPC,1,1.29086895018
LRATP,1,0.189891302456
YTTRV,1,1.6220155751
FDMYV,1,0.649322921096
FDMYD,1,0.542407717175
TTIVG,1,4.17470187366
YLMED,1,1.50730391622
YLMEE,1,1.28403845701
NYIHC,1,3.45254995753
YRTTV,1,2.53196597046
TISYR,1,1.99035983893
KQLTN,1,3.78077377472
YRTTQ,1,0.978630546349
MSTSH,1,0.792280874935
YDMQE,1,1.10875453973
TCITQ,1,0.0543067557064
YTSQL,1,3.0256988
IPYIS,1,0.866134310167
TYTMQ,1,1.14408761284
DLIDD,1,0.234285421813
TQTHS,1,5.55621351671
SMLHY,1,4.05217101136
PTYLA,1,1.23428542181
TQISL,1,0.679380154949
VEMED,1,1.81078634378
VEMEE,1,1.63803384274
VEMEL,1,1.23428542182
VEMEY,1,1.48582418881
PHEHT,1,3.9987317524
HDFHP,1,0.784252501179
QSHFL,1,5.90671076378
HVTSN,1,1.10963450013
RICMQ,1,2.24308237005
QTLTP,1,1.32519391802
YHLYY,1,0.234285421813
LTVAY,1,0.572701639497
VETLP,1,2.29548557825
IACVD,1,2.81100392844
LVDQN,1,2.88636211839
DTTDM,1,3.96220587637
TTLNS,1,0.492042128902
PPLQS,1,2.00687492571
YDTSN,1,3.29492677315
HTNIN,1,3.81183045098
EQQLA,1,2.69035018935
YKMTA,1,0.934725139949
TTFAP,1,3.41013525722
YAMYP,1,2.59077073874
TKVYY,1,1.55621351671
QMQLP,1,0.549787247538
TTYLD,1,2.0251898231
ETTYA,1,3.65749685254
HRPLT,1,0.386288515257
HEVHH,1,3.18774283588
PSSGK,1,0.0643604203655
DSFTF,1,2.97779386185
NCTIP,1,0.69163372595
HDMEE,1,1.23428542181
DLMVV,1,0.971251015981
DLMVD,1,0.997246224514
VVMYE,1,0.912357326928
VVMYD,1,1.71971224899
MMLSM,1,2.61748683397
SSATN,1,2.14574874721
QTVNM,1,4.38628851526
TRTTL,1,3.43996044821
MNQVT,1,2.83694992427
ASKIT,1,1.07900719634
DHQLA,1,1.47035278005
LSDSP,1,2.65552807062
FDMYE,1,0.542407717175
NMLHP,1,1.43848472638
TLWKT,1,2.71427836293
AETRT,1,0.711607199345
YQLDP,1,1.18697970704
PNMLP,1,1.02959500221
NQNIN,1,0.59102428053
PCLQQ,1,0.876733417199
TSEIN,1,0.757382666946
TLHTN,1,2.55114252715
EYLDD,1,1.32739482621
VNLTD,1,0.519687640678
NTWAN,1,1.29317911087
YYGKK,1,0.621308544929
YQTYR,1,5.31142481979
NIHYP,1,2.58006025865
STTVS,1,5.41087415354
DVMLD,1,1.30139961767
DVMLE,1,2.14117601743
RQTAL,1,1.51181939734
STSHL,1,4.25700549831
CDTVN,1,3.15508359079
HQHRQ,1,1.57532233965
EDLDD,1,1.58792237643
VQTYV,1,2.16389609392
FEIED,1,1.32739482621
FEIEE,1,0.893248503983
TLNIE,1,1.57532233965
LTCSP,1,1.06025602204
TVLAV,1,2.55289315841
WTSSL,1,1.36019431911
HKPIM,1,3.06436042037
DEIDV,1,1.09678189806
DEIDY,1,2.69371704045
DEIDD,1,1.1119498789
DEIDL,1,0.819247922537
QNYMN,1,1.5562135167
YDLVE,1,1.41485766746
DDIFY,1,0.196810716396
DDIFD,1,1.28159113659
AHLHS,1,2.0863867267
HIYSL,1,1.76480013851
PQVFP,1,3.67169073412
NITVT,1,1.62041022918
PFIHT,1,1.37971586134
NAIWP,1,1.61761406136
TLEAC,1,3.5562135167
NCLMP,1,2.00130824983
CQVMS,1,3.58550782349
HYETL,1,2.07035916099
HCFTY,1,2.84810278521
DEIAA,1,1.00130824984
YDIYY,1,0.986357908375
CVNLN,1,4.21917852943
YDIYD,1,0.888788855791
HMTTL,1,0.204538078418
TYKAP,1,0.537430041019
YYIEE,1,1.26075763318
YYIED,1,1.75784737787
YYIEY,1,0.786826444843
TTEWP,1,1.99327732231
YYIEV,1,1.54240771717
NSWTN,1,1.5847826689
SPIIS,1,1.09292957257
CYLND,1,0.826861106651
LTTFT,1,3.48389931189
THSVQ,1,0.860827026283
SHIHT,1,0.695865507031
LTTFA,1,2.0084040144
EQWTD,1,4.93780453289
GSAPA,1,3.15182326161
NTLMN,1,0.260757633177
VEMEV,1,1.37724337565
TQYMH,1,2.51721938509
QETSL,1,2.68034981671
HETQP,1,2.64932292109
QPPHN,1,0.00687492571543
QPLTP,1,3.02644667022
QPLTN,1,0.28423724379
KPPIL,1,0.649322921093
TLMDC,1,3.70651832268
YDFDE,1,0.234285421813
YHQTN,1,0.795173787557
TKLTT,1,2.16239250333
YQNTM,1,1.94888320295
CLNMP,1,2.47939791965
TSPVC,1,2.50017948179
NMDTN,1,2.63244910252
MDFKP,1,2.99982016818
THSMP,1,3.22423175715
YYLHD,1,0.497319827648
SLTAL,1,0.234285421815
YYMSD,1,0.234285421813
NMYTH,1,1.76732013049
TPMLC,1,3.02380153803
YVMDE,1,2.03398677133
TELSA,1,1.65912609612
RTEMS,1,4.29656970007
VDMYE,1,1.38628851526
VDMYD,1,0.528016624861
VDMYY,1,1.23428542181
YANVW,1,2.97621726888
RYLCS,1,0.367551952678
ITTMA,1,1.62688553197
HSIHS,1,0.971251015981
QPIIN,1,2.5936134885
TTNTN,1,0.201863944125
HVTKL,1,3.78317866783
GHSQL,1,3.62290457278
QTHQI,1,3.23842515218
QTAVN,1,5.20948203082
CVTSL,1,0.196810716396
FPLKP,1,1.31228793382
RISPS,1,1.6578849346
FDMLD,1,1.49731982765
RSLLN,1,1.27937331134
QYETY,1,0.918509553908
YKSNS,1,2.2112018087
ESDST,1,0.736785762343
LSNSL,1,2.15554875121
TTTII,1,1.43508269552
NLMTP,1,0.649322921094
PYTKP,1,0.488386702879
GSLQN,1,4.99011004323
TTVTT,1,3.94155933105
RYIAE,1,2.1884817322
PTQVL,1,5.71427836293
PPRLN,1,0.649322921092
TNMIP,1,2.17406789898
TDLSN,1,4.89139770829
HQTLL,1,1.58130449767
IHTKL,1,2.51144364658
DFMHD,1,0.064360420372
VDLED,1,1.78177321711
YQLLS,1,3.79696647517
RRYNM,1,4.47205306904
TYHNT,1,0.521567373894
TTFRT,1,3.59468766451
NTISN,1,5.28739675828
QANYP,1,2.0363460442
CQLQP,1,0.808276804718
TTVIT,1,1.12410250406
EYMDE,1,0.649322921092
YGATN,1,1.52379203901
TDSEL,1,1.23428542181
HSLLN,1,0.234285421813
HSLLT,1,0.234285421813
ESLTN,1,4.3273948262
ENTAE,1,0.961913151402
FETSL,1,1.81924792254
ECQVP,1,2.45667784315
QHQTL,1,0.810961311347
LSVAT,1,0.649322921096
DVMDD,1,1.71479675857
DVMDE,1,1.66660091252
DVMDL,1,1.81924792254
DVMDV,1,1.71971224898
DVMDY,1,1.10875453973
PTCVQ,1,1.67680365752
RCILD,1,0.899549550629
ATTYP,1,2.38628851526
CRMMN,1,1.75552232492
LTYVS,1,1.09778342191
RSAMN,1,2.91235732693
SNHFL,1,2.6598921628
IAFTN,1,2.04621307366
MHQYP,1,2.22157437007
TRMTP,1,1.30876363778
MTMNQ,1,0.509018349033
PSTTM,1,2.66427326256
PSTTN,1,3.51181939734
DEILE,1,1.43068263462
DEILD,1,2.77860593804
KTMLP,1,0.234285421815
CFTRQ,1,2.60201720631
DYLVD,1,1.05371317618
DYLVE,1,1.5968555012
DYLVY,1,0.52379203901
ETSRN,1,2.58912813918
QHLRP,1,0.52379203901
DYLVV,1,2.10875453973
NSYLA,1,0.97794566855
TRHLT,1,0.90919004785
IATAL,1,3.25761792564
LCSAF,1,2.91235732693
PTTLA,1,1.6493229211
DDIND,1,1.48582418881
PTTLQ,1,1.77485380318
PTTLP,1,2.70283843042
PTTLT,1,0.819247922537
SMGVP,1,4.56579956553
KQHQT,1,0.00921886617933
CTNIL,1,0.649322921091
TNTEA,1,2.89344886438
NVSYP,1,2.14351995789
PQIHT,1,1.0576657678
HHVHT,1,3.34302106135
FANIQ,1,1.59297206672
HLTTC,1,2.57170202397
HLTTL,1,0.497319827648
QTKLP,1,1.97125101598
VDIDY,1,1.77485380318
VDIDV,1,1.10875453973
QSSTL,1,0.649322921097
MPHTL,1,0.0346130769802
VDIDD,1,1.32739482621
VDIDE,1,1.29317911087
SHTHS,1,3.13044961083
MRMTM,1,0.447689059922
HAWRA,1,0.874196331933
IVLEP,1,1.38767505553
HTQYM,1,4.29317911087
CQYKP,1,1.07155592178
EPPHE,1,0.114285645704
AEFTN,1,4.8019699311
LETLN,1,2.80132601454
CYTNP,1,1.02783454435
LETLG,1,2.61615605716
PALTL,1,2.74885859464
DDIQE,1,1.10875453973
DDIQD,1,0.52379203901
YYTRP,1,0.101835125793
MSILP,1,3.29957688207
MATIY,1,0.881496363223
HAIQL,1,2.75974691079
STVAP,1,2.91546323779
VQSLT,1,2.46209133934
PTQLT,1,2.13240580779
PTQLP,1,2.84370096627
NLTIN,1,1.98812483454
PTQLH,1,3.76141273372
GVHLP,1,1.6493229211
PKAIT,1,3.97125101598
HQLQP,1,4.40153628896
SHMHH,1,4.20391177277
NALIP,1,2.8901880025
STETQ,1,4.42241501863
LMEQS,1,1.93620406888
ITAAM,1,1.99294608708
SNMFQ,1,4.28956785732
FCHEQ,1,2.78102860031
HVLMT,1,4.34548798413
MHTAI,1,1.90436453617
QNEHT,1,4.15711756129
LTHTE,1,1.42029740743
RDPIL,1,0.0867282333994
LTHTM,1,0.481200162287
YEILE,1,0.764800138512
DDMKD,1,1.23428542182
EHSTP,1,1.36673571784
EEMIQ,1,0.859540628484
PRFTE,1,0.414857667457
TSLAA,1,2.80271255481
YQEQT,1,3.64932292109
MGWNE,1,4.85877628672
CKYVP,1,2.05397593822
CKYVS,1,1.6710179922
RYFPC,1,1.74448015413
ITTEP,1,1.3977841541
YAHVT,1,2.50628829137
RTISS,1,0.744480154131
ECMQQ,1,2.30332706625
NAQKL,1,1.66895172784
PRVIP,1,4.88453938279
SRTEN,1,0.421912424986
HDMED,1,0.727325433097
NQATL,1,3.62161599192
PQLQS,1,0.70590644946
LTHIT,1,3.49178164411
AYNAP,1,1.48582418881
HETTN,1,1.72542590018
FDMDY,1,1.34321979337
DLMVE,1,1.68494683082
FDMDF,1,0.649322921092
FDMDD,1,1.33582344827
FDMDE,1,1.99509775794
QAPIA,1,0.822387630066
RAPIQ,1,2.45667784315
QALMT,1,0.971251015981
SDMQH,1,0.72732543309
TAQII,1,1.69601615654
HYDVT,1,1.52379203901
LMFQT,1,2.60661847014
HHMTD,1,0.767504347446
VYLYD,1,0.897250434536
ENFAP,1,0.987192559846
TQSVI,1,2.3191743194
SCTML,1,3.05142136466
HRMTA,1,0.575322339646
YDIDE,1,1.81924792253
LSIAN,1,3.89725043454
HFMDD,1,0.819247922537
ENSLM,1,1.75086094755
VVLEE,1,1.18989130246
HPLTL,1,2.92887241372
PQLLM,1,1.69994899416
WTTQK,1,2.98812483455
LGVAD,1,2.23428542182
ISLAQ,1,2.95807562723
QGTTF,1,0.912357326928
IHTSN,1,3.32543330987
GEQTT,1,2.21225911548
RIEHN,1,0.819247922541
NQYLD,1,1.87171534243
LLQYQ,1,1.93472513996
MTLAT,1,0.778605938037
THPET,1,1.69994899416
ARLLT,1,2.19521585713
YQNIT,1,2.92785842047
YYNAT,1,1.22047962229
RCQLA,1,1.23428542181
TNMTT,1,2.28675284171
KITQP,1,1.37971586134
DVLVD,1,1.06436042037
DYFEE,1,1.04164034387
HDMHD,1,0.386288515257
CHLIT,1,4.90307951334
QTESM,1,1.34749603226
VDLVD,1,1.23428542181
LTYNA,1,1.51605639023
SGTCE,1,3.50730391622
TAWKN,1,2.83694992427
PHLTH,1,2.52664040132
DLIEE,1,1.30828600325
YTLQN,1,1.19952000366
YTLQP,1,4.26135366501
PNPIT,1,1.37514795765
DYMDV,1,1.63538373013
DYMDY,1,1.8077522837
RAHRK,1,2.28491149488
LLCQP,1,2.45060332874
DYMDE,1,1.44166527229
DYMDD,1,1.59382780851
NGHGA,1,3.40166374115
YEFYE,1,0.234285421813
MSLTP,1,0.649322921092
PTTDL,1,0.65415607483
DEREE,1,1.58792237643
KTYAM,1,1.55621351671
ETMTE,1,1.30567005505
PYVNP,1,2.13044961083
CMITN,1,0.536313959265
PGYEQ,1,2.98962954529
SYSVP,1,4.38886245892
RTCVT,1,0.400203261838
CTAVD,1,2.02227501901
YRLTP,1,3.20391177277
FVMEY,1,0.064360420372
FVMED,1,1.83694992427
DKFDS,1,0.0643604203742
PEMHT,1,3.82115498831
TNTMP,1,1.27081129784
TNTMQ,1,2.15182326162
GDWWT,1,3.39603649181
NWQKA,1,1.17983763779
SKMTN,1,1.85826981136
QSSLP,1,2.48804201406
SNTHP,1,1.02313775765
VSMIQ,1,2.2016192329
NDMNC,1,2.01553157754
QTTQI,1,1.6169014434
MNAIP,1,2.97125101598
IVLMP,1,1.41413829818
RPTER,1,0.64932292109
NHYTK,1,0.365529955094
HAMQN,1,2.16389609393
DEIQD,1,0.386288515257
TSLKH,1,2.23428542182
YYILY,1,1.16389609392
NGETQ,1,3.14236293237
PHDIP,1,2.02436235244
CLTLP,1,2.31228793382
HKSRN,1,3.62660284459
DDIYY,1,1.37867533115
DDIYV,1,1.80460114657
ARSIA,1,3.97504259515
DDIYL,1,1.34976263924
YMMST,1,0.0343478513056
DDIYF,1,0.748858594644
DDIYE,1,1.5649307338
DDIYD,1,1.12107481137
YDMDL,1,0.566860760903
LETTQ,1,1.07755991812
CHTQN,1,1.85095678226
PNVTM,1,0.23428542182
PHFHT,1,3.23040198732
ATLNI,1,0.48426367482
SWHTD,1,3.34717947821
HSPYL,1,2.75365958091
ITVQT,1,1.55114252715
WVDTP,1,2.83956790692
PELQT,1,3.10875453974
RTQRL,1,1.01189300048
ITTVA,1,1.69114309678
DVIYE,1,1.5968555012
DVIYD,1,1.76480013851
TCGYI,1,2.62914503916
DVIYY,1,1.30139961767
HDLKT,1,0.990359838937
EDSYS,1,0.841967999042
LTTLS,1,1.70944391353
TLELN,1,0.0466584186374
LIDTA,1,1.86722795143
NALQN,1,0.839147479971
KSMLS,1,1.56915257241
HLLYP,1,2.17983763779
FFIYD,1,0.912357326928
YDIFY,1,1.49731982765
YDIFD,1,1.09678189806
NILSP,1,1.38628851526
YEIDD,1,1.62660284459
YEIDE,1,2.0084040144
TIYVA,1,2.5562135167
YEIDY,1,0.938829538289
AYLSH,1,0.542407717182
LSEEH,1,0.561860079844
HGTHC,1,1.23428542182
TSSLL,1,0.327394826207
NKHYD,1,1.51605639023
IWTAT,1,1.71706752773
NTFTC,1,0.60554122907
NLAVS,1,2.48221293525
PATIP,1,2.79228087494
PATIS,1,1.61084877328
TTINE,1,2.15067598916
YSLYT,1,1.99091804944
ATPLT,1,3.79228087493
RNLVT,1,3.0755876758
DALHS,1,3.41939682707
HNMFT,1,3.01450421394
TQTIQ,1,2.73678576234
QQTIP,1,1.93472513996
HVMDD,1,0.819247922537
HYPIN,1,0.900861688092
PGTTY,1,3.66526446496
SNLLT,1,2.8457201339
LTHAP,1,0.599995208728
TAIET,1,4.88772766042
HTYES,1,1.87171534243
NKLHP,1,0.95376358925
RGMQN,1,1.83152625231
PAYIT,1,2.3918266988
RTLTY,1,1.95354901425
QTHIP,1,2.42191242499
WALTN,1,4.29957688207
SPMTL,1,0.980528829561
YTNVT,1,2.74329906931
GSTTN,1,0.786826444842
LNCLN,1,2.12737021789
PTFTD,1,2.95513135062
QYEDN,1,1.66724482909
PVVTD,1,0.0399958719735
ESTND,1,3.76678050265
YVLDV,1,0.819247922537
VELDE,1,1.53384570368
YVLDD,1,1.4378188159
YVLDE,1,1.54240771717
RQLDT,1,1.57961394928
HTPIP,1,0.562339619496
DTTYH,1,1.3943935649
YEMQD,1,0.234285421813
VSLFP,1,1.77952164422
PARVQ,1,2.19121669992
DEMEQ,1,1.27735414371
RSFTM,1,0.154558229335
WSTMI,1,4.48909932084
DEMEK,1,0.972998678262
NHMTS,1,3.47132461912
TSQEH,1,2.99079120238
LQYSA,1,2.07253435182
VTTKQ,1,2.15833656858
QQTQI,1,2.07382074962
AQLTT,1,3.38267726171
EYMDD,1,2.60351923148
TGTTN,1,3.48852670919
LVYNC,1,0.826861106651
ASSIH,1,2.52299209719
KITYL,1,0.401395407649
NMLKP,1,0.549787247544
FFMDD,1,1.41485766746
MILRP,1,2.24971546238
FFMDY,1,1.10875453973
YRTNE,1,3.34976263924
EKHTQ,1,2.94888320295
NYLNN,1,3.36295308577
IPEVN,1,3.58220872523
TYESN,1,1.43173148602
DYMLE,1,2.32174826307
DYMLD,1,1.71160719935
STSMS,1,1.20240136079
PQPYM,1,2.53884638473
PFGTM,1,0.253394244757
TQTKP,1,0.0643604203742
DYLFV,1,0.786826444846
RTIMP,1,1.88878885579
HSVLT,1,1.20962336758
HSVLP,1,2.90805718949
FYMED,1,1.45667784315
FYMEV,1,0.234285421813
PDFMT,1,1.44518220431
HDTQT,1,1.69662863587
REPIN,1,4.19775954579
THTRL,1,0.554165688051
YHSPN,1,0.0152756398707
YVMYE,1,1.08989551248
NIHQC,1,2.1376094024
KKQTT,1,2.27422416719
TSTLP,1,2.1139911881
EDIYD,1,0.64932292109
TSTLD,1,3.18275512117
PMETM,1,1.24300263891
DDIAE,1,0.327394826207
DDIAD,1,0.327394826207
PALDQ,1,3.64932292109
AHLKP,1,2.23428542182
LLMNN,1,2.88796067263
DEIYD,1,1.64932292109
DEIYE,1,1.91941208446
DEIYV,1,2.5562135167
DYIND,1,0.649322921093
HSQIT,1,1.61421912014
HTILQ,1,2.11964285587
DMQTN,1,3.45667784315
TEASK,1,2.99724622451
SQYHP,1,2.19952000365
MTNAN,1,1.70296088469
LAQIQ,1,2.78682644484
MPEAL,1,0.525587552669
VEMYD,1,1.01855673076
VEMYE,1,0.99327732231
HLTYP,1,1.15455822933
IYTTI,1,0.234285421813
FSMTS,1,4.36980039247
RPTVL,1,0.325852661397
AYIAP,1,0.441005684968
SSCVH,1,3.49062517508
ISTMQ,1,3.27867954117
GILMP,1,1.54744330707
DEIDE,1,1.90307951334
DFFDD,1,0.327394826207
HYTRT,1,2.47939791965
PVAHQ,1,3.37514795765
LSHSP,1,0.064360420372
LSHSN,1,1.33697108579
EAVSQ,1,2.18989130245
QYPMN,1,1.6333224424
DDTDD,1,1.30139961767
QEAQC,1,2.6328347983
TSLQT,1,2.62290457279
TSLQN,1,4.06436042038
PGTIN,1,5.20391177277
QCITN,1,1.42693049976
EIMSS,1,2.62268779459
DEMKE,1,2.12288649698
HESVP,1,2.52793652632
CAQHL,1,4.21613807511
HRHTN,1,1.80132601454
NTLNT,1,0.456677843156
NHLHN,1,0.461695917919
YAQTP,1,3.70460535659
EIQNN,1,3.07755991813
TKMAQ,1,0.308286003257
EDMDE,1,0.719712248985
EDMDD,1,1.52379203901
EDMDV,1,0.386288515257
LFTRS,1,0.234285421813
DDMVY,1,2.0781662199
RSLTF,1,1.86231664443
DDMVD,1,1.66491977615
DDMVE,1,1.63883054727
AAMSQ,1,2.79067877034
PQAHL,1,3.59077073874
LYTTE,1,1.77485380318
ETAYT,1,2.97125101598
SDTVS,1,2.03692719025
IIFQT,1,0.649322921096
HTIRT,1,4.54744330707
DHLTL,1,2.8415724692
HSTVS,1,1.70271013384
SPMLP,1,3.60774381734
TTIYQ,1,0.253394244757
YVTAQ,1,3.75552232493
TCIQL,1,1.25266395113
RSETP,1,0.90712067856
YVMVE,1,1.19952000365
YVMVV,1,1.6493229211
TETEC,1,4.02360642105
WTTAQ,1,0.0498608506747
SDKIN,1,0.649322921096
CLWHN,1,4.5741354247
IATSE,1,2.01337649165
HQTTL,1,2.11831940377
HQTTM,1,3.39348401666
HVTTN,1,2.31228793381
SPLEC,1,1.28403845701
HTTIV,1,3.21071695067
LYTKL,1,2.37178894556
YSIAM,1,3.02783454435
YEMYE,1,1.58220872523
YEMYD,1,1.67485801319
YEMYV,1,2.13474974826
EYTAS,1,1.83694992427
HPVVP,1,2.17288487715
IDSFN,1,4.64932292109
TTLKT,1,0.99262466677
SHSVQ,1,0.575322339651
YREHR,1,0.208750329707
PHHVP,1,0.92308373352
NEFSC,1,4.66851648633
HHTDC,1,1.07558767579
ESVSP,1,1.90028449463
GTTSD,1,1.99101427081
TTVQP,1,0.0976804935701
GTTSL,1,4.13732369192
NSLHT,1,1.21322380629
HGLMT,1,3.25911727479
ITMIN,1,3.95675144629
RVTLA,1,2.66922247853
DVFDD,1,1.6493229211
ETTTL,1,1.0854220359
GSYDN,1,0.234285421813
VYIDD,1,1.49062517507
EIEHI,1,3.40776824266
AKHHP,1,2.6328347983
CQIWN,1,2.99724622451
LSQDC,1,3.73678576234
PCLLT,1,3.03475395829
DQPML,1,1.87962054052
LSDVT,1,0.971251015979
IHTNA,1,2.01497239341
NQYQH,1,4.92677638683
QDCFN,1,3.50347205463
EYLYD,1,1.23428542182
TSENE,1,0.462237368493
VFMEE,1,0.234285421813
VFMED,1,1.45667784315
SDVYN,1,2.3598163039
NGRIN,1,1.52379203901
PTTTL,1,0.573240528263
CSMMT,1,0.887362947459
PEPKI,1,3.09935584173
ITIWP,1,2.67294652562
YDMHE,1,0.819247922537
YDMHD,1,2.01855673076
VIFEP,1,1.76480013852
DTKIP,1,1.71566541592
ISKTP,1,0.520998824117
PIKSR,1,0.0118930004755
DEYTQ,1,0.270811297839
DYMQD,1,2.37178894557
DYMQE,1,1.16389609392
FEMDE,1,1.0755876758
DYIVY,1,1.16389609392
DYIVV,1,1.71971224899
DYIVE,1,1.23428542181
DYIVD,1,1.49731982764
TPVTP,1,0.829895166741
IPLQM,1,3.09678189806
NAILG,1,1.97668490203
ICTLN,1,1.07382074962
RYWTQ,1,1.64932292109
ASETC,1,0.814908986812
YSYNI,1,2.66922247853
ILCLT,1,4.02436235244
QTAVP,1,2.51040982709
VVMDD,1,1.27550808454
PEVTY,1,1.73077273471
MSHSC,1,0.542407717175
SSMYY,1,2.25135893517
QTTDT,1,0.403936381079
HMETL,1,2.51439334101
QGSET,1,1.33942892584
PKLYP,1,0.887482658291
NCYLQ,1,3.86564082802
LSISN,1,0.234285421813
YDIYE,1,1.91235732693
RSDTP,1,0.456677843156
TVIVT,1,6.00607498389
TIQLP,1,2.40421042326
YDIVE,1,0.971251015979
YDIVD,1,0.774853803178
TTDTP,1,2.08596267486
IWNET,1,2.83518946641
PTILT,1,3.30840867619
MLYTH,1,3.74618446035
MFKIP,1,5.22624810275
ACVTL,1,2.76052548341
QNEHS,1,1.68745804998
YSYQP,1,6.32527995404
PRTVH,1,3.61714251534
HETTL,1,0.809787593286
QETTT,1,0.303826355069
HGTLH,1,1.34120062573
ATLQT,1,1.55446373475
IGIIP,1,0.468750675451
VNALN,1,3.96090907176
SMEQL,1,2.20186394412
NTLVS,1,2.71479675857
DSEKP,1,1.35932146766
AYITR,1,2.1273702179
PHWIS,1,1.45667784315
HYTAD,1,0.933776310565
NQYIP,1,3.05304510715
NNLRS,1,0.064360420372
NNLRP,1,1.84074899175
TALVN,1,1.2897805344
RRETP,1,5.94717565987
VYLVD,1,0.971251015981
ITENP,1,2.24517373796
QTSYL,1,1.42693049976
LQSLN,1,0.426930499756
YFMYY,1,0.786826444846
YYLED,1,1.48582418881
YYLEE,1,1.09678189806
FTTSL,1,0.649322921093
FTTSR,1,3.36356843876
YYLEY,1,1.55621351671
RTLTN,1,1.57717313534
SPMTP,1,1.59042923204
DPLLN,1,5.82496157373
YLTIT,1,2.29665130278
NLETQ,1,0.0898955124788
QPETV,1,2.07967347587
HSMPL,1,1.78682644484
ITNIP,1,1.13119192885
PTQKF,1,1.78682644484
CHHIL,1,5.08116870806
DRNLD,1,2.78682644485
FYIHY,1,0.456677843156
FYTHP,1,1.73385643131
TKGLT,1,0.0643604203742
PETVS,1,1.04164034387
DTSIT,1,1.11564092532
HTIEN,1,3.04164034387
NPMKH,1,1.76153242468
HYMED,1,0.786826444846
TSYMN,1,1.28792338541
AHINP,1,1.09410776377
DNHFQ,1,3.07755991813
SWTIP,1,0.301399617674
CTVEN,1,1.18181800192
SMAFY,1,0.411163183903
SVMTH,1,0.234285421813
SYITE,1,3.75784737787
DLMYP,1,1.55621351671
DLMYE,1,1.73678576235
DLMYD,1,2.23428542182
FEMDV,1,0.971251015981
FEMDD,1,1.6493229211
QSHHN,1,2.05871385723
LTLDS,1,2.13221351255
VVMDE,1,1.6493229211
KSITL,1,2.40421042326
VVMDV,1,1.23428542182
VVMDY,1,0.163896093919
RFNIT,1,0.627296614763
QITHN,1,2.89556208438
PWEVS,1,3.67265542492
YEREE,1,1.34976263924
SHDVN,1,5.60351923148
HATHL,1,0.657987782219
TTTMH,1,1.4843562948
TTMVN,1,1.9298310886
ARLSP,1,1.03265156064
PHFEP,1,3.24426951039
HSTMQ,1,0.166113919174
MSLLQ,1,4.93756788972
AQLAN,1,1.10875453973
HSSQL,1,0.602930015612
MFIQQ,1,1.45667784315
