LFMQP,0,7.13463287748
STNHT,0,0.295788752425
NLNAT,0,3.07885076118
FPTHT,0,7.22257890547
THNAS,0,1.18803257207
FTSNS,0,0.380677650011
NNTGP,0,0.913172730841
LTTLT,0,0.757747299095
YNNNS,0,3.06517582428
PTLTC,0,4.62860516346
LSHNS,0,0.158285228677
NTSAV,0,6.63823527946
YNDPA,0,2.39532442598
ISNQT,0,1.15828522868
KSQAP,0,0.627770511979
DLCTQ,0,0.403397726515
LNNLS,0,1.2737624461
FPKHT,0,1.03580122214
QNNAS,0,0.42131963451
FPTHS,0,5.27514898637
PLSPI,0,1.05137002476
LNNQS,0,0.60574420565
RPKQT,0,0.43839314787
NSSKN,0,0.158285228677
NSTYP,0,1.00890760463
NSTYT,0,0.536796851931
FAKQT,0,3.52751903834
TNNSS,0,0.380677650011
SMRGP,0,8.3751342618
DSTTL,0,0.0979126106983
LLNLT,0,4.11248153906
NHHNS,0,0.350930306622
TNNHA,0,0.782136742788
LTTES,0,1.05137002476
SPSSY,0,0.158285228675
HVTKI,0,3.84634122236
SNNHA,0,1.35093030662
APNAS,0,0.208911301747
LPTKT,0,3.66607986888
RANTS,0,1.39929332818
QDNNT,0,6.18348370652
VDMDS,0,0.743247729399
RPTGA,0,0.774956589123
YTNMT,0,0.520855308063
TPNHH,0,0.158285228677
PSKWN,0,1.68184718474
TTDEY,0,1.15828522868
SRTSS,0,0.743247729398
HPVST,0,7.10498946581
FNTLT,0,2.78277609359
FDTDS,0,2.87449226268
FDTDY,0,1.13027085251
FDTDN,0,1.38067765001
SINHT,0,0.0587495551273
QNTNV,0,0.0620699134176
KTYYS,0,0.743247729399
QCHTQ,0,0.472393819101
LNNYS,0,0.158285228677
DRSLA,0,0.158285228675
FHMHY,0,3.94255653762
STTHS,0,0.743247729398
KPFSA,0,1.03275434659
QTRNT,0,1.2737624461
FPTET,0,6.78033704814
LLYMT,0,5.08902256624
FASAT,0,0.380677650011
INNTS,0,0.310288322124
QQHPP,0,5.40946647886
QQHPT,0,1.23490651028
VPSQT,0,0.526017013177
PNASM,0,1.01389531935
SIYTQ,0,1.48021332357
THSPT,0,0.350930306619
FTTKT,0,5.74786435747
HCRYP,0,0.158285228679
HESSP,0,6.55274792329
HPNST,0,6.87152632331
HYTDD,0,1.35093030662
KPHFP,0,0.928803382554
NAAPQ,0,0.556834605167
LVNMT,0,4.34150705273
LASGI,0,0.00628213523277
HPQTD,0,3.67982234926
FDTLN,0,0.158285228678
QNNQT,0,0.380677650011
LLQLT,0,1.26520043259
RVNSS,0,8.2162140025
TAKHP,0,1.51192218329
FHLDD,0,1.03275434659
DKKTT,0,0.158285228678
QYNIT,0,0.28381611076
TTMPT,0,2.3755159449
PTNPP,0,0.743247729398
NINNT,0,0.158285228675
SHYPT,0,2.44516637647
LRNHS,0,1.37127895201
QNQST,0,4.46347005973
NHITT,0,0.472393819101
SPTQT,0,1.61328913527
IHPTH,0,0.0233556485948
RPNHT,0,0.717712637292
QNRSG,0,4.69134384025
YDIHY,0,0.350930306619
LPPQT,0,1.96564015073
LSTKH,0,1.61771684731
YTNPH,0,0.0911710328185
SSHPT,0,6.20700924789
SIPQT,0,6.79531255545
TNLSA,0,1.28381611076
FPKKT,0,5.10581780878
HHNST,0,4.87710347613
SRVPT,0,7.87184358508
IHTQT,0,0.617716847315
LICST,0,1.76356771377
NWHHN,0,0.00628213523277
PRSHA,0,8.86495391085
NLSNN,0,1.7014275537
LYNTI,0,0.743247729399
SSNPT,0,2.26790971985
FTSQT,0,5.59410429009
TNHNA,0,1.96564015074
FHTHT,0,5.16826931725
FHTHS,0,4.8710032766
FHTHY,0,5.43130372308
YSNNT,0,4.16826931725
YSNNN,0,0.0327543465937
TNNPT,0,0.158285228677
DNNNT,0,0.573322727955
TTKPT,0,6.14750755743
TTKPP,0,4.46059894225
QNSSQ,0,7.08209265637
QNSSH,0,0.743247729399
KLNNT,0,1.15828522868
TPNIS,0,3.35468244148
TPNIT,0,8.94050004153
KNYNN,0,0.158285228675
LHHTH,0,0.884110265234
QNTSS,0,2.7432477294
FPTQN,0,7.06617734813
CSNLS,0,4.64657170999
LSNHS,0,0.895250822843
SHTHS,0,0.688799945376
SANPS,0,3.48021332356
LPLDP,0,7.09819088151
QVKPS,0,2.93407007174
RSNQT,0,0.158285228677
QSDNV,0,6.01132778878
VHMDY,0,1.7432477294
HKTHY,0,1.00628213523
PNTNV,0,6.59878802856
SSHAS,0,0.350930306619
TTYQT,0,1.2737624461
NNYKT,0,1.93589280734
CINST,0,0.0758230684852
LTKLT,0,0.573322727955
KPNNT,0,7.15363042041
LFNQS,0,0.0802827166765
LLPTH,0,3.38067765002
QPNQT,0,6.35627131283
LMNMT,0,6.15828522867
HTTVD,0,0.643712055848
TNCSN,0,0.158285228677
FTTDT,0,0.78631645129
EHTRT,0,4.36264372718
TFMGP,0,1.51192218329
PNELG,0,8.70580508921
CLNNS,0,3.71900018315
DYTDE,0,0.350930306619
HHPIT,0,1.03275434659
HNTGP,0,6.24037445308
YDTTN,0,2.39532442598
PPKNT,0,8.93464673612
KNETS,0,0.443687447536
NLSYT,0,4.33708838147
NFSQT,0,0.359919089848
QGKPS,0,9.01993048921
TNQST,0,1.48021332357
IHNQT,0,0.0513700247609
TSQTT,0,4.5108016434
TSQTS,0,0.0207817049289
STNIT,0,0.158285228677
MSMHT,0,0.643712055848
TQNHT,0,3.55821583557
HLNST,0,1.66078556921
QTNYS,0,2.41354228392
NQTSS,0,1.03275434659
NHMAT,0,0.189994088402
SSYNS,0,0.158285228678
FPTNT,0,2.6994314971
MFSSN,0,7.91937469527
YSIYY,0,0.573322727955
NSWSP,0,0.7432477294
LTNMT,0,0.520855308063
ITNTS,0,1.60574420565
FTTQT,0,8.35057804315
FTTQS,0,5.80214141845
YDSDD,0,0.158285228677
TAPSS,0,0.895250822843
TTQPT,0,0.42131963451
NQASH,0,9.55258301559
TANTS,0,0.555620726217
SSLTS,0,1.87449226268
DFHSQ,0,6.86334157489
LCNSS,0,5.93237868489
SPQET,0,4.21939674298
SPQEP,0,8.15474149377
TTPGQ,0,0.370123871852
TNLTA,0,3.52751903834
KLEHT,0,0.643712055848
GAHNS,0,2.3885828481
GAHNT,0,7.08938637787
LTPKT,0,0.380677650011
QYNNY,0,0.688799945376
LPKQT,0,0.300304233552
RVNIS,0,2.43130372309
SRHPS,0,0.380677650011
QTDTT,0,0.7253258214
NHHSP,0,1.52085530806
YPSNI,0,0.158285228678
LTSQT,0,1.25139463307
LTTQT,0,3.45290597757
TSDQS,0,0.520855308063
FATMT,0,0.594384343485
ATSTM,0,0.93589280734
ATSTK,0,7.17820948958
LTTNY,0,0.350930306619
YNINT,0,1.32821023012
QQATS,0,0.672858401509
INCST,0,4.12791157963
FILPS,0,0.0379909949624
QINNS,0,0.43839314787
MNNKS,0,0.733399943439
FSTQT,0,2.97119967607
PSRTP,0,0.965640150739
CTNNT,0,0.895250822845
QQLPT,0,2.44586181877
YSSSF,0,0.380677650011
RVQFT,0,0.158285228677
HDSSD,0,0.0207817049289
TSHTT,0,0.32821023012
LLNIN,0,3.09688468402
HRWPT,0,0.0327543465916
HTTLS,0,0.573322727955
HSNIS,0,0.251394633068
LLQRT,0,4.53910701262
LNNNS,0,2.45784551053
LNNNI,0,2.38067765001
FTNKN,0,1.2737624461
QTNIS,0,2.06517582429
QQNLT,0,0.627770511979
LTSLT,0,0.688799945376
TCQTT,0,0.617716847313
TLSHT,0,3.10870319982
TNSPT,0,0.7432477294
NNITT,0,0.225399424536
HKHPP,0,0.158285228678
YYTNH,0,0.858724946819
RLQRP,0,2.2737624461
VPPPF,0,0.743247729399
HPNIT,0,5.17323557014
SALTS,0,2.62777051198
PAKTV,0,1.65304992043
PAKTG,0,4.75548143722
KANKS,0,1.50117294219
QTIQI,0,0.44779184587
TNRSA,0,8.64024607174
QNHMW,0,8.01870714501
HTSGA,0,1.52751903834
QESST,0,0.573322727955
FETDY,0,0.895250822845
ATQNN,0,4.49770075028
QHQPT,0,4.99117524284
TWLTT,0,0.520855308063
PNANP,0,0.520855308063
NNNMT,0,0.15828522868
MTNNT,0,2.31028832212
QQKPT,0,3.22241556609
FNSQT,0,0.0993915396229
QNFKT,0,0.6589788125
NTHPY,0,0.158285228679
YNNYT,0,2.6607855692
LTNNT,0,0.350930306619
TSNQS,0,0.00628213523277
TMMNG,0,6.5802225314
TMKPT,0,1.68184718474
CDKST,0,0.310288322124
NTEAA,0,1.43839314787
HHNES,0,0.158285228675
QTIYS,0,0.00628213523277
FDMHY,0,2.66078556921
HAPST,0,1.11981108087
LQNMT,0,1.29578875243
NHASL,0,0.672858401509
ITNNS,0,1.03275434659
PLIPD,0,5.50911052254
TSRPP,0,0.660785569206
NSRQS,0,7.83394828403
HTCYT,0,0.545308351786
SSLQT,0,0.573322727955
HPYST,0,3.87710347613
FPTKT,0,7.76618454068
QDQPS,0,5.97988207331
TNHTA,0,6.68862909699
TNHTS,0,4.08111736816
FHTNT,0,1.58051822936
PTSTV,0,0.480213323566
DYIYS,0,0.380677650011
SLSHT,0,3.20891130175
HPTGR,0,1.00216602675
YDMHY,0,0.795715149293
HMNNS,0,1.35991908985
SPTNE,0,0.0428080112566
YHTHN,0,0.158285228675
IPQEP,0,0.939939640401
HSTGA,0,4.26979354389
FSHNS,0,0.0327543465916
VPKPL,0,0.988360227234
EYDQH,0,0.530254006065
FDTHT,0,2.77299507279
SQNHT,0,1.59885782006
NKTNT,0,6.22192543698
CDNPN,0,0.743247729398
VDTDY,0,2.18803257207
LNNKT,0,1.2737624461
NHMPT,0,8.14737848361
ESPPS,0,0.158285228678
NTGHA,0,5.81808296232
HINHS,0,3.96564015073
LHTQT,0,3.40621274212
LYCSS,0,0.261378721641
SNRSA,0,4.06517582429
YPTKT,0,2.09688468401
SILKT,0,0.0428080112566
FATHT,0,4.37745374914
HTNNS,0,1.41204182092
HPFST,0,3.9396449422
HNSGP,0,1.2436767199
LTTKN,0,0.795715149293
NAIPT,0,1.83946304466
NAIPP,0,7.49749324911
TTNQN,0,0.158285228675
RDNMT,0,0.795715149293
SNNIS,0,0.15828522868
FPSHT,0,4.04905615892
SVEQI,0,1.55060265146
STVPI,0,3.10581780879
VTNTS,0,1.15828522868
KAMSG,0,0.158285228675
LTNSS,0,1.80598348475
NPQEA,0,0.350930306619
QRCSQ,0,9.5378698866
YTTQT,0,0.930874732576
CLNDT,0,1.7432477294
QSNIT,0,0.774956589127
HHNNT,0,0.743247729399
LSTTY,0,0.380677650011
FLLPS,0,8.13431377358
NNHTS,0,0.15828522868
TTPII,0,2.09688468401
IINTQ,0,2.36181862276
HNNAY,0,0.413542283923
VSCTT,0,2.45596577732
HSAPT,0,0.15828522868
LNPTN,0,0.380677650011
LFNSS,0,3.57974899711
FSNNT,0,2.81036192526
NNSYL,0,9.34481219746
YPTHY,0,0.15828522868
SNNQS,0,4.15828522868
YYYYY,0,0.380677650011
KDNHS,0,2.52751903834
MSTLS,0,1.03275434659
NSHNL,0,2.39532442598
EGANI,0,0.00628213523277
HPKNT,0,4.31478971436
YTNYT,0,0.785626331668
QYTTA,0,0.981407466594
SLSHS,0,1.48021332357
RMNLT,0,0.350930306619
FRNST,0,7.08971800855
GRNNH,0,0.0207817049289
LTVST,0,0.617716847313
LMSPI,0,0.23628774068
TRQTT,0,8.63188029548
PPNTT,0,0.32821023012
NSTNH,0,0.188982025898
NSTNA,0,0.397751163373
NSNYS,0,0.520855308063
NANYH,0,0.158285228675
GNHTP,0,5.03381165338
FPTLS,0,5.45596577732
FSPTS,0,0.698853610042
FSPTT,0,6.40104767706
LPRST,0,0.506208532099
TRSPS,0,0.0162662238045
TNHQT,0,0.260854962314
GSDIT,0,0.158285228677
DDTHY,0,1.83635713379
NLTNT,0,0.610797433375
TPTLS,0,1.83635713379
FSTKT,0,3.56038367225
TIHTA,0,4.43130372308
NLAQT,0,5.76338975659
HSNTI,0,0.0781148799838
HHPSS,0,0.591244635954
LNLTN,0,0.251394633068
VPKST,0,0.795715149293
NASLS,0,5.98750723082
RPVGT,0,5.61958039337
NGAPT,0,0.895250822845
SKQNM,0,0.380677650011
SSHST,0,0.350930306619
KTNNS,0,1.16813301463
KTNNT,0,1.51426080439
LMNHS,0,0.573322727955
LPQSD,0,1.35093030662
QRSLH,0,0.506208532099
SSKNS,0,0.158285228679
THHYS,0,1.76314728684
PHPTS,0,0.0327543465916
VATQT,0,3.48021332357
FHTKT,0,4.9055191583
SLRQQ,0,4.88411026524
YSNIN,0,0.15828522868
NLSNS,0,4.87377929254
NLSNT,0,8.21393267241
PTSST,0,0.743247729398
KPMTG,0,9.12575995815
HPTLT,0,1.64861085526
FPTQS,0,8.19315657392
NSNNP,0,2.00628213523
LPRLT,0,0.573322727955
DDTPN,0,8.57364975275
PPRTK,0,8.60394676201
QSNNT,0,3.24740521473
CTNLR,0,2.41462498193
KNNNT,0,1.05874955513
FTNLS,0,3.90244632425
TLLPS,0,0.743247729399
VDMHY,0,1.46862534929
QTINS,0,3.7432477294
TPTNS,0,0.428374392047
HSNKT,0,0.573322727946
HSNKS,0,0.158285228675
QHYST,0,0.988360227234
LSNIT,0,0.836357133789
SINTT,0,0.795715149293
SINTQ,0,8.57888625848
RTIQT,0,1.15828522868
ITYVT,0,0.828136626983
LNNTS,0,0.994786496394
PNGTT,0,0.158285228675
STKQT,0,2.2737624461
PEPTT,0,0.825709889591
ATQPA,0,0.0138953193432
LLISS,0,0.795715149293
KTYNT,0,2.40036001588
STDAT,0,0.643712055847
KSNQS,0,1.81608060941
EPNTQ,0,0.315154077294
TWPLP,0,0.92381997504
YRNST,0,0.158285228675
YNIYL,0,1.52085530806
LTNTS,0,5.82630959094
LTNSC,0,4.6728584015
LKTNS,0,5.60490907101
QYTTS,0,0.994786496394
QYTTT,0,4.76314728683
APRTK,0,0.480213323566
LPNST,0,4.05640561466
YTYTY,0,1.48021332356
HPPST,0,6.34281692666
DVATT,0,8.49750892591
QITTS,0,0.158285228678
QITTT,0,2.15828522868
RCIAI,0,0.15828522868
AVIPS,0,7.19556725362
FDTHY,0,4.25982325514
FDTHN,0,2.27376244609
SQYNT,0,0.895250822843
YYAPL,0,4.24574806993
FLSNT,0,0.864554025621
HNNNY,0,0.520855308063
HNNNS,0,0.315826505663
NGSNI,0,1.38067765001
VTHKT,0,0.00628213523277
LHHDA,0,0.32821023012
SVNSS,0,1.05735631982
SRHYS,0,0.00628213523277
IFNES,0,8.55564528169
HTTGA,0,7.14616782404
ISNNT,0,0.158285228679
FSPST,0,2.88620568324
FTYNN,0,0.15828522868
LANST,0,0.15828522868
CPTGS,0,0.520855308063
KSNNT,0,2.57332272795
KSNNS,0,1.00628213523
NSYNS,0,0.380677650011
NTKPT,0,3.41701949708
SLNNS,0,0.15828522868
LINTS,0,0.672858401509
LTNLS,0,1.15828522868
LTITS,0,2.56038367225
KHNNT,0,0.151398843091
TPSLN,0,0.310288322124
QPTLT,0,6.15643896408
HVLPN,0,0.158285228677
MSNQS,0,2.05137002476
QCMHE,0,9.86923512134
LNTQS,0,1.15828522868
PNNSS,0,1.59885782006
LTTPY,0,1.27376244609
FPNNT,0,0.743247729402
NHIPT,0,3.31815656546
FHTLT,0,4.31478971436
FATNT,0,1.96564015074
EHNNN,0,0.158285228678
RPTGP,0,6.586707595
RPTGT,0,2.44368744754
LYNKS,0,3.96564015073
HRTGN,0,0.158285228678
VTCTT,0,5.61771684731
LLIMT,0,5.02178322877
IKNTT,0,6.26350454073
RPNQS,0,1.08789590079
RPNQT,0,5.5922820581
LINLT,0,0.00628213523277
LDEPQ,0,6.70614373474
RHSTE,0,0.536796851931
IPTQT,0,2.22305548406
ANVMI,0,1.00628213523
NLWNT,0,0.550602651456
YFLHY,0,0.158285228678
TQYPS,0,0.821250241401
YVTPN,0,0.158285228675
HSNST,0,1.15828522868
PNNHD,0,2.71287408035
SARTS,0,10.4059161049
ITLIV,0,6.00795095559
SSHTQ,0,0.380677650011
NFTHN,0,0.554213905008
KAQQS,0,1.96564015073
TPIPT,0,0.158285228678
TLSNS,0,0.743247729399
TLSNT,0,2.60307007135
LNNMS,0,4.06517582429
QQNPN,0,0.617716847313
SAVKS,0,0.672858401509
QTNFT,0,1.89525082284
HARLS,0,0.743247729399
KTYKT,0,8.19869466053
TNNTS,0,0.965640150735
LTTET,0,0.705773023981
YPTST,0,3.03275434659
NTNIT,0,0.310288322122
THALS,0,2.48021332357
SLNAL,0,0.158285228677
TTHNT,0,0.92381997504
LPTLT,0,6.17110926903
VHMHY,0,3.14013788196
HPQSD,0,5.56382383932
QPTGR,0,8.16787256445
FDTES,0,2.32821023012
FTNPS,0,0.350930306619
YDTPN,0,4.32017291105
THHNS,0,10.8292364773
QPTLS,0,4.52751903834
NYNNT,0,0.0472539162882
CAKST,0,4.7418326287
RTNNS,0,0.520855308063
QQEPT,0,0.442078194679
WLNSS,0,4.21717891773
TSNTS,0,0.710826251706
HTCST,0,0.0263735531691
KPSQT,0,3.97644690569
VPTTF,0,1.2737624461
KQFTT,0,0.158285228677
NSNAT,0,1.78631645128
LPHST,0,1.38067765001
YTDNT,0,0.32821023012
FSNLS,0,2.05137002476
LLYLT,0,0.660785569206
LANNT,0,0.506208532099
KSNKS,0,1.48021332356
SNNSS,0,0.858724946819
LLNIT,0,5.20664825024
LSNYS,0,1.05137002476
NNLPT,0,0.0680874197061
KDNNT,0,0.850162933315
DDMPN,0,1.05137002476
LATQT,0,0.895250822843
LYNNT,0,1.15828522868
QKSLH,0,2.6607855692
FTYKT,0,0.25782090223
YSNYT,0,2.38067765002
HVTNI,0,1.24574806993
LSNTS,0,2.25344246172
PCHTA,0,1.15828522868
YTYNN,0,1.7432477294
YTYNS,0,1.89525082284
HTNYS,0,0.380677650011
FFIDY,0,0.158285228677
YNTQT,0,0.350930306619
PTCST,0,9.07569762998
YNNNT,0,4.42938906449
TPIHT,0,0.954751834597
VPQDS,0,7.4630527724
FPNKP,0,0.610797433375
TLRQQ,0,8.66999138064
NNSSI,0,0.158285228677
NNSSA,0,0.42131963451
FATET,0,4.18803257207
RNTSD,0,1.26520043259
NGTNI,0,8.33570476667
APART,0,0.310288322124
QWTSQ,0,0.158285228678
ITQTT,0,1.67285840151
FPSQS,0,4.80214141845
HDQTT,0,5.31748382352
LPTQT,0,6.21790008497
LPTQS,0,3.80214141845
LPTQN,0,2.99958748265
QLQSP,0,0.380677650011
YSYTN,0,2.77299507279
PTQTC,0,9.18930076484
DYTPN,0,0.830052556934
TPTSY,0,9.12245278936
QQTLT,0,2.41815235543
QSAKT,0,0.421319634512
HNTST,0,1.15828522868
KPTHA,0,0.251394633068
LNHST,0,0.643712055848
EYTST,0,0.688799945376
HNNSS,0,0.965640150736
PNNHS,0,4.38067765001
PNNHA,0,8.22568511355
QNGTH,0,0.273762446097
FHMDY,0,3.28166764418
NTILL,0,3.84811684725
QCNTS,0,1.2737624461
NHSAA,0,1.32429518011
TNTHS,0,0.380677650011
KMPNV,0,0.698853610041
IPTLT,0,1.7432477294
FTNNN,0,1.7432477294
FTNNT,0,4.76314728684
FTRSN,0,0.617716847313
STLGL,0,7.35498549684
KSYNT,0,1.48021332356
CQNHS,0,4.4536625319
HHNIT,0,2.59885782007
VAHNT,0,4.8212502414
KPRMP,0,0.32821023012
LSNKT,0,0.743247729399
ANHSA,0,7.7873284238
HTHGS,0,0.158285228678
NRNAT,0,4.89911553193
NRNAS,0,3.18803257207
YSNIS,0,0.895250822845
SNHSA,0,2.25782090222
YYSYL,0,3.78277609359
FATQN,0,3.85872494682
FATQT,0,5.45557132891
YNMPT,0,0.158285228677
NNNTT,0,0.251394633068
VIGPT,0,4.07573316694
QTNPK,0,0.302675138012
DNDTH,0,0.15828522868
HNSSN,0,0.361818622768
CSFNT,0,0.0842846472346
YDNYY,0,0.158285228678
SNNNS,0,1.05137002476
FTTET,0,4.66078556921
KHYNT,0,0.158285228675
YSTNP,0,4.7432477294
CPSPD,0,0.15828522868
LSNSS,0,2.64371205585
TANSS,0,3.99478649639
FRTHT,0,1.85872494682
AHCST,0,1.51192218329
HHHLP,0,1.51192218329
HNNHA,0,0.627770511979
HNNHS,0,0.00628213523277
LHRTH,0,0.520855308063
NPNNT,0,0.974202164238
SSNAT,0,1.15828522868
STNKT,0,0.42131963451
PRRTK,0,0.60574420565
HDNNS,0,0.158285228675
CINTL,0,0.44779184587
VPTQT,0,5.92934402151
TSNNS,0,0.380677650011
LANQS,0,1.53679685193
MTPSM,0,0.660785569206
TTDES,0,8.22266654336
TMKTT,0,1.68184718474
LIPTH,0,0.15828522868
LTPNF,0,0.0404487383833
FSTHT,0,2.7432477294
VDMQY,0,0.965640150736
FDMDS,0,1.67285840151
SSHRT,0,1.82125024141
VFMHD,0,0.15828522868
KNGPN,0,1.23628774068
VFLLD,0,0.573322727955
QNNNY,0,2.43130372308
QNNNS,0,2.20559094345
FHGPT,0,0.158285228677
KHMTG,0,3.09688468402
TPTHS,0,5.24072461888
FHTQY,0,5.80694240472
FHTQS,0,6.800078952
FHTQN,0,5.56578905527
TTNIS,0,1.8212502414
STCST,0,0.245748069928
NTFSN,0,3.35468244148
ISNTS,0,0.672858401509
TMPPD,0,8.93165183738
VSTKH,0,4.94229878529
QYNTT,0,0.32821023012
LHPSH,0,2.17458704101
FATLN,0,1.2737624461
KNMTT,0,0.15828522868
QYNNT,0,3.65304992043
QSNTI,0,6.97010775026
QSNTF,0,1.49456861654
LNFST,0,4.25782090223
CRNNS,0,7.12489367505
SNTSA,0,0.158285228675
HPHIT,0,0.743247729399
FTSKN,0,2.09688468401
YTAPM,0,2.51903257245
TPKNT,0,0.464946566913
VLLPS,0,2.61771684732
RENQS,0,1.87449226268
SSNPS,0,0.93589280734
HNTTT,0,3.49615486743
HNTTS,0,0.261378721641
NPTSS,0,3.87449226267
NPTST,0,6.37730922672
HSNHS,0,1.61941914254
QNTTA,0,3.96958134467
VDTHY,0,2.19070670637
VDTHT,0,0.158285228678
YTYSN,0,2.39532442598
YYNYS,0,1.15828522868
YYNYY,0,1.23628774068
PTKNT,0,1.92381997504
LNNTT,0,1.23628774068
PISHA,0,0.357594036901
QANNT,0,0.380677650011
NSSNT,0,1.23628774068
NSSNP,0,1.60674572949
DYLFV,0,2.0162662238
INNNS,0,1.38067765001
YPTQT,0,2.22718030989
QLPNN,0,0.158285228678
LLLPS,0,0.70577302398
DNNSS,0,0.573322727955
SFHTQ,0,8.03490801839
FVSYY,0,0.573322727955
LRISS,0,0.499322146513
SNNMS,0,0.00628213523277
SSHTS,0,1.15828522868
YYIHY,0,0.295788752425
TANPS,0,4.96564015074
NNINT,0,0.350930306619
ILNLT,0,1.25139463307
YTNNN,0,4.03275434659
YTNNS,0,6.10859810457
KANHT,0,0.158285228678
LNCST,0,7.31806728148
LSNNS,0,1.88075125315
LSNNT,0,0.185765965098
NPTDD,0,0.480213323566
HLNHS,0,1.66078556921
SNDTH,0,0.363105020563
SVNPE,0,8.4272170412
KNHTA,0,0.619419142541
NFNNS,0,0.158285228675
RLDSY,0,0.790553444177
HPTSS,0,1.48021332357
HPTST,0,0.172224419634
FTKQT,0,5.44368744754
VVIYY,0,0.520855308063
QCQTQ,0,8.43889322152
RSKFG,0,1.96564015073
FTTNN,0,2.0162662238
KRPPP,0,6.78764184876
HRNHS,0,9.61763487368
QPGRQ,0,4.8929948489
KSCSI,0,0.28381611076
GNKNN,0,4.34890008889
NPMTG,0,0.158285228677
YTNFT,0,1.15828522868
PANKT,0,0.480213323566
ALIPS,0,2.30714861459
QDLPS,0,0.23628774068
YNYTN,0,2.96564015073
NTHTT,0,0.32821023012
LMNLT,0,0.158285228678
NQSSA,0,2.34150705273
NPNST,0,0.836357133788
