Sequence,1,2,3,4,5
AALLG,21,41,70,90,106
AAMSQ,21,41,71,96,114
AAQLN,21,41,74,90,112
AASLN,21,41,76,90,112
AATEH,21,41,77,84,107
AATFS,21,41,77,85,116
AATHF,21,41,77,87,105
AAYET,21,41,80,84,117
ACIQN,21,42,68,94,112
ACLMN,21,42,70,91,112
ACVET,21,42,78,84,117
ACVTL,21,42,78,97,110
ADAVP,21,43,61,98,113
AEEMQ,21,44,64,91,114
AELSM,21,44,70,96,111
AEQTL,21,44,74,97,110
AETML,21,44,77,91,110
AETRT,21,44,77,95,117
AETWP,21,44,77,99,113
AEVIP,21,44,78,88,113
AFKWL,21,45,69,99,110
AFTHP,21,45,77,87,113
AHILT,21,47,68,90,117
AHINP,21,47,68,92,113
AHLHS,21,47,70,87,116
AHLKP,21,47,70,89,113
AHLTH,21,47,70,97,107
AHPWT,21,47,73,99,117
AHTKE,21,47,77,89,104
AHTQH,21,47,77,94,107
AIDVS,21,48,63,98,116
AILTK,21,48,70,97,109
AIRVP,21,48,75,98,113
AITHH,21,48,77,87,107
AKAIL,21,49,61,88,110
AKEIP,21,49,64,88,113
AKMTM,21,49,71,97,111
AKPMP,21,49,73,91,113
AKQTL,21,49,74,97,110
AKVQL,21,49,78,94,110
AKVTN,21,49,78,97,112
ALETE,21,50,64,97,104
ALLAQ,21,50,70,81,114
ALLTT,21,50,70,97,117
AMTTD,21,51,77,97,103
ANHTL,21,52,67,97,110
ANNII,21,52,72,88,108
APLTD,21,53,70,97,103
AQLAN,21,54,70,81,112
AQLQP,21,54,70,94,113
AQLTT,21,54,70,97,117
AQMHT,21,54,71,87,117
AQMWP,21,54,71,99,113
AQTAN,21,54,77,81,112
ARISN,21,55,68,96,112
ARLLT,21,55,70,90,117
ARLSP,21,55,70,96,113
ARPIP,21,55,73,88,113
ARSIA,21,55,76,88,101
ARTAP,21,55,77,81,113
ASAVP,21,56,61,98,113
ASETC,21,56,64,97,102
ASHHM,21,56,67,87,111
ASIIP,21,56,68,88,113
ASKIT,21,56,69,88,117
ASLMT,21,56,70,91,117
ASLTL,21,56,70,97,110
ASNMN,21,56,72,91,112
ASQIE,21,56,74,88,104
ASSIH,21,56,76,88,107
ASTEN,21,56,77,84,112
ASTEV,21,56,77,84,118
ATAFP,21,57,61,85,113
ATAIS,21,57,61,88,116
ATAYN,21,57,61,100,112
ATHIP,21,57,67,88,113
ATKNC,21,57,69,92,102
ATLKC,21,57,70,89,102
ATLNI,21,57,70,92,108
ATLQT,21,57,70,94,117
ATLTP,21,57,70,97,113
ATMAM,21,57,71,81,111
ATSIT,21,57,76,88,117
ATTHC,21,57,77,87,102
ATTIA,21,57,77,88,101
ATTLN,21,57,77,90,112
ATTMS,21,57,77,91,116
ATTTL,21,57,77,97,110
ATTTM,21,57,77,97,111
ATTYQ,21,57,77,100,114
ATVQP,21,57,78,94,113
ATYFS,21,57,80,85,116
ATYLP,21,57,80,90,113
AVDMP,21,58,63,91,113
AVTHK,21,58,77,87,109
AVYDA,21,58,80,83,101
AVYTN,21,58,80,97,112
AWNLT,21,59,72,90,117
AYIAP,21,60,68,81,113
AYLSH,21,60,70,96,107
AYNAP,21,60,72,81,113
AYTQE,21,60,77,94,104
AYTQT,21,60,77,94,117
CAEMR,22,41,64,91,115
CALTK,22,41,70,97,109
CANVY,22,41,72,98,120
CAPKN,22,41,73,89,112
CAYLP,22,41,80,90,113
CDLVP,22,43,70,98,113
CDTVN,22,43,77,98,112
CELKQ,22,44,70,89,114
CETLT,22,44,77,90,117
CEWTT,22,44,79,97,117
CFTRQ,22,45,77,95,114
CGLMN,22,46,70,91,112
CHHIL,22,47,67,88,110
CHTAL,22,47,77,81,110
CHTQN,22,47,77,94,112
CISQL,22,48,76,94,110
CITFM,22,48,77,85,111
CITHP,22,48,77,87,113
CITQH,22,48,77,94,107
CKLAM,22,49,70,81,111
CKMSS,22,49,71,96,116
CKTTE,22,49,77,97,104
CKYVP,22,49,80,98,113
CKYVS,22,49,80,98,116
CLAVA,22,50,61,98,101
CLLVH,22,50,70,98,107
CLTLP,22,50,77,90,113
CMISV,22,51,68,96,118
CMITN,22,51,68,97,112
CMVWP,22,51,78,99,113
CMYTL,22,51,80,97,110
CNEHK,22,52,64,87,109
CNLHT,22,52,70,87,117
CNQIL,22,52,74,88,110
CNQLP,22,52,74,90,113
CNTIS,22,52,77,88,116
CPLLS,22,53,70,90,116
CPLMT,22,53,70,91,117
CQLQP,22,54,70,94,113
CQMIN,22,54,71,88,112
CQTVH,22,54,77,98,107
CQYKP,22,54,80,89,113
CRAYS,22,55,61,100,116
CREHS,22,55,64,87,116
CRFIQ,22,55,65,88,114
CRMMN,22,55,71,91,112
CRQIP,22,55,74,88,113
CRRFM,22,55,75,85,111
CSMMT,22,56,71,91,117
CSQIH,22,56,74,88,107
CSTHV,22,56,77,87,118
CSYNL,22,56,80,92,110
CTAVD,22,57,61,98,103
CTCYK,22,57,62,100,109
CTEEK,22,57,64,84,109
CTINT,22,57,68,92,117
CTLHP,22,57,70,87,113
CTLLN,22,57,70,90,112
CTLNA,22,57,70,92,101
CTNIL,22,57,72,88,110
CTVEN,22,57,78,84,112
CTVKP,22,57,78,89,113
CTWHT,22,57,79,87,117
CTYID,22,57,80,88,103
CTYTT,22,57,80,97,117
CVEQS,22,58,64,94,116
CVIRQ,22,58,68,95,114
CVISH,22,58,68,96,107
CVLTA,22,58,70,97,101
CVMLS,22,58,71,90,116
CVSVN,22,58,76,98,112
CVTQQ,22,58,77,94,114
CVTYA,22,58,77,100,101
CYDIK,22,60,63,88,109
CYLND,22,60,70,92,103
CYLTT,22,60,70,97,117
CYMQK,22,60,71,94,109
CYMTQ,22,60,71,97,114
CYTNP,22,60,77,92,113
CYTTQ,22,60,77,97,114
CYWTY,22,60,79,97,120
DAESM,23,41,64,96,111
DAMEE,23,41,71,84,104
DAQMC,23,41,74,91,102
DATIN,23,41,77,88,112
DATIQ,23,41,77,88,114
DATQQ,23,41,77,94,114
DCENM,23,42,64,92,111
DCLTT,23,42,70,97,117
DCVSN,23,42,78,96,112
DDAPP,23,43,61,93,113
DDIDD,23,43,68,83,103
DDIDE,23,43,68,83,104
DDIDV,23,43,68,83,118
DDIDY,23,43,68,83,120
DDIED,23,43,68,84,103
DDIEE,23,43,68,84,104
DDIVD,23,43,68,98,103
DDIVE,23,43,68,98,104
DDIYD,23,43,68,100,103
DDIYE,23,43,68,100,104
DDIYY,23,43,68,100,120
DDLDD,23,43,70,83,103
DDLDE,23,43,70,83,104
DDLDY,23,43,70,83,120
DDLED,23,43,70,84,103
DDLEE,23,43,70,84,104
DDLEV,23,43,70,84,118
DDLVD,23,43,70,98,103
DDLVE,23,43,70,98,104
DDLYD,23,43,70,100,103
DDLYY,23,43,70,100,120
DDMDD,23,43,71,83,103
DDMDE,23,43,71,83,104
DDMDV,23,43,71,83,118
DDMDY,23,43,71,83,120
DDMED,23,43,71,84,103
DDMEE,23,43,71,84,104
DDMEV,23,43,71,84,118
DDMEY,23,43,71,84,120
DDMFD,23,43,71,85,103
DDMHD,23,43,71,87,103
DDMLD,23,43,71,90,103
DDMLE,23,43,71,90,104
DDMVD,23,43,71,98,103
DDMVE,23,43,71,98,104
DDMVV,23,43,71,98,118
DDMYD,23,43,71,100,103
DDMYE,23,43,71,100,104
DDMYV,23,43,71,100,118
DDMYY,23,43,71,100,120
DDNVH,23,43,72,98,107
DDWNT,23,43,79,92,117
DEDHN,23,44,63,87,112
DEFED,23,44,65,84,103
DEFEE,23,44,65,84,104
DEIAA,23,44,68,81,101
DEIDD,23,44,68,83,103
DEIDE,23,44,68,83,104
DEIED,23,44,68,84,103
DEIEE,23,44,68,84,104
DEIEV,23,44,68,84,118
DEILE,23,44,68,90,104
DEIND,23,44,68,92,103
DEIVE,23,44,68,98,104
DEIYD,23,44,68,100,103
DEIYE,23,44,68,100,104
DEKEE,23,44,69,84,104
DELDD,23,44,70,83,103
DELDE,23,44,70,83,104
DELED,23,44,70,84,103
DELEE,23,44,70,84,104
DELEV,23,44,70,84,118
DELVD,23,44,70,98,103
DELVE,23,44,70,98,104
DEMAE,23,44,71,81,104
DEMDD,23,44,71,83,103
DEMDE,23,44,71,83,104
DEMDV,23,44,71,83,118
DEMDY,23,44,71,83,120
DEMED,23,44,71,84,103
DEMEE,23,44,71,84,104
DEMEG,23,44,71,84,106
DEMEK,23,44,71,84,109
DEMEL,23,44,71,84,110
DEMEV,23,44,71,84,118
DEMEY,23,44,71,84,120
DEMKE,23,44,71,89,104
DEMLD,23,44,71,90,103
DEMLE,23,44,71,90,104
DEMQE,23,44,71,94,104
DEMVD,23,44,71,98,103
DEMVE,23,44,71,98,104
DEMVV,23,44,71,98,118
DEMYD,23,44,71,100,103
DEMYE,23,44,71,100,104
DEREE,23,44,75,84,104
DETEE,23,44,77,84,104
DEVEE,23,44,78,84,104
DFLQT,23,45,70,94,117
DFMDD,23,45,71,83,103
DFMED,23,45,71,84,103
DFMEE,23,45,71,84,104
DFMTP,23,45,71,97,113
DFMVD,23,45,71,98,103
DGEAS,23,46,64,81,116
DGMEE,23,46,71,84,104
DGSLN,23,46,76,90,112
DHIQT,23,47,68,94,117
DHLTL,23,47,70,97,110
DHQSL,23,47,74,96,110
DILSN,23,48,70,96,112
DINIP,23,48,72,88,113
DITLV,23,48,77,90,118
DKCYT,23,49,62,100,117
DKLMG,23,49,70,91,106
DKMEE,23,49,71,84,104
DLHIP,23,50,67,88,113
DLIEE,23,50,68,84,104
DLMED,23,50,71,84,103
DLMEE,23,50,71,84,104
DLMTP,23,50,71,97,113
DLQQP,23,50,74,94,113
DMTYD,23,51,77,100,103
DNDMT,23,52,63,91,117
DNHFQ,23,52,67,85,114
DNMLD,23,52,71,90,103
DNPQP,23,52,73,94,113
DNYYP,23,52,80,100,113
DPEKC,23,53,64,89,102
DPQYD,23,53,74,100,103
DPYAL,23,53,80,81,110
DQIEN,23,54,68,84,112
DQMEE,23,54,71,84,104
DQPML,23,54,73,91,110
DQQQT,23,54,74,94,117
DQSEF,23,54,76,84,105
DQTRR,23,54,77,95,115
DQWST,23,54,79,96,117
DQYSH,23,54,80,96,107
DRETQ,23,55,64,97,114
DRNHS,23,55,72,87,116
DRNLD,23,55,72,90,103
DRTTL,23,55,77,97,110
DSCVN,23,56,62,98,112
DSEKP,23,56,64,89,113
DSFTF,23,56,65,97,105
DSHYL,23,56,67,100,110
DSMWT,23,56,71,99,117
DSPHY,23,56,73,87,120
DSTTL,23,56,77,97,110
DSTYL,23,56,77,100,110
DTEHS,23,57,64,87,116
DTHMP,23,57,67,91,113
DTHYV,23,57,67,100,118
DTKIP,23,57,69,88,113
DTKNN,23,57,69,92,112
DTLNT,23,57,70,92,117
DTLTP,23,57,70,97,113
DTLTT,23,57,70,97,117
DTMQP,23,57,71,94,113
DTMQR,23,57,71,94,115
DTQIQ,23,57,74,88,114
DTSIT,23,57,76,88,117
DTTHT,23,57,77,87,117
DTTYH,23,57,77,100,107
DTYYP,23,57,80,100,113
DVIDD,23,58,68,83,103
DVIED,23,58,68,84,103
DVIEE,23,58,68,84,104
DVLDD,23,58,70,83,103
DVLDE,23,58,70,83,104
DVLED,23,58,70,84,103
DVLEE,23,58,70,84,104
DVLYA,23,58,70,100,101
DVMDD,23,58,71,83,103
DVMDE,23,58,71,83,104
DVMDV,23,58,71,83,118
DVMDY,23,58,71,83,120
DVMED,23,58,71,84,103
DVMEE,23,58,71,84,104
DVMEV,23,58,71,84,118
DVMEY,23,58,71,84,120
DVMVD,23,58,71,98,103
DVMVE,23,58,71,98,104
DVMYD,23,58,71,100,103
DVQMS,23,58,74,91,116
DYIDD,23,60,68,83,103
DYIDE,23,60,68,83,104
DYIED,23,60,68,84,103
DYIEE,23,60,68,84,104
DYIYD,23,60,68,100,103
DYIYY,23,60,68,100,120
DYLDD,23,60,70,83,103
DYLDE,23,60,70,83,104
DYLED,23,60,70,84,103
DYLEE,23,60,70,84,104
DYLVD,23,60,70,98,103
DYLYD,23,60,70,100,103
DYMDD,23,60,71,83,103
DYMDE,23,60,71,83,104
DYMDV,23,60,71,83,118
DYMDY,23,60,71,83,120
DYMED,23,60,71,84,103
DYMEE,23,60,71,84,104
DYMEV,23,60,71,84,118
DYMEY,23,60,71,84,120
DYMHD,23,60,71,87,103
DYMLD,23,60,71,90,103
DYMVD,23,60,71,98,103
DYMVE,23,60,71,98,104
DYMYD,23,60,71,100,103
DYMYE,23,60,71,100,104
DYMYV,23,60,71,100,118
DYQHQ,23,60,74,87,114
EAITS,24,41,68,97,116
EATHN,24,41,77,87,112
EAVSQ,24,41,78,96,114
ECLTP,24,42,70,97,113
ECMQQ,24,42,71,94,114
ECQVP,24,42,74,98,113
ECSQL,24,42,76,94,110
EDLQN,24,43,70,94,112
EDMEE,24,43,71,84,104
EDSYS,24,43,76,100,116
EDTLL,24,43,77,90,110
EECVN,24,44,62,98,112
EELDT,24,44,70,83,117
EEMEE,24,44,71,84,104
EEMIQ,24,44,71,88,114
EEPMP,24,44,73,91,113
EETKP,24,44,77,89,113
EGNYE,24,46,72,100,104
EHILT,24,47,68,90,117
EHKVD,24,47,69,98,103
EHLST,24,47,70,96,117
EHPEP,24,47,73,84,113
EHSTP,24,47,76,97,113
EHYTQ,24,47,80,97,114
EIEHI,24,48,64,87,108
EIMSS,24,48,71,96,116
EINIT,24,48,72,88,117
EINVQ,24,48,72,98,114
EIQNN,24,48,74,92,112
EISTP,24,48,76,97,113
EITDN,24,48,77,83,112
EKHCS,24,49,67,82,116
EKHTQ,24,49,67,97,114
EKVTA,24,49,78,97,101
EKWCR,24,49,79,82,115
ELFQT,24,50,65,94,117
ELLLT,24,50,70,90,117
ELLMT,24,50,70,91,117
EMTYN,24,51,77,100,112
ENFAP,24,52,65,81,113
ENINT,24,52,68,92,117
ENLNN,24,52,70,92,112
ENMHH,24,52,71,87,107
ENSLM,24,52,76,90,111
ENTAE,24,52,77,81,104
EPLLA,24,53,70,90,101
EPPHE,24,53,73,87,104
EQIHT,24,54,68,87,117
EQSHT,24,54,76,87,117
EQTML,24,54,77,91,110
EQVKL,24,54,78,89,110
EQWTD,24,54,79,97,103
ERAQP,24,55,61,94,113
ESDST,24,56,63,96,117
ESITF,24,56,68,97,105
ESLTN,24,56,70,97,112
ESNMN,24,56,72,91,112
ESQEA,24,56,74,84,101
ESTIA,24,56,77,88,101
ESTMY,24,56,77,91,120
ESTND,24,56,77,92,103
ESVSP,24,56,78,96,113
ETAYT,24,57,61,100,117
ETCYE,24,57,62,100,104
ETIFA,24,57,68,85,101
ETLMP,24,57,70,91,113
ETLRC,24,57,70,95,102
ETLSQ,24,57,70,96,114
ETLTN,24,57,70,97,112
ETLTP,24,57,70,97,113
ETMQP,24,57,71,94,113
ETMTE,24,57,71,97,104
ETQMP,24,57,74,91,113
ETQSL,24,57,74,96,110
ETSRN,24,57,76,95,112
ETTHT,24,57,77,87,117
ETTKH,24,57,77,89,107
ETTNL,24,57,77,92,110
ETTPC,24,57,77,93,102
ETTTL,24,57,77,97,110
ETTYA,24,57,77,100,101
ETWSL,24,57,79,96,110
ETWTQ,24,57,79,97,114
ETYLS,24,57,80,90,116
EVDIE,24,58,63,88,104
EVRTR,24,58,75,97,115
EVSHF,24,58,76,87,105
EYENQ,24,60,64,92,114
FAEAI,25,41,64,81,108
FANIQ,25,41,72,88,114
FAQVN,25,41,74,98,112
FCHEQ,25,42,67,84,114
FCTRI,25,42,77,95,108
FDMDD,25,43,71,83,103
FDMDY,25,43,71,83,120
FDMED,25,43,71,84,103
FDMEE,25,43,71,84,104
FDTDY,25,43,77,83,120
FEIEE,25,44,68,84,104
FEMDE,25,44,71,83,104
FEMED,25,44,71,84,103
FEMEE,25,44,71,84,104
FIAEY,25,48,61,84,120
FKTEQ,25,49,77,84,114
FLFQH,25,50,65,94,107
FLTSA,25,50,77,96,101
FMAIT,25,51,61,88,117
FMQHP,25,51,74,87,113
FMYAQ,25,51,80,81,114
FNYTD,25,52,80,97,103
FPGIP,25,53,66,88,113
FQSIA,25,54,76,88,101
FQTLE,25,54,77,90,104
FRTQT,25,55,77,94,117
FSQEE,25,56,74,84,104
FSQTP,25,56,74,97,113
FSTAP,25,56,77,81,113
FSTMQ,25,56,77,91,114
FSTVP,25,56,77,98,113
FTHHP,25,57,67,87,113
FTLNT,25,57,70,92,117
FTTQH,25,57,77,94,107
FTTSR,25,57,77,96,115
FTTTL,25,57,77,97,110
FTTTT,25,57,77,97,117
FTVTH,25,57,78,97,107
FVTQV,25,58,77,94,118
FYTHP,25,60,77,87,113
GCKQG,26,42,69,94,106
GDQLL,26,43,74,90,110
GDTQP,26,43,77,94,113
GDWWT,26,43,79,99,117
GELTI,26,44,70,97,108
GEMEE,26,44,71,84,104
GEQMA,26,44,74,91,101
GEQTT,26,44,74,97,117
GGLTN,26,46,70,97,112
GHSQL,26,47,76,94,110
GHVIN,26,47,78,88,112
GILAT,26,48,70,81,117
GILMP,26,48,70,91,113
GIQVP,26,48,74,98,113
GITIP,26,48,77,88,113
GKEHT,26,49,64,87,117
GKHYS,26,49,67,100,116
GMPIP,26,51,73,88,113
GMTTP,26,51,77,97,113
GNLSP,26,52,70,96,113
GQKVC,26,54,69,98,102
GQPQP,26,54,73,94,113
GQSVT,26,54,76,98,117
GSAPA,26,56,61,93,101
GSLAS,26,56,70,81,116
GSLQN,26,56,70,94,112
GSPTN,26,56,73,97,112
GSTIS,26,56,77,88,116
GSTTN,26,56,77,97,112
GSYDN,26,56,80,83,112
GTLTH,26,57,70,97,107
GTSMN,26,57,76,91,112
GTTLP,26,57,77,90,113
GTTSD,26,57,77,96,103
GTTSL,26,57,77,96,110
GTVYC,26,57,78,100,102
GTYVA,26,57,80,98,101
GVQRT,26,58,74,95,117
GYMNP,26,60,71,92,113
HAETN,27,41,64,97,112
HAHGM,27,41,67,86,111
HAHIM,27,41,67,88,111
HAHNC,27,41,67,92,102
HAHTE,27,41,67,97,104
HAIIT,27,41,68,88,117
HAILT,27,41,68,90,117
HALLN,27,41,70,90,112
HALSN,27,41,70,96,112
HAMQN,27,41,71,94,112
HAPQP,27,41,73,94,113
HASHL,27,41,76,87,110
HATHL,27,41,77,87,110
HATID,27,41,77,88,103
HATKN,27,41,77,89,112
HAWRA,27,41,79,95,101
HAYET,27,41,80,84,117
HCITM,27,42,68,97,111
HCLRS,27,42,70,95,116
HCLSH,27,42,70,96,107
HCLTH,27,42,70,97,107
HCTMM,27,42,77,91,111
HCTRL,27,42,77,95,110
HCTYT,27,42,77,100,117
HDDTT,27,43,63,97,117
HDFHP,27,43,65,87,113
HDLKT,27,43,70,89,117
HDLQY,27,43,70,94,120
HDQIL,27,43,74,88,110
HDRTL,27,43,75,97,110
HDSTY,27,43,76,97,120
HDTQT,27,43,77,94,117
HEFIP,27,44,65,88,113
HEHYA,27,44,67,100,101
HELTP,27,44,70,97,113
HEMEE,27,44,71,84,104
HEMLS,27,44,71,90,116
HESVP,27,44,76,98,113
HETSE,27,44,77,96,104
HETTL,27,44,77,97,110
HETTN,27,44,77,97,112
HEVHH,27,44,78,87,107
HFSQD,27,45,76,94,103
HGGID,27,46,66,88,103
HGISN,27,46,68,96,112
HGLMT,27,46,70,91,117
HGTLH,27,46,77,90,107
HGTYN,27,46,77,100,112
HHFIT,27,47,65,88,117
HHKEL,27,47,69,84,110
HHMTD,27,47,71,97,103
HHTAA,27,47,77,81,101
HHTDC,27,47,77,83,102
HHTMP,27,47,77,91,113
HHTTL,27,47,77,97,110
HHVHT,27,47,78,87,117
HHYTE,27,47,80,97,104
HIHPC,27,48,67,93,102
HILAQ,27,48,70,81,114
HISEQ,27,48,76,84,114
HITIQ,27,48,77,88,114
HITQC,27,48,77,94,102
HITQQ,27,48,77,94,114
HIYSL,27,48,80,96,110
HKGTP,27,49,66,97,113
HKHSP,27,49,67,96,113
HKITQ,27,49,68,97,114
HKLLP,27,49,70,90,113
HKLTA,27,49,70,97,101
HKLTM,27,49,70,97,111
HKTEP,27,49,77,84,113
HKTFE,27,49,77,85,104
HKTQL,27,49,77,94,110
HKWTQ,27,49,79,97,114
HLLHT,27,50,70,87,117
HLLYP,27,50,70,100,113
HLNNC,27,50,72,92,102
HLQIS,27,50,74,88,116
HLSTN,27,50,76,97,112
HLTTC,27,50,77,97,102
HLTYP,27,50,77,100,113
HLYEP,27,50,80,84,113
HMETL,27,51,64,97,110
HMMTC,27,51,71,97,102
HMTTL,27,51,77,97,110
HNEIS,27,52,64,88,116
HNITN,27,52,68,97,112
HNLFP,27,52,70,85,113
HNLLP,27,52,70,90,113
HNMFT,27,52,71,85,117
HNPIP,27,52,73,88,113
HNQIN,27,52,74,88,112
HNTFL,27,52,77,85,110
HNTNN,27,52,77,92,112
HNTQH,27,52,77,94,107
HNTQL,27,52,77,94,110
HNTQP,27,52,77,94,113
HNTYP,27,52,77,100,113
HNVSL,27,52,78,96,110
HNYVP,27,52,80,98,113
HPHPD,27,53,67,93,103
HPLTL,27,53,70,97,110
HPTIQ,27,53,77,88,114
HQHPP,27,54,67,93,113
HQLQP,27,54,70,94,113
HQPHL,27,54,73,87,110
HQQIQ,27,54,74,88,114
HQTIH,27,54,77,88,107
HQTLL,27,54,77,90,110
HQTTL,27,54,77,97,110
HQTTM,27,54,77,97,111
HQYAT,27,54,80,81,117
HQYHT,27,54,80,87,117
HREHA,27,55,64,87,101
HRHTN,27,55,67,97,112
HRMTA,27,55,71,97,101
HRTAY,27,55,77,81,120
HRTKL,27,55,77,89,110
HRTLI,27,55,77,90,108
HRTMT,27,55,77,91,117
HRYTT,27,55,80,97,117
HSDIP,27,56,63,88,113
HSEAL,27,56,64,81,110
HSEVQ,27,56,64,98,114
HSIDP,27,56,68,83,113
HSIIS,27,56,68,88,116
HSIIT,27,56,68,88,117
HSITD,27,56,68,97,103
HSIVP,27,56,68,98,113
HSIYP,27,56,68,100,113
HSLET,27,56,70,84,117
HSLTS,27,56,70,97,116
HSLVT,27,56,70,98,117
HSLWT,27,56,70,99,117
HSMPL,27,56,71,93,110
HSNHT,27,56,72,87,117
HSQIT,27,56,74,88,117
HSQVS,27,56,74,98,116
HSSFL,27,56,76,85,110
HSSMN,27,56,76,91,112
HSSQL,27,56,76,94,110
HSTIV,27,56,77,88,118
HSTLA,27,56,77,90,101
HSTLL,27,56,77,90,110
HSTLS,27,56,77,90,116
HSTMQ,27,56,77,91,114
HSTNL,27,56,77,92,110
HSTQC,27,56,77,94,102
HSTTL,27,56,77,97,110
HSTTY,27,56,77,97,120
HSTVS,27,56,77,98,116
HSVLT,27,56,78,90,117
HTDLI,27,57,63,90,108
HTEIT,27,57,64,88,117
HTEQP,27,57,64,94,113
HTFIT,27,57,65,88,117
HTIHS,27,57,68,87,116
HTILQ,27,57,68,90,114
HTIST,27,57,68,96,117
HTITT,27,57,68,97,117
HTKIN,27,57,69,88,112
HTKIS,27,57,69,88,116
HTLHP,27,57,70,87,113
HTLIH,27,57,70,88,107
HTLMH,27,57,70,91,107
HTLNP,27,57,70,92,113
HTLQP,27,57,70,94,113
HTLVP,27,57,70,98,113
HTMQQ,27,57,71,94,114
HTMTC,27,57,71,97,102
HTMTL,27,57,71,97,110
HTNIN,27,57,72,88,112
HTPIH,27,57,73,88,107
HTPIP,27,57,73,88,113
HTQIN,27,57,74,88,112
HTQYM,27,57,74,100,111
HTRHK,27,57,75,87,109
HTTAV,27,57,77,81,118
HTTHH,27,57,77,87,107
HTTIV,27,57,77,88,118
HTTLA,27,57,77,90,101
HTTLQ,27,57,77,90,114
HTTMA,27,57,77,91,101
HTTNM,27,57,77,92,111
HTTQQ,27,57,77,94,114
HTTQY,27,57,77,94,120
HTTVH,27,57,77,98,107
HTVAP,27,57,78,81,113
HTVHT,27,57,78,87,117
HTVLA,27,57,78,90,101
HTVVT,27,57,78,98,117
HTWDA,27,57,79,83,101
HTYES,27,57,80,84,116
HTYHQ,27,57,80,87,114
HTYHT,27,57,80,87,117
HTYTL,27,57,80,97,110
HVSIT,27,58,76,88,117
HVTPR,27,58,77,93,115
HVTQA,27,58,77,94,101
HVTSN,27,58,77,96,112
HVTTN,27,58,77,97,112
HWLEP,27,59,70,84,113
HWLSP,27,59,70,96,113
HYDAL,27,60,63,81,110
HYDVT,27,60,63,98,117
HYETL,27,60,64,97,110
HYITE,27,60,68,97,104
HYLWP,27,60,70,99,113
HYPIN,27,60,73,88,112
HYSQT,27,60,76,94,117
HYTAD,27,60,77,81,103
HYTDL,27,60,77,83,110
HYTDP,27,60,77,83,113
HYTIT,27,60,77,88,117
HYTLN,27,60,77,90,112
HYTLP,27,60,77,90,113
HYTRT,27,60,77,95,117
HYTTL,27,60,77,97,110
HYYDN,27,60,80,83,112
IACVD,28,41,62,98,103
IAFTN,28,41,65,97,112
IAISH,28,41,68,96,107
IATAL,28,41,77,81,110
IATSE,28,41,77,96,104
IAVYT,28,41,78,100,117
IAYSN,28,41,80,96,112
ICPVQ,28,42,73,98,114
ICTLN,28,42,77,90,112
IDEVN,28,43,64,98,112
IDQWP,28,43,74,99,113
IDWHT,28,43,79,87,117
IETAK,28,44,77,81,109
IETSL,28,44,77,96,110
IGIIP,28,46,68,88,113
IHETD,28,47,64,97,103
IHSIP,28,47,76,88,113
IHTKL,28,47,77,89,110
IHTKT,28,47,77,89,117
IHTNA,28,47,77,92,101
IHTSN,28,47,77,96,112
IHTYN,28,47,77,100,112
IIHIT,28,48,67,88,117
IKTML,28,49,77,91,110
IKTQV,28,49,77,94,118
ILCLT,28,50,62,90,117
ILTQT,28,50,77,94,117
IMHDP,28,51,67,83,113
INITP,28,52,68,97,113
INLTN,28,52,70,97,112
INSFN,28,52,76,85,112
IPYIS,28,53,80,88,116
IQFLP,28,54,65,90,113
IQILS,28,54,68,90,116
IQTVS,28,54,77,98,116
IRHLP,28,55,67,90,113
IRIHT,28,55,68,87,117
ISAIP,28,56,61,88,113
ISFST,28,56,65,96,117
ISKTP,28,56,69,97,113
ISLAQ,28,56,70,81,114
ISMTT,28,56,71,97,117
ISQNL,28,56,74,92,110
ISTMQ,28,56,77,91,114
ISTTT,28,56,77,97,117
ISVIP,28,56,78,88,113
ITAAM,28,57,61,81,111
ITENP,28,57,64,92,113
ITETD,28,57,64,97,103
ITETI,28,57,64,97,108
ITHIS,28,57,67,88,116
ITIWP,28,57,68,99,113
ITKTC,28,57,69,97,102
ITLNP,28,57,70,92,113
ITMIN,28,57,71,88,112
ITMTD,28,57,71,97,103
ITNIP,28,57,72,88,113
ITQIT,28,57,74,88,117
ITTEP,28,57,77,84,113
ITTMA,28,57,77,91,101
ITTRL,28,57,77,95,110
ITTRN,28,57,77,95,112
ITTVA,28,57,77,98,101
ITVQT,28,57,78,94,117
ITYAQ,28,57,80,81,114
IVAEP,28,58,61,84,113
IVDIN,28,58,63,88,112
IVHTH,28,58,67,97,107
IVLEP,28,58,70,84,113
IVLMP,28,58,70,91,113
IWLTT,28,59,70,97,117
IWNET,28,59,72,84,117
IWTAT,28,59,77,81,117
IWTDA,28,59,77,83,101
IYAHT,28,60,61,87,117
IYEQP,28,60,64,94,113
IYIQS,28,60,68,94,116
IYRQN,28,60,75,94,112
IYTHY,28,60,77,87,120
IYTTL,28,60,77,97,110
KCNEP,29,42,72,84,113
KCNIP,29,42,72,88,113
KCQKQ,29,42,74,89,114
KCTQI,29,42,77,94,108
KCTQL,29,42,77,94,110
KDTTN,29,43,77,97,112
KETAI,29,44,77,81,108
KETFK,29,44,77,85,109
KETNL,29,44,77,92,110
KGMLT,29,46,71,90,117
KGSTT,29,46,76,97,117
KGTGP,29,46,77,86,113
KGYNT,29,46,80,92,117
KHLTC,29,47,70,97,102
KHLVT,29,47,70,98,117
KHSIY,29,47,76,88,120
KICHP,29,48,62,87,113
KIEQN,29,48,64,94,112
KILDT,29,48,70,83,117
KIQFN,29,48,74,85,112
KITQP,29,48,77,94,113
KITYL,29,48,77,100,110
KIWQN,29,48,79,94,112
KKAAS,29,49,61,81,116
KKQTT,29,49,74,97,117
KLEVP,29,50,64,98,113
KLTFN,29,50,77,85,112
KMHAN,29,51,67,81,112
KNSIE,29,52,76,88,104
KPMTM,29,53,71,97,111
KQKCD,29,54,69,82,103
KQLLH,29,54,70,90,107
KQLTN,29,54,70,97,112
KSHIH,29,56,67,88,107
KSHTL,29,56,67,97,110
KSLET,29,56,70,84,117
KSMLS,29,56,71,90,116
KSQNL,29,56,74,92,110
KSTAK,29,56,77,81,109
KTAVA,29,57,61,98,101
KTAYP,29,57,61,100,113
KTFAV,29,57,65,81,118
KTLHT,29,57,70,87,117
KTLIT,29,57,70,88,117
KTLVA,29,57,70,98,101
KTMLP,29,57,71,90,113
KTQIC,29,57,74,88,102
KTQIQ,29,57,74,88,114
KTQRN,29,57,74,95,112
KTSHN,29,57,76,87,112
KTTIN,29,57,77,88,112
KTTMN,29,57,77,91,112
KTTTN,29,57,77,97,112
KTVTD,29,57,78,97,103
KTWAI,29,57,79,81,108
KVMWN,29,58,71,99,112
KVTLQ,29,58,77,90,114
KYNTE,29,60,72,97,104
KYTTT,29,60,77,97,117
LACTP,30,41,62,97,113
LALTN,30,41,70,97,112
LATQP,30,41,77,94,113
LATTD,30,41,77,97,103
LAWTS,30,41,79,97,116
LCQHA,30,42,74,87,101
LCQNC,30,42,74,92,102
LCSAF,30,42,76,81,105
LCSML,30,42,76,91,110
LCTQM,30,42,77,94,111
LCTVT,30,42,77,98,117
LDIAA,30,43,68,81,101
LDTET,30,43,77,84,117
LEHLC,30,44,67,90,102
LEHSQ,30,44,67,96,114
LETAM,30,44,77,81,111
LETEA,30,44,77,84,101
LETIM,30,44,77,88,111
LETLG,30,44,77,90,106
LETLN,30,44,77,90,112
LETTQ,30,44,77,97,114
LEYSN,30,44,80,96,112
LFMYP,30,45,71,100,113
LFTLS,30,45,77,90,116
LFTRS,30,45,77,95,116
LGEIT,30,46,64,88,117
LGLTP,30,46,70,97,113
LGVAD,30,46,78,81,103
LGYHL,30,46,80,87,110
LHEDP,30,47,64,83,113
LHFQQ,30,47,65,94,114
LHSTN,30,47,76,97,112
LHYYT,30,47,80,100,117
LIDTA,30,48,63,97,101
LIFQT,30,48,65,94,117
LILTL,30,48,70,97,110
LIMQS,30,48,71,94,116
LIPSH,30,48,73,96,107
LISLE,30,48,76,90,104
LITTN,30,48,77,97,112
LITTT,30,48,77,97,117
LIVTQ,30,48,78,97,114
LKMSM,30,49,71,96,111
LKVHT,30,49,78,87,117
LKVTP,30,49,78,97,113
LLCQP,30,50,62,94,113
LLDYA,30,50,63,100,101
LLMNN,30,50,71,92,112
LLQTT,30,50,74,97,117
LMEQS,30,51,64,94,116
LMFQT,30,51,65,94,117
LMITM,30,51,68,97,111
LMLMT,30,51,70,91,117
LMPEN,30,51,73,84,112
LMTRP,30,51,77,95,113
LMTVA,30,51,77,98,101
LNEYP,30,52,64,100,113
LNIAL,30,52,68,81,110
LNITC,30,52,68,97,102
LNLTP,30,52,70,97,113
LNPIL,30,52,73,88,110
LNTAP,30,52,77,81,113
LNTVT,30,52,77,98,117
LPDTP,30,53,63,97,113
LPLLN,30,53,70,90,112
LPRPG,30,53,75,93,106
LPVQL,30,53,78,94,110
LQESE,30,54,64,96,104
LQHIN,30,54,67,88,112
LQHIP,30,54,67,88,113
LQITP,30,54,68,97,113
LQRLH,30,54,75,90,107
LQSIA,30,54,76,88,101
LQTEN,30,54,77,84,112
LQTLN,30,54,77,90,112
LQTTF,30,54,77,97,105
LQTVG,30,54,77,98,106
LRIHS,30,55,68,87,116
LRNIT,30,55,72,88,117
LRTAC,30,55,77,81,102
LRTAQ,30,55,77,81,114
LRTMA,30,55,77,91,101
LSAIP,30,56,61,88,113
LSDSP,30,56,63,96,113
LSEEH,30,56,64,84,107
LSHSN,30,56,67,96,112
LSHYP,30,56,67,100,113
LSINN,30,56,68,92,112
LSLIP,30,56,70,88,113
LSLQA,30,56,70,94,101
LSLSP,30,56,70,96,113
LSMTD,30,56,71,97,103
LSNAP,30,56,72,81,113
LSNSL,30,56,72,96,110
LSPKA,30,56,73,89,101
LSPVP,30,56,73,98,113
LSQDC,30,56,74,83,102
LSQEP,30,56,74,84,113
LSQQP,30,56,74,94,113
LSQVT,30,56,74,98,117
LSSAL,30,56,76,81,110
LSSIR,30,56,76,88,115
LSTLL,30,56,77,90,110
LSTVA,30,56,77,98,101
LSVMP,30,56,78,91,113
LSYQD,30,56,80,94,103
LTAEL,30,57,61,84,110
LTAIA,30,57,61,88,101
LTAIG,30,57,61,88,106
LTAIS,30,57,61,88,116
LTCEP,30,57,62,84,113
LTCSP,30,57,62,96,113
LTEHQ,30,57,64,87,114
LTHAP,30,57,67,81,113
LTHIT,30,57,67,88,117
LTHSP,30,57,67,96,113
LTHTE,30,57,67,97,104
LTHTM,30,57,67,97,111
LTHVT,30,57,67,98,117
LTIQN,30,57,68,94,112
LTIQP,30,57,68,94,113
LTIQT,30,57,68,94,117
LTISH,30,57,68,96,107
LTLDS,30,57,70,83,116
LTLHP,30,57,70,87,113
LTLQT,30,57,70,94,117
LTNIP,30,57,72,88,113
LTNVP,30,57,72,98,113
LTPMQ,30,57,73,91,114
LTQLN,30,57,74,90,112
LTSIT,30,57,76,88,117
LTSQH,30,57,76,94,107
LTTAL,30,57,77,81,110
LTTEP,30,57,77,84,113
LTTFA,30,57,77,85,101
LTTLS,30,57,77,90,116
LTTNM,30,57,77,92,111
LTTQN,30,57,77,94,112
LTTRP,30,57,77,95,113
LTTSY,30,57,77,96,120
LTTYY,30,57,77,100,120
LTVAY,30,57,78,81,120
LTVEA,30,57,78,84,101
LTYNA,30,57,80,92,101
LTYVS,30,57,80,98,116
LVLST,30,58,70,96,117
LVTLT,30,58,77,90,117
LVTYL,30,58,77,100,110
LVYNC,30,58,80,92,102
LWELQ,30,59,64,90,114
LYINQ,30,60,68,92,114
LYLTK,30,60,70,97,109
LYPLP,30,60,73,90,113
LYTET,30,60,77,84,117
LYTKL,30,60,77,89,110
MAKLP,31,41,69,90,113
MALLT,31,41,70,90,117
MATIY,31,41,77,88,120
MATYP,31,41,77,100,113
MAVMT,31,41,78,91,117
MCHIT,31,42,67,88,117
MDRLP,31,43,75,90,113
MFSSN,31,45,76,96,112
MGTQM,31,46,77,94,111
MHQYP,31,47,74,100,113
MHTAI,31,47,77,81,108
MHTWN,31,47,77,99,112
MICND,31,48,62,92,103
MILRP,31,48,70,95,113
MKTIT,31,49,77,88,117
MKTTT,31,49,77,97,117
MLAWN,31,50,61,99,112
MMLSM,31,51,70,96,111
MMSLP,31,51,76,90,113
MNAIP,31,52,61,88,113
MNQIQ,31,52,74,88,114
MNTAK,31,52,77,81,109
MPEAL,31,53,64,81,110
MPTKC,31,53,77,89,102
MQLVT,31,54,70,98,117
MRHIP,31,55,67,88,113
MRMTM,31,55,71,97,111
MSHAP,31,56,67,81,113
MSHVT,31,56,67,98,117
MSIMS,31,56,68,91,116
MSLQT,31,56,70,94,117
MSMLP,31,56,71,90,113
MSTID,31,56,77,88,103
MSTSH,31,56,77,96,107
MSTYS,31,56,77,100,116
MTAHT,31,57,61,87,117
MTEKQ,31,57,64,89,114
MTIIS,31,57,68,88,116
MTLAT,31,57,70,81,117
MTMAY,31,57,71,81,120
MTMNQ,31,57,71,92,114
MTNAN,31,57,72,81,112
MTPYP,31,57,73,100,113
MTQVP,31,57,74,98,113
MTTQY,31,57,77,94,120
MTTTA,31,57,77,97,101
MTTVT,31,57,77,98,117
MTYHH,31,57,80,87,107
MYATH,31,60,61,97,107
MYIAT,31,60,68,81,117
MYTEN,31,60,77,84,112
MYTIT,31,60,77,88,117
MYTKL,31,60,77,89,110
MYTNC,31,60,77,92,102
MYTTE,31,60,77,97,104
MYTTI,31,60,77,97,108
MYTTN,31,60,77,97,112
NAELE,32,41,64,90,104
NAGIL,32,41,66,88,110
NAILG,32,41,68,90,106
NAIWP,32,41,68,99,113
NALIP,32,41,70,88,113
NALQN,32,41,70,94,112
NALRT,32,41,70,95,117
NALTI,32,41,70,97,108
NALTQ,32,41,70,97,114
NANCP,32,41,72,82,113
NAPHK,32,41,73,87,109
NAPIY,32,41,73,88,120
NAQKL,32,41,74,89,110
NASIQ,32,41,76,88,114
NATIA,32,41,77,88,101
NATVN,32,41,77,98,112
NAYTY,32,41,80,97,120
NCEVD,32,42,64,98,103
NCLMP,32,42,70,91,113
NCLTE,32,42,70,97,104
NCTIP,32,42,77,88,113
NCTQP,32,42,77,94,113
NCYLQ,32,42,80,90,114
NDETE,32,43,64,97,104
NDIIN,32,43,68,88,112
NDMNC,32,43,71,92,102
NDNTL,32,43,72,97,110
NDPTP,32,43,73,97,113
NDTIN,32,43,77,88,112
NDTTL,32,43,77,97,110
NDTVN,32,43,77,98,112
NDTYD,32,43,77,100,103
NEAMQ,32,44,61,91,114
NECAK,32,44,62,81,109
NEIQN,32,44,68,94,112
NEPHH,32,44,73,87,107
NETII,32,44,77,88,108
NFATD,32,45,61,97,103
NFDKT,32,45,63,89,117
NFLTN,32,45,70,97,112
NFSSY,32,45,76,96,120
NGETQ,32,46,64,97,114
NGHGA,32,46,67,86,101
NGIYN,32,46,68,100,112
NGLNP,32,46,70,92,113
NGMHS,32,46,71,87,116
NGNID,32,46,72,88,103
NGTIE,32,46,77,88,104
NGWHN,32,46,79,87,112
NHAYP,32,47,61,100,113
NHIMT,32,47,68,91,117
NHLHN,32,47,70,87,112
NHLKP,32,47,70,89,113
NHMFP,32,47,71,85,113
NHMQP,32,47,71,94,113
NHMTS,32,47,71,97,116
NHTVA,32,47,77,98,101
NHYTK,32,47,80,97,109
NIHQC,32,48,67,94,102
NIHYP,32,48,67,100,113
NIITN,32,48,68,97,112
NILDF,32,48,70,83,105
NILQI,32,48,70,94,108
NITTQ,32,48,77,97,114
NITVT,32,48,77,98,117
NKATN,32,49,61,97,112
NKHHA,32,49,67,87,101
NKHYD,32,49,67,100,103
NKLHP,32,49,70,87,113
NKPLT,32,49,73,90,117
NKPYL,32,49,73,100,110
NKSNT,32,49,76,92,117
NKYHH,32,49,80,87,107
NLFTA,32,50,65,97,101
NLIKQ,32,50,68,89,114
NLLAP,32,50,70,81,113
NLLTN,32,50,70,97,112
NLTIN,32,50,77,88,112
NLTYN,32,50,77,100,112
NMDTN,32,51,63,97,112
NMHVP,32,51,67,98,113
NMLHP,32,51,70,87,113
NMSIQ,32,51,76,88,114
NMTAC,32,51,77,81,102
NMTEN,32,51,77,84,112
NMVYD,32,51,78,100,103
NMYTH,32,51,80,97,107
NNKET,32,52,69,84,117
NNLEN,32,52,70,84,112
NNLRP,32,52,70,95,113
NNLTE,32,52,70,97,104
NNPVL,32,52,73,98,110
NNTIA,32,52,77,88,101
NNTIQ,32,52,77,88,114
NNVRP,32,52,78,95,113
NPDII,32,53,63,88,108
NPLLQ,32,53,70,90,114
NPLRA,32,53,70,95,101
NPLSP,32,53,70,96,113
NPMKH,32,53,71,89,107
NPTIN,32,53,77,88,112
NPTVI,32,53,77,98,108
NPTYP,32,53,77,100,113
NQATL,32,54,61,97,110
NQIYD,32,54,68,100,103
NQLLP,32,54,70,90,113
NQNIN,32,54,72,88,112
NQNKK,32,54,72,89,109
NQRIL,32,54,75,88,110
NQSIN,32,54,76,88,112
NQSQL,32,54,76,94,110
NQTIT,32,54,77,88,117
NQTTN,32,54,77,97,112
NQVIE,32,54,78,88,104
NQVLT,32,54,78,90,117
NQYIP,32,54,80,88,113
NQYLD,32,54,80,90,103
NRHEQ,32,55,67,84,114
NRLTL,32,55,70,97,110
NRLYP,32,55,70,100,113
NRQCN,32,55,74,82,112
NRSID,32,55,76,88,103
NRSIT,32,55,76,88,117
NRTRL,32,55,77,95,110
NRYTN,32,55,80,97,112
NSDIN,32,56,63,88,112
NSEHQ,32,56,64,87,114
NSHTN,32,56,67,97,112
NSIYS,32,56,68,100,116
NSLCP,32,56,70,82,113
NSLHT,32,56,70,87,117
NSLKT,32,56,70,89,117
NSLQL,32,56,70,94,110
NSLQN,32,56,70,94,112
NSLQQ,32,56,70,94,114
NSLSP,32,56,70,96,113
NSLTL,32,56,70,97,110
NSMQP,32,56,71,94,113
NSMTN,32,56,71,97,112
NSNML,32,56,72,91,110
NSNVH,32,56,72,98,107
NSQTN,32,56,74,97,112
NSWTN,32,56,79,97,112
NSYLA,32,56,80,90,101
NTATL,32,57,61,97,110
NTESS,32,57,64,96,116
NTFAQ,32,57,65,81,114
NTFTC,32,57,65,97,102
NTHVH,32,57,67,98,107
NTITH,32,57,68,97,107
NTITN,32,57,68,97,112
NTKIP,32,57,69,88,113
NTLMN,32,57,70,91,112
NTLNT,32,57,70,92,117
NTLTT,32,57,70,97,117
NTLTY,32,57,70,97,120
NTLVS,32,57,70,98,116
NTLYP,32,57,70,100,113
NTMLN,32,57,71,90,112
NTMMA,32,57,71,91,101
NTNIN,32,57,72,88,112
NTPID,32,57,73,88,103
NTPML,32,57,73,91,110
NTQLL,32,57,74,90,110
NTTKL,32,57,77,89,110
NTTLL,32,57,77,90,110
NTTLY,32,57,77,90,120
NTTQN,32,57,77,94,112
NTVQN,32,57,78,94,112
NTVSE,32,57,78,96,104
NTWAN,32,57,79,81,112
NTWTT,32,57,79,97,117
NTYAP,32,57,80,81,113
NTYHM,32,57,80,87,111
NTYVV,32,57,80,98,118
NTYWK,32,57,80,99,109
NVDTN,32,58,63,97,112
NVFHT,32,58,65,87,117
NVLSN,32,58,70,96,112
NVQTP,32,58,74,97,113
NVSYP,32,58,76,100,113
NVTAA,32,58,77,81,101
NVTIN,32,58,77,88,112
NVTIT,32,58,77,88,117
NVTKN,32,58,77,89,112
NWFNS,32,59,65,92,116
NWTCP,32,59,77,82,113
NYIHC,32,60,68,87,102
NYLNN,32,60,70,92,112
NYMTN,32,60,71,97,112
NYNDN,32,60,72,83,112
NYNEQ,32,60,72,84,114
NYRTN,32,60,75,97,112
NYSEN,32,60,76,84,112
NYTVN,32,60,77,98,112
NYYLT,32,60,80,90,117
NYYTV,32,60,80,97,118
PADLD,33,41,63,90,103
PAEVT,33,41,64,98,117
PAHHL,33,41,67,87,110
PAHYA,33,41,67,100,101
PAKLP,33,41,69,90,113
PALDQ,33,41,70,83,114
PALLT,33,41,70,90,117
PALSA,33,41,70,96,101
PAMVS,33,41,71,98,116
PARVQ,33,41,75,98,114
PATIP,33,41,77,88,113
PATIS,33,41,77,88,116
PATLT,33,41,77,90,117
PAVQE,33,41,78,94,104
PAWTN,33,41,79,97,112
PAYIT,33,41,80,88,117
PCAET,33,42,61,84,117
PCLLT,33,42,70,90,117
PCLNE,33,42,70,92,104
PCLQQ,33,42,70,94,114
PCLVT,33,42,70,98,117
PCTII,33,42,77,88,108
PCTLA,33,42,77,90,101
PCTQP,33,42,77,94,113
PCVET,33,42,78,84,117
PCWTT,33,42,79,97,117
PCYAP,33,42,80,81,113
PDELN,33,43,64,90,112
PDETQ,33,43,64,97,114
PDFMT,33,43,65,91,117
PDLTS,33,43,70,97,116
PDTYT,33,43,77,100,117
PDVQT,33,43,78,94,117
PEDIE,33,44,63,88,104
PEFVP,33,44,65,98,113
PEIQE,33,44,68,94,104
PELQT,33,44,70,94,117
PELTP,33,44,70,97,113
PEMHT,33,44,71,87,117
PETMV,33,44,77,91,118
PETTL,33,44,77,97,110
PETVS,33,44,77,98,116
PETYT,33,44,77,100,117
PEVTY,33,44,78,97,120
PFAQH,33,45,61,94,107
PFGTM,33,45,66,97,111
PFIHT,33,45,68,87,117
PFMQQ,33,45,71,94,114
PGLTL,33,46,70,97,110
PGTIN,33,46,77,88,112
PGTTY,33,46,77,97,120
PGTVP,33,46,77,98,113
PGYEQ,33,46,80,84,114
PGYRN,33,46,80,95,112
PHASN,33,47,61,96,112
PHATP,33,47,61,97,113
PHCTL,33,47,62,97,110
PHDIP,33,47,63,88,113
PHEHT,33,47,64,87,117
PHFEP,33,47,65,84,113
PHFHT,33,47,65,87,117
PHFQN,33,47,65,94,112
PHHVP,33,47,67,98,113
PHLES,33,47,70,84,116
PHLTH,33,47,70,97,107
PHMSE,33,47,71,96,104
PHNTP,33,47,72,97,113
PHNTQ,33,47,72,97,114
PHSVT,33,47,76,98,117
PHWIS,33,47,79,88,116
PHWLK,33,47,79,90,109
PILMT,33,48,70,91,117
PILTA,33,48,70,97,101
PILVS,33,48,70,98,116
PIPRL,33,48,73,95,110
PITLH,33,48,77,90,107
PITQL,33,48,77,94,110
PKAIT,33,49,61,88,117
PKHVP,33,49,67,98,113
PKIQC,33,49,68,94,102
PKIVP,33,49,68,98,113
PKIVS,33,49,68,98,116
PKLSA,33,49,70,96,101
PKLTP,33,49,70,97,113
PKLTQ,33,49,70,97,114
PKLYP,33,49,70,100,113
PKPLN,33,49,73,90,112
PKPML,33,49,73,91,110
PKQIT,33,49,74,88,117
PKTIQ,33,49,77,88,114
PKTLN,33,49,77,90,112
PKTQN,33,49,77,94,112
PKTVT,33,49,77,98,117
PLALP,33,50,61,90,113
PLSIN,33,50,76,88,112
PLTLD,33,50,77,90,103
PLTNL,33,50,77,92,110
PLTVM,33,50,77,98,111
PMAHL,33,51,61,87,110
PMAIN,33,51,61,88,112
PMETM,33,51,64,97,111
PMLTN,33,51,70,97,112
PMLTS,33,51,70,97,116
PMMVP,33,51,71,98,113
PMNVN,33,51,72,98,112
PMPMP,33,51,73,91,113
PMPYM,33,51,73,100,111
PMTVM,33,51,77,98,111
PNCLN,33,52,62,90,112
PNELN,33,52,64,90,112
PNFTL,33,52,65,97,110
PNITL,33,52,68,97,110
PNLSE,33,52,70,96,104
PNLTN,33,52,70,97,112
PNMIS,33,52,71,88,116
PNMLP,33,52,71,90,113
PNNIQ,33,52,72,88,114
PNPEP,33,52,73,84,113
PNQIL,33,52,74,88,110
PNQVI,33,52,74,98,108
PNSQE,33,52,76,94,104
PNTIL,33,52,77,88,110
PNTIT,33,52,77,88,117
PNVQN,33,52,78,94,112
PNVTM,33,52,78,97,111
PNWND,33,52,79,92,103
PNWQP,33,52,79,94,113
PPAVN,33,53,61,98,112
PPCTE,33,53,62,97,104
PPEIQ,33,53,64,88,114
PPIIP,33,53,68,88,113
PPLLP,33,53,70,90,113
PPLTA,33,53,70,97,101
PPSVY,33,53,76,98,120
PQAHL,33,54,61,87,110
PQHIP,33,54,67,88,113
PQIHT,33,54,68,87,117
PQITW,33,54,68,97,119
PQLQS,33,54,70,94,116
PQPYM,33,54,73,100,111
PQQWP,33,54,74,99,113
PQSTH,33,54,76,97,107
PQTKP,33,54,77,89,113
PQTLP,33,54,77,90,113
PQTQQ,33,54,77,94,114
PQTTN,33,54,77,97,112
PQTYS,33,54,77,100,116
PQVMT,33,54,78,91,117
PQYDT,33,54,80,83,117
PQYES,33,54,80,84,116
PREAP,33,55,64,81,113
PRILP,33,55,68,90,113
PRLTM,33,55,70,97,111
PRLYP,33,55,70,100,113
PRSEQ,33,55,76,84,114
PRSID,33,55,76,88,103
PRSMY,33,55,76,91,120
PRSQL,33,55,76,94,110
PRTQQ,33,55,77,94,114
PRTRL,33,55,77,95,110
PRTVH,33,55,77,98,107
PRTYT,33,55,77,100,117
PRVSL,33,55,78,96,110
PSAAL,33,56,61,81,110
PSAFM,33,56,61,85,111
PSAIS,33,56,61,88,116
PSAMC,33,56,61,91,102
PSDLA,33,56,63,90,101
PSETD,33,56,64,97,103
PSFDQ,33,56,65,83,114
PSHVG,33,56,67,98,106
PSHYD,33,56,67,100,103
PSIEI,33,56,68,84,108
PSLTL,33,56,70,97,110
PSLTV,33,56,70,97,118
PSLTW,33,56,70,97,119
PSLVS,33,56,70,98,116
PSNMA,33,56,72,91,101
PSQMI,33,56,74,91,108
PSQYL,33,56,74,100,110
PSSKN,33,56,76,89,112
PSSVR,33,56,76,98,115
PSTQK,33,56,77,94,109
PSTRN,33,56,77,95,112
PSTTM,33,56,77,97,111
PSTVL,33,56,77,98,110
PSVLP,33,56,78,90,113
PSYFQ,33,56,80,85,114
PSYTD,33,56,80,97,103
PTCST,33,57,62,96,117
PTCVQ,33,57,62,98,114
PTDCQ,33,57,63,82,114
PTDLD,33,57,63,90,103
PTEAH,33,57,64,81,107
PTEHT,33,57,64,87,117
PTFRQ,33,57,65,95,114
PTHIW,33,57,67,88,119
PTHLP,33,57,67,90,113
PTHVP,33,57,67,98,113
PTILT,33,57,68,90,117
PTLQT,33,57,70,94,117
PTLTP,33,57,70,97,113
PTLTQ,33,57,70,97,114
PTMNN,33,57,71,92,112
PTNHV,33,57,72,87,118
PTPLN,33,57,73,90,112
PTPLS,33,57,73,90,116
PTPVL,33,57,73,98,110
PTPVT,33,57,73,98,117
PTQEC,33,57,74,84,102
PTQIQ,33,57,74,88,114
PTQLH,33,57,74,90,107
PTQLP,33,57,74,90,113
PTQLT,33,57,74,90,117
PTQNM,33,57,74,92,111
PTQQP,33,57,74,94,113
PTQRN,33,57,74,95,112
PTQVL,33,57,74,98,110
PTQVV,33,57,74,98,118
PTRLH,33,57,75,90,107
PTRLT,33,57,75,90,117
PTSLM,33,57,76,90,111
PTSLP,33,57,76,90,113
PTTDL,33,57,77,83,110
PTTEN,33,57,77,84,112
PTTKD,33,57,77,89,103
PTTLP,33,57,77,90,113
PTTLQ,33,57,77,90,114
PTTQS,33,57,77,94,116
PTTQT,33,57,77,94,117
PTTRT,33,57,77,95,117
PTTTL,33,57,77,97,110
PTTYQ,33,57,77,100,114
PTVNH,33,57,78,92,107
PTYAD,33,57,80,81,103
PTYAH,33,57,80,81,107
PVAQP,33,58,61,94,113
PVDIV,33,58,63,88,118
PVFTN,33,58,65,97,112
PVTKC,33,58,77,89,102
PVTQH,33,58,77,94,107
PWEVS,33,59,64,98,116
PWPIP,33,59,73,88,113
PWSET,33,59,76,84,117
PWTQH,33,59,77,94,107
PWTTL,33,59,77,97,110
PYFFP,33,60,65,85,113
PYLHW,33,60,70,87,119
PYLKT,33,60,70,89,117
PYMTQ,33,60,71,97,114
PYNQT,33,60,72,94,117
PYSAQ,33,60,76,81,114
PYTKP,33,60,77,89,113
PYTMN,33,60,77,91,112
PYTMT,33,60,77,91,117
PYTQL,33,60,77,94,110
PYTVQ,33,60,77,98,114
PYYES,33,60,80,84,116
PYYVQ,33,60,80,98,114
QADIS,34,41,63,88,116
QAELP,34,41,64,90,113
QAIRN,34,41,68,95,112
QALSP,34,41,70,96,113
QAPIA,34,41,73,88,101
QASVN,34,41,76,98,112
QATID,34,41,77,88,103
QATIN,34,41,77,88,112
QATLN,34,41,77,90,112
QATQW,34,41,77,94,119
QATTP,34,41,77,97,113
QAVSP,34,41,78,96,113
QCTTN,34,42,77,97,112
QCYAS,34,42,80,81,116
QDCFN,34,43,62,85,112
QDELD,34,43,64,90,103
QDHLC,34,43,67,90,102
QDLSE,34,43,70,96,104
QDLYP,34,43,70,100,113
QDPQH,34,43,73,94,107
QDVHP,34,43,78,87,113
QDVQP,34,43,78,94,113
QEAQC,34,44,61,94,102
QELNI,34,44,70,92,108
QENHL,34,44,72,87,110
QETAP,34,44,77,81,113
QETKQ,34,44,77,89,114
QETSL,34,44,77,96,110
QETTT,34,44,77,97,117
QFMQP,34,45,71,94,113
QGEQD,34,46,64,94,103
QGISL,34,46,68,96,110
QGSET,34,46,76,84,117
QGVLQ,34,46,78,90,114
QHAIQ,34,47,61,88,114
QHEQT,34,47,64,94,117
QHHTL,34,47,67,97,110
QHIEP,34,47,68,84,113
QHITH,34,47,68,97,107
QHLKP,34,47,70,89,113
QHLQN,34,47,70,94,112
QHLQP,34,47,70,94,113
QHLRP,34,47,70,95,113
QHLTD,34,47,70,97,103
QHLTL,34,47,70,97,110
QHLTP,34,47,70,97,113
QHNIQ,34,47,72,88,114
QHQTL,34,47,74,97,110
QHSIP,34,47,76,88,113
QHSYQ,34,47,76,100,114
QHTQN,34,47,77,94,112
QHTTN,34,47,77,97,112
QHTVA,34,47,77,98,101
QHTVL,34,47,77,98,110
QIAHP,34,48,61,87,113
QIEEP,34,48,64,84,113
QIMYS,34,48,71,100,116
QITEQ,34,48,77,84,114
QITHN,34,48,77,87,112
QITMT,34,48,77,91,117
QKATN,34,49,61,97,112
QKIHT,34,49,68,87,117
QKITP,34,49,68,97,113
QKTTP,34,49,77,97,113
QLCRP,34,50,62,95,113
QLDFN,34,50,63,85,112
QLLTN,34,50,70,97,112
QLPYD,34,50,73,100,103
QLSFP,34,50,76,85,113
QLTQA,34,50,77,94,101
QLTYN,34,50,77,100,112
QMLHP,34,51,70,87,113
QMQLP,34,51,74,90,113
QMSLD,34,51,76,90,103
QMSTD,34,51,76,97,103
QMTQD,34,51,77,94,103
QMTTN,34,51,77,97,112
QNCWE,34,52,62,99,104
QNEHS,34,52,64,87,116
QNEHT,34,52,64,87,117
QNEYT,34,52,64,100,117
QNIIP,34,52,68,88,113
QNLEA,34,52,70,84,101
QNLIQ,34,52,70,88,114
QNLTQ,34,52,70,97,114
QNLTY,34,52,70,97,120
QNMHS,34,52,71,87,116
QNQVN,34,52,74,98,112
QNTIN,34,52,77,88,112
QNTMN,34,52,77,91,112
QNTQM,34,52,77,94,111
QPATP,34,53,61,97,113
QPETV,34,53,64,97,118
QPIIN,34,53,68,88,112
QPIKP,34,53,68,89,113
QPLTN,34,53,70,97,112
QPLTP,34,53,70,97,113
QQCIN,34,54,62,88,112
QQDIT,34,54,63,88,117
QQFTT,34,54,65,97,117
QQQIA,34,54,74,88,101
QQQQP,34,54,74,94,113
QQQVN,34,54,74,98,112
QQQVT,34,54,74,98,117
QQSQA,34,54,76,94,101
QQTHA,34,54,77,87,101
QQTHH,34,54,77,87,107
QQTLM,34,54,77,90,111
QQTLV,34,54,77,90,118
QQTQI,34,54,77,94,108
QQTRP,34,54,77,95,113
QQTTN,34,54,77,97,112
QQTVD,34,54,77,98,103
QQTVQ,34,54,77,98,114
QQTVT,34,54,77,98,117
QRAQL,34,55,61,94,110
QRFTP,34,55,65,97,113
QRIHH,34,55,68,87,107
QRIMS,34,55,68,91,116
QRQVP,34,55,74,98,113
QRTKL,34,55,77,89,110
QRTWT,34,55,77,99,117
QRYTK,34,55,80,97,109
QSAIT,34,56,61,88,117
QSETP,34,56,64,97,113
QSFSL,34,56,65,96,110
QSFYP,34,56,65,100,113
QSHHN,34,56,67,87,112
QSITH,34,56,68,97,107
QSITL,34,56,68,97,110
QSITM,34,56,68,97,111
QSLQL,34,56,70,94,110
QSLQN,34,56,70,94,112
QSLRP,34,56,70,95,113
QSLTQ,34,56,70,97,114
QSMKQ,34,56,71,89,114
QSMLS,34,56,71,90,116
QSMQP,34,56,71,94,113
QSSHK,34,56,76,87,109
QSSIA,34,56,76,88,101
QSSLP,34,56,76,90,113
QSSMN,34,56,76,91,112
QSSTL,34,56,76,97,110
QSTAI,34,56,77,81,108
QSTEP,34,56,77,84,113
QSTIM,34,56,77,88,111
QSTLV,34,56,77,90,118
QSTQN,34,56,77,94,112
QSTWY,34,56,77,99,120
QSVSL,34,56,78,96,110
QSYLN,34,56,80,90,112
QTAQC,34,57,61,94,102
QTAVP,34,57,61,98,113
QTCTL,34,57,62,97,110
QTDHC,34,57,63,87,102
QTDTQ,34,57,63,97,114
QTECN,34,57,64,82,112
QTESM,34,57,64,96,111
QTFQQ,34,57,65,94,114
QTHQI,34,57,67,94,108
QTIVF,34,57,68,98,105
QTKLP,34,57,69,90,113
QTLDT,34,57,70,83,117
QTLLT,34,57,70,90,117
QTLQS,34,57,70,94,116
QTLRS,34,57,70,95,116
QTLSL,34,57,70,96,110
QTLTP,34,57,70,97,113
QTMAP,34,57,71,81,113
QTMHT,34,57,71,87,117
QTMQH,34,57,71,94,107
QTMWD,34,57,71,99,103
QTNVC,34,57,72,98,102
QTPIP,34,57,73,88,113
QTQFP,34,57,74,85,113
QTQLQ,34,57,74,90,114
QTQQN,34,57,74,94,112
QTQVV,34,57,74,98,118
QTQYL,34,57,74,100,110
QTTCP,34,57,77,82,113
QTTDT,34,57,77,83,117
QTTEQ,34,57,77,84,114
QTTES,34,57,77,84,116
QTTFP,34,57,77,85,113
QTTHS,34,57,77,87,116
QTTLP,34,57,77,90,113
QTTLS,34,57,77,90,116
QTTLT,34,57,77,90,117
QTTMH,34,57,77,91,107
QTTNN,34,57,77,92,112
QTTQI,34,57,77,94,108
QTTTP,34,57,77,97,113
QTTYT,34,57,77,100,117
QTVYL,34,57,78,100,110
QTWDT,34,57,79,83,117
QTYIT,34,57,80,88,117
QVIAP,34,58,68,81,113
QVLAT,34,58,70,81,117
QVPHY,34,58,73,87,120
QVSIQ,34,58,76,88,114
QVTTP,34,58,77,97,113
QVVTP,34,58,78,97,113
QVYIP,34,58,80,88,113
QWTRI,34,59,77,95,108
QYEDN,34,60,64,83,112
QYETY,34,60,64,97,120
QYFKP,34,60,65,89,113
QYIHP,34,60,68,87,113
QYLKN,34,60,70,89,112
QYMTQ,34,60,71,97,114
QYPMN,34,60,73,91,112
QYTHP,34,60,77,87,113
QYTKD,34,60,77,89,103
QYTLD,34,60,77,90,103
QYTVT,34,60,77,98,117
QYVAS,34,60,78,81,116
QYVQN,34,60,78,94,112
RAART,35,41,61,95,117
RALYS,35,41,70,100,116
RAPIQ,35,41,73,88,114
RCILD,35,42,68,90,103
RCQLA,35,42,74,90,101
RCTIH,35,42,77,88,107
RDETN,35,43,64,97,112
RDEVQ,35,43,64,98,114
RDIAN,35,43,68,81,112
RDPIL,35,43,73,88,110
RETRS,35,44,77,95,116
RETSL,35,44,77,96,110
RFHTK,35,45,67,97,109
RFNIT,35,45,72,88,117
RFQMP,35,45,74,91,113
RFYTY,35,45,80,97,120
RGMQN,35,46,71,94,112
RHLHA,35,47,70,87,101
RHTHP,35,47,77,87,113
RHTTL,35,47,77,97,110
RHTYS,35,47,77,100,116
RICMQ,35,48,62,91,114
RIEHN,35,48,64,87,112
RIHQP,35,48,67,94,113
RILAP,35,48,70,81,113
RISHN,35,48,76,87,112
RISPS,35,48,76,93,116
RITTL,35,48,77,97,110
RITVT,35,48,77,98,117
RKCTP,35,49,62,97,113
RKETP,35,49,64,97,113
RKLET,35,49,70,84,117
RLIMT,35,50,68,91,117
RLLMT,35,50,70,91,117
RLLTM,35,50,70,97,111
RLTTL,35,50,77,97,110
RLYTD,35,50,80,97,103
RMEKP,35,51,64,89,113
RMQIP,35,51,74,88,113
RMTYD,35,51,77,100,103
RMVET,35,51,78,84,117
RMWAP,35,51,79,81,113
RMWIP,35,51,79,88,113
RNELN,35,52,64,90,112
RNLTI,35,52,70,97,108
RNLVT,35,52,70,98,117
RNQVP,35,52,74,98,113
RNSRS,35,52,76,95,116
RNTEQ,35,52,77,84,114
RNTVP,35,52,77,98,113
RPTER,35,53,77,84,115
RPTVL,35,53,77,98,110
RQLDT,35,54,70,83,117
RQSIL,35,54,76,88,110
RQTAL,35,54,77,81,110
RQTIA,35,54,77,88,101
RQWHD,35,54,79,87,103
RQWNL,35,54,79,92,110
RRETP,35,55,64,97,113
RRNQQ,35,55,72,94,114
RRYTT,35,55,80,97,117
RSEIN,35,56,64,88,112
RSETP,35,56,64,97,113
RSFTM,35,56,65,97,111
RSHPG,35,56,67,93,106
RSINQ,35,56,68,92,114
RSIVA,35,56,68,98,101
RSKVP,35,56,69,98,113
RSLLN,35,56,70,90,112
RSLRN,35,56,70,95,112
RSMMP,35,56,71,91,113
RSMSP,35,56,71,96,113
RSTTK,35,56,77,97,109
RSTYP,35,56,77,100,113
RSYVW,35,56,80,98,119
RTCVT,35,57,62,98,117
RTELH,35,57,64,90,107
RTEMS,35,57,64,91,116
RTEQT,35,57,64,94,117
RTFSP,35,57,65,96,113
RTGIP,35,57,66,88,113
RTIMP,35,57,68,91,113
RTIQP,35,57,68,94,113
RTISS,35,57,68,96,116
RTLNP,35,57,70,92,113
RTLTN,35,57,70,97,112
RTLTY,35,57,70,97,120
RTMQQ,35,57,71,94,114
RTMSN,35,57,71,96,112
RTMYS,35,57,71,100,116
RTQHA,35,57,74,87,101
RTQMN,35,57,74,91,112
RTQRL,35,57,74,95,110
RTSAT,35,57,76,81,117
RTTAP,35,57,77,81,113
RTTET,35,57,77,84,117
RTTIN,35,57,77,88,112
RTTLM,35,57,77,90,111
RTTLV,35,57,77,90,118
RTTMD,35,57,77,91,103
RTTQC,35,57,77,94,102
RTTRA,35,57,77,95,101
RTTTE,35,57,77,97,104
RTTVQ,35,57,77,98,114
RVETQ,35,58,64,97,114
RVTLA,35,58,77,90,101
RWTAN,35,59,77,81,112
RYIAE,35,60,68,81,104
RYLCS,35,60,70,82,116
RYNSP,35,60,72,96,113
RYTAN,35,60,77,81,112
RYYTL,35,60,80,97,110
SALLP,36,41,70,90,113
SALRP,36,41,70,95,113
SANML,36,41,72,91,110
SARPL,36,41,75,93,110
SASIP,36,41,76,88,113
SATHS,36,41,77,87,116
SAWHH,36,41,79,87,107
SAYFE,36,41,80,85,104
SCMQH,36,42,71,94,107
SCTHP,36,42,77,87,113
SCTQN,36,42,77,94,112
SCTSN,36,42,77,96,112
SDFQT,36,43,65,94,117
SDLTH,36,43,70,97,107
SDMHT,36,43,71,87,117
SDMQH,36,43,71,94,107
SDTRL,36,43,77,95,110
SDTVS,36,43,77,98,116
SDTYW,36,43,77,100,119
SEIQF,36,44,68,94,105
SELNL,36,44,70,92,110
SEPTP,36,44,73,97,113
SEQKQ,36,44,74,89,114
SEQLA,36,44,74,90,101
SESLL,36,44,76,90,110
SESSL,36,44,76,96,110
SEVTM,36,44,78,97,111
SFLDN,36,45,70,83,112
SFTLT,36,45,77,90,117
SFTQS,36,45,77,94,116
SFTTQ,36,45,77,97,114
SFTTV,36,45,77,97,118
SGEQL,36,46,64,94,110
SGETA,36,46,64,97,101
SGQLL,36,46,74,90,110
SGSQP,36,46,76,94,113
SGTCE,36,46,77,82,104
SHIHT,36,47,68,87,117
SHIQA,36,47,68,94,101
SHMHH,36,47,71,87,107
SHQIP,36,47,74,88,113
SHTHS,36,47,77,87,116
SHTNL,36,47,77,92,110
SHTRL,36,47,77,95,110
SHVTA,36,47,78,97,101
SHWLT,36,47,79,90,117
SIFAP,36,48,65,81,113
SIFQT,36,48,65,94,117
SIGTK,36,48,66,97,109
SIIDN,36,48,68,83,112
SIILQ,36,48,68,90,114
SILSL,36,48,70,96,110
SIMAQ,36,48,71,81,114
SIMNP,36,48,71,92,113
SIRIP,36,48,75,88,113
SISFA,36,48,76,85,101
SITMA,36,48,77,91,101
SIYTL,36,48,80,97,110
SKDLF,36,49,63,90,105
SKIPC,36,49,68,93,102
SKLHP,36,49,70,87,113
SKMTN,36,49,71,97,112
SKPMP,36,49,73,91,113
SKQAN,36,49,74,81,112
SKRPS,36,49,75,93,116
SKTSI,36,49,77,96,108
SKTSL,36,49,77,96,110
SKTVT,36,49,77,98,117
SKVPC,36,49,78,93,102
SKVWP,36,49,78,99,113
SLCLE,36,50,62,90,104
SLCTP,36,50,62,97,113
SLEIP,36,50,64,88,113
SLHYP,36,50,67,100,113
SLLDT,36,50,70,83,117
SLQIT,36,50,74,88,117
SLQQM,36,50,74,94,111
SLSVL,36,50,76,98,110
SLTAL,36,50,77,81,110
SLTET,36,50,77,84,117
SMAFY,36,51,61,85,120
SMDLQ,36,51,63,90,114
SMHFN,36,51,67,85,112
SMITE,36,51,68,97,104
SMLST,36,51,70,96,117
SMQEP,36,51,74,84,113
SMSFL,36,51,76,85,110
SMTRE,36,51,77,95,104
SMYEV,36,51,80,84,118
SNHFL,36,52,67,85,110
SNIQW,36,52,68,94,119
SNIVP,36,52,68,98,113
SNLLT,36,52,70,90,117
SNLRP,36,52,70,95,113
SNMFQ,36,52,71,85,114
SNMTN,36,52,71,97,112
SNQTL,36,52,74,97,110
SNSIL,36,52,76,88,110
SNTAP,36,52,77,81,113
SNTET,36,52,77,84,117
SNTHP,36,52,77,87,113
SNTIL,36,52,77,88,110
SNYHP,36,52,80,87,113
SNYLP,36,52,80,90,113
SNYVS,36,52,80,98,116
SPARE,36,53,61,95,104
SPHYR,36,53,67,100,115
SPIIS,36,53,68,88,116
SPILP,36,53,68,90,113
SPLEC,36,53,70,84,102
SPLLP,36,53,70,90,113
SPMLP,36,53,71,90,113
SPMTL,36,53,71,97,110
SPMTP,36,53,71,97,113
SQALL,36,54,61,90,110
SQCLK,36,54,62,90,109
SQFSN,36,54,65,96,112
SQMSE,36,54,71,96,104
SQSAK,36,54,76,81,109
SQTEI,36,54,77,84,108
SQTSL,36,54,77,96,110
SQYLH,36,54,80,90,107
SQYLQ,36,54,80,90,114
SRETQ,36,55,64,97,114
SRLTN,36,55,70,97,112
SRLTQ,36,55,70,97,114
SRPIQ,36,55,73,88,114
SRQYN,36,55,74,100,112
SRTAN,36,55,77,81,112
SRTEL,36,55,77,84,110
SRTEN,36,55,77,84,112
SRTFN,36,55,77,85,112
SRTLL,36,55,77,90,110
SRTRS,36,55,77,95,116
SSATN,36,56,61,97,112
SSHTL,36,56,67,97,110
SSIKP,36,56,68,89,113
SSLTL,36,56,70,97,110
SSMIV,36,56,71,88,118
SSMQQ,36,56,71,94,114
SSMYY,36,56,71,100,120
SSPIN,36,56,73,88,112
SSQVQ,36,56,74,98,114
SSTAL,36,56,77,81,110
SSTDL,36,56,77,83,110
SSTEN,36,56,77,84,112
SSTKP,36,56,77,89,113
SSTQE,36,56,77,94,104
SSTVT,36,56,77,98,117
SSTYD,36,56,77,100,103
SSWQL,36,56,79,94,110
STETQ,36,57,64,97,114
STEVL,36,57,64,98,110
STHAL,36,57,67,81,110
STILC,36,57,68,90,102
STIMT,36,57,68,91,117
STITM,36,57,68,97,111
STLGL,36,57,70,86,110
STLHC,36,57,70,87,102
STLHT,36,57,70,87,117
STLLQ,36,57,70,90,114
STLLT,36,57,70,90,117
STLLV,36,57,70,90,118
STLMP,36,57,70,91,113
STLNE,36,57,70,92,104
STLTT,36,57,70,97,117
STMHP,36,57,71,87,113
STMQN,36,57,71,94,112
STQHC,36,57,74,87,102
STRTL,36,57,75,97,110
STSHL,36,57,76,87,110
STSMS,36,57,76,91,116
STTHW,36,57,77,87,119
STTLN,36,57,77,90,112
STTLS,36,57,77,90,116
STTLY,36,57,77,90,120
STTMS,36,57,77,91,116
STTQL,36,57,77,94,110
STTTN,36,57,77,97,112
STTTY,36,57,77,97,120
STTYN,36,57,77,100,112
STTYP,36,57,77,100,113
STVAP,36,57,78,81,113
STVNC,36,57,78,92,102
STVVT,36,57,78,98,117
STWNN,36,57,79,92,112
STYSL,36,57,80,96,110
STYTK,36,57,80,97,109
SVEQN,36,58,64,94,112
SVISP,36,58,68,96,113
SVLSP,36,58,70,96,113
SVTLT,36,58,77,90,117
SVWMT,36,58,79,91,117
SWFIP,36,59,65,88,113
SWHTD,36,59,67,97,103
SWTIP,36,59,77,88,113
SYARL,36,60,61,95,110
SYHAN,36,60,67,81,112
SYHSL,36,60,67,96,110
SYLHH,36,60,70,87,107
SYLNT,36,60,70,92,117
SYLST,36,60,70,96,117
SYLTA,36,60,70,97,101
SYNSE,36,60,72,96,104
SYQTP,36,60,74,97,113
SYTAY,36,60,77,81,120
SYVHP,36,60,78,87,113
SYYTM,36,60,80,97,111
TAAHY,37,41,61,87,120
TADTL,37,41,63,97,110
TAEHY,37,41,64,87,120
TAETD,37,41,64,97,103
TAISN,37,41,68,96,112
TALHT,37,41,70,87,117
TALTA,37,41,70,97,101
TALVN,37,41,70,98,112
TAMQT,37,41,71,94,117
TAQII,37,41,74,88,108
TAQVC,37,41,74,98,102
TCCIH,37,42,62,88,107
TCIQL,37,42,68,94,110
TCTIA,37,42,77,88,101
TCTLT,37,42,77,90,117
TCVLS,37,42,78,90,116
TDARQ,37,43,61,95,114
TDIDN,37,43,68,83,112
TDLFP,37,43,70,85,113
TDLNN,37,43,70,92,112
TDLQE,37,43,70,94,104
TDLWN,37,43,70,99,112
TDTNY,37,43,77,92,120
TDTYP,37,43,77,100,113
TDYVT,37,43,80,98,117
TEAVS,37,44,61,98,116
TEIVT,37,44,68,98,117
TELAT,37,44,70,81,117
TELDN,37,44,70,83,112
TELFY,37,44,70,85,120
TELSA,37,44,70,96,101
TENHP,37,44,72,87,113
TEPIQ,37,44,73,88,114
TESIV,37,44,76,88,118
TETEC,37,44,77,84,102
TETHA,37,44,77,87,101
TETHT,37,44,77,87,117
TETKQ,37,44,77,89,114
TETQP,37,44,77,94,113
TFCKP,37,45,62,89,113
TFTLM,37,45,77,90,111
TFTTQ,37,45,77,97,114
TFYRP,37,45,80,95,113
TGPAN,37,46,73,81,112
TGTTN,37,46,77,97,112
TGTVT,37,46,77,98,117
TGWMP,37,46,79,91,113
THAEL,37,47,61,84,110
THDEI,37,47,63,84,108
THESD,37,47,64,96,103
THETL,37,47,64,97,110
THIIT,37,47,68,88,117
THPET,37,47,73,84,117
THSIT,37,47,76,88,117
THSLM,37,47,76,90,111
THSMP,37,47,76,91,113
THSVQ,37,47,76,98,114
THTRL,37,47,77,95,110
THWYK,37,47,79,100,109
TIDML,37,48,63,91,110
TIHTD,37,48,67,97,103
TILNQ,37,48,70,92,114
TIPQC,37,48,73,94,102
TISDL,37,48,76,83,110
TISHP,37,48,76,87,113
TKISN,37,49,68,96,112
TKLTT,37,49,70,97,117
TKMAQ,37,49,71,81,114
TKPEQ,37,49,73,84,114
TKQHE,37,49,74,87,104
TKSHP,37,49,76,87,113
TKTAN,37,49,77,81,112
TKTSY,37,49,77,96,120
TKTVE,37,49,77,98,104
TLDLP,37,50,63,90,113
TLEAC,37,50,64,81,102
TLFHP,37,50,65,87,113
TLHTN,37,50,67,97,112
TLIIP,37,50,68,88,113
TLLQC,37,50,70,94,102
TLLQP,37,50,70,94,113
TLLTL,37,50,70,97,110
TLLTP,37,50,70,97,113
TLMDC,37,50,71,83,102
TLNIE,37,50,72,88,104
TLPYL,37,50,73,100,110
TLQVI,37,50,74,98,108
TLRQT,37,50,75,94,117
TLSIE,37,50,76,88,104
TLSQA,37,50,76,94,101
TLTEQ,37,50,77,84,114
TLTLN,37,50,77,90,112
TLTLT,37,50,77,90,117
TLWKT,37,50,79,89,117
TMLIL,37,51,70,88,110
TMLLT,37,51,70,90,117
TMNPC,37,51,72,93,102
TMNVN,37,51,72,98,112
TMSQL,37,51,76,94,110
TMTLN,37,51,77,90,112
TNAVP,37,52,61,98,113
TNELQ,37,52,64,90,114
TNHTL,37,52,67,97,110
TNLKP,37,52,70,89,113
TNLLA,37,52,70,90,101
TNLLQ,37,52,70,90,114
TNMIP,37,52,71,88,113
TNMMP,37,52,71,91,113
TNMTT,37,52,71,97,117
TNPIP,37,52,73,88,113
TNQLN,37,52,74,90,112
TNTEA,37,52,77,84,101
TNTLL,37,52,77,90,110
TNTMQ,37,52,77,91,114
TNTNL,37,52,77,92,110
TNTQN,37,52,77,94,112
TNTVS,37,52,77,98,116
TNTVT,37,52,77,98,117
TNTYT,37,52,77,100,117
TNVIQ,37,52,78,88,114
TNWSL,37,52,79,96,110
TPLHS,37,53,70,87,116
TPMLC,37,53,71,90,102
TPVTP,37,53,78,97,113
TPWQP,37,53,79,94,113
TPYIQ,37,53,80,88,114
TQEQD,37,54,64,94,103
TQISL,37,54,68,96,110
TQLMP,37,54,70,91,113
TQLQT,37,54,70,94,117
TQMHP,37,54,71,87,113
TQPIA,37,54,73,88,101
TQTHF,37,54,77,87,105
TQTIQ,37,54,77,88,114
TQTMQ,37,54,77,91,114
TQTNV,37,54,77,92,118
TQTTP,37,54,77,97,113
TQTTT,37,54,77,97,117
TQYID,37,54,80,88,103
TRHLT,37,55,67,90,117
TRIIP,37,55,68,88,113
TRLHP,37,55,70,87,113
TRLHT,37,55,70,87,117
TRMTP,37,55,71,97,113
TRNID,37,55,72,88,103
TRSIP,37,55,76,88,113
TRTLD,37,55,77,90,103
TRTMP,37,55,77,91,113
TRTQE,37,55,77,94,104
TRTTL,37,55,77,97,110
TSAVH,37,56,61,98,107
TSCFD,37,56,62,85,103
TSEIN,37,56,64,88,112
TSENE,37,56,64,92,104
TSFTQ,37,56,65,97,114
TSHDT,37,56,67,83,117
TSINE,37,56,68,92,104
TSINQ,37,56,68,92,114
TSITN,37,56,68,97,112
TSKMN,37,56,69,91,112
TSLAA,37,56,70,81,101
TSLDP,37,56,70,83,113
TSLNT,37,56,70,92,117
TSLQN,37,56,70,94,112
TSLQT,37,56,70,94,117
TSMAE,37,56,71,81,104
TSPEL,37,56,73,84,110
TSPVC,37,56,73,98,102
TSQEH,37,56,74,84,107
TSQII,37,56,74,88,108
TSQLN,37,56,74,90,112
TSQLP,37,56,74,90,113
TSQTL,37,56,74,97,110
TSTHP,37,56,77,87,113
TSTKC,37,56,77,89,102
TSTLD,37,56,77,90,103
TSTLP,37,56,77,90,113
TSTLT,37,56,77,90,117
TSTRF,37,56,77,95,105
TSTTN,37,56,77,97,112
TSTVP,37,56,77,98,113
TSVQL,37,56,78,94,110
TSWSQ,37,56,79,96,114
TSYIP,37,56,80,88,113
TSYIQ,37,56,80,88,114
TSYMN,37,56,80,91,112
TSYSH,37,56,80,96,107
TSYVN,37,56,80,98,112
TTAIL,37,57,61,88,110
TTALN,37,57,61,90,112
TTCAP,37,57,62,81,113
TTCID,37,57,62,88,103
TTDTP,37,57,63,97,113
TTDYT,37,57,63,100,117
TTEKL,37,57,64,89,110
TTEST,37,57,64,96,117
TTFAP,37,57,65,81,113
TTFRT,37,57,65,95,117
TTFTH,37,57,65,97,107
TTHPC,37,57,67,93,102
TTHYG,37,57,67,100,106
TTIDQ,37,57,68,83,114
TTIET,37,57,68,84,117
TTIIN,37,57,68,88,112
TTIMH,37,57,68,91,107
TTINE,37,57,68,92,104
TTIST,37,57,68,96,117
TTIVG,37,57,68,98,106
TTIYQ,37,57,68,100,114
TTKII,37,57,69,88,108
TTKIN,37,57,69,88,112
TTKQL,37,57,69,94,110
TTLAL,37,57,70,81,110
TTLAQ,37,57,70,81,114
TTLES,37,57,70,84,116
TTLKT,37,57,70,89,117
TTLNS,37,57,70,92,116
TTLRA,37,57,70,95,101
TTLRQ,37,57,70,95,114
TTLSS,37,57,70,96,116
TTLTH,37,57,70,97,107
TTLTP,37,57,70,97,113
TTLTT,37,57,70,97,117
TTMLT,37,57,71,90,117
TTMQH,37,57,71,94,107
TTMTP,37,57,71,97,113
TTMVN,37,57,71,98,112
TTNTN,37,57,72,97,112
TTPIL,37,57,73,88,110
TTPVD,37,57,73,98,103
TTQIT,37,57,74,88,117
TTSLL,37,57,76,90,110
TTTAP,37,57,77,81,113
TTTAS,37,57,77,81,116
TTTDM,37,57,77,83,111
TTTDN,37,57,77,83,112
TTTEP,37,57,77,84,113
TTTFN,37,57,77,85,112
TTTHQ,37,57,77,87,114
TTTHS,37,57,77,87,116
TTTII,37,57,77,88,108
TTTIL,37,57,77,88,110
TTTMH,37,57,77,91,107
TTTNT,37,57,77,92,117
TTTQA,37,57,77,94,101
TTTQL,37,57,77,94,110
TTTRN,37,57,77,95,112
TTTSN,37,57,77,96,112
TTTTV,37,57,77,97,118
TTTVS,37,57,77,98,116
TTVIT,37,57,78,88,117
TTVLP,37,57,78,90,113
TTVQP,37,57,78,94,113
TTVQT,37,57,78,94,117
TTVTT,37,57,78,97,117
TTWRT,37,57,79,95,117
TTYHP,37,57,80,87,113
TTYLD,37,57,80,90,103
TTYMN,37,57,80,91,112
TVAFK,37,58,61,85,109
TVFIP,37,58,65,88,113
TVIVT,37,58,68,98,117
TVLAV,37,58,70,81,118
TVLTN,37,58,70,97,112
TVMKT,37,58,71,89,117
TVMTH,37,58,71,97,107
TVTAA,37,58,77,81,101
TVTAT,37,58,77,81,117
TVTLP,37,58,77,90,113
TWFTC,37,59,65,97,102
TWMIN,37,59,71,88,112
TWTAN,37,59,77,81,112
TYESN,37,60,64,96,112
TYHNT,37,60,67,92,117
TYHTN,37,60,67,97,112
TYITE,37,60,68,97,104
TYKAP,37,60,69,81,113
TYLHP,37,60,70,87,113
TYLTS,37,60,70,97,116
TYSIH,37,60,76,88,107
TYSVP,37,60,76,98,113
TYTKI,37,60,77,89,108
TYTLA,37,60,77,90,101
TYTMQ,37,60,77,91,114
TYTQI,37,60,77,94,108
TYTSQ,37,60,77,96,114
TYTVA,37,60,77,98,101
TYTVS,37,60,77,98,116
TYVTM,37,60,78,97,111
TYYSC,37,60,80,96,102
VANVE,38,41,72,98,104
VATIQ,38,41,77,88,114
VATWL,38,41,77,99,110
VCTLH,38,42,77,90,107
VDLDD,38,43,70,83,103
VDLEE,38,43,70,84,104
VDMDD,38,43,71,83,103
VDMDE,38,43,71,83,104
VDMED,38,43,71,84,103
VDMEE,38,43,71,84,104
VDMEV,38,43,71,84,118
VDMVD,38,43,71,98,103
VDMVE,38,43,71,98,104
VDMYD,38,43,71,100,103
VEIEE,38,44,68,84,104
VELED,38,44,70,84,103
VELEE,38,44,70,84,104
VEMDD,38,44,71,83,103
VEMDE,38,44,71,83,104
VEMED,38,44,71,84,103
VEMEE,38,44,71,84,104
VEMEV,38,44,71,84,118
VEMVE,38,44,71,98,104
VETLP,38,44,77,90,113
VFQTN,38,45,74,97,112
VFTHT,38,45,77,87,117
VGQTT,38,46,74,97,117
VHISM,38,47,68,96,111
VHSVI,38,47,76,98,108
VHTIC,38,47,77,88,102
VIEWT,38,48,64,99,117
VITDN,38,48,77,83,112
VKTQN,38,49,77,94,112
VKTSS,38,49,77,96,116
VLLTP,38,50,70,97,113
VMTHC,38,51,77,87,102
VMTQS,38,51,77,94,116
VMYQP,38,51,80,94,113
VNLTD,38,52,70,97,103
VNTAN,38,52,77,81,112
VNTLA,38,52,77,90,101
VQSLT,38,54,76,90,117
VQTNM,38,54,77,92,111
VRLHA,38,55,70,87,101
VSAQS,38,56,61,94,116
VSCTM,38,56,62,97,111
VSDIP,38,56,63,88,113
VSITH,38,56,68,97,107
VSLFP,38,56,70,85,113
VSLKN,38,56,70,89,112
VSLTT,38,56,70,97,117
VSMIQ,38,56,71,88,114
VSTNF,38,56,77,92,105
VSTTL,38,56,77,97,110
VSTTM,38,56,77,97,111
VSTTN,38,56,77,97,112
VTEQQ,38,57,64,94,114
VTHLQ,38,57,67,90,114
VTIDW,38,57,68,83,119
VTLNT,38,57,70,92,117
VTMAS,38,57,71,81,116
VTMHT,38,57,71,87,117
VTRIP,38,57,75,88,113
VTSQC,38,57,76,94,102
VTSSK,38,57,76,96,109
VTTIQ,38,57,77,88,114
VTYNN,38,57,80,92,112
VVMDD,38,58,71,83,103
VVMED,38,58,71,84,103
VVMEE,38,58,71,84,104
VVNTD,38,58,72,97,103
VVQLT,38,58,74,90,117
VVSTF,38,58,76,97,105
VVTLG,38,58,77,90,106
VVVTQ,38,58,78,97,114
VYHEP,38,60,67,84,113
VYMDD,38,60,71,83,103
VYMED,38,60,71,84,103
VYMEE,38,60,71,84,104
VYSTN,38,60,76,97,112
VYTKI,38,60,77,89,108
VYTMP,38,60,77,91,113
VYTQH,38,60,77,94,107
WAETP,39,41,64,97,113
WAQLT,39,41,74,90,117
WCFTQ,39,42,65,97,114
WFSHT,39,45,76,87,117
WHAVT,39,47,61,98,117
WHTTF,39,47,77,97,105
WIIQT,39,48,68,94,117
WITTL,39,48,77,97,110
WKTSP,39,49,77,96,113
WLPTP,39,50,73,97,113
WNDMN,39,52,63,91,112
WNETE,39,52,64,97,104
WNHTN,39,52,67,97,112
WNLLN,39,52,70,90,112
WNMTM,39,52,71,97,111
WQSKP,39,54,76,89,113
WQTTE,39,54,77,97,104
WRKTN,39,55,69,97,112
WRNQN,39,55,72,94,112
WSMHP,39,56,71,87,113
WSNSN,39,56,72,96,112
WSSLL,39,56,76,90,110
WSSMT,39,56,76,91,117
WSTDI,39,56,77,83,108
WSVAT,39,56,78,81,117
WTFKV,39,57,65,89,118
WTGIP,39,57,66,88,113
WTHSP,39,57,67,96,113
WTIEN,39,57,68,84,112
WTKTE,39,57,69,97,104
WTLHT,39,57,70,87,117
WTLNT,39,57,70,92,117
WTMQS,39,57,71,94,116
WTQAP,39,57,74,81,113
WTQQH,39,57,74,94,107
WTSFT,39,57,76,85,117
WTSSL,39,57,76,96,110
WTTQK,39,57,77,94,109
WTWNH,39,57,79,92,107
WVDTP,39,58,63,97,113
WYTLA,39,60,77,90,101
YAHVT,40,41,67,98,117
YAIAH,40,41,68,81,107
YAIIP,40,41,68,88,113
YALSN,40,41,70,96,112
YAMYP,40,41,71,100,113
YANLN,40,41,72,90,112
YANVW,40,41,72,98,119
YAQMC,40,41,74,91,102
YAQTP,40,41,74,97,113
YATKL,40,41,77,89,110
YATSM,40,41,77,96,111
YCAQL,40,42,61,94,110
YCHED,40,42,67,84,103
YCMST,40,42,71,96,117
YDDMN,40,43,63,91,112
YDEYH,40,43,64,100,107
YDIDD,40,43,68,83,103
YDIDE,40,43,68,83,104
YDIED,40,43,68,84,103
YDIEE,40,43,68,84,104
YDIYD,40,43,68,100,103
YDIYY,40,43,68,100,120
YDLDD,40,43,70,83,103
YDLDE,40,43,70,83,104
YDLEE,40,43,70,84,104
YDLYD,40,43,70,100,103
YDMDD,40,43,71,83,103
YDMDE,40,43,71,83,104
YDMDV,40,43,71,83,118
YDMDY,40,43,71,83,120
YDMED,40,43,71,84,103
YDMEE,40,43,71,84,104
YDMEV,40,43,71,84,118
YDMEY,40,43,71,84,120
YDMLD,40,43,71,90,103
YDMVD,40,43,71,98,103
YDMVE,40,43,71,98,104
YDMYD,40,43,71,100,103
YDMYE,40,43,71,100,104
YDQTP,40,43,74,97,113
YDTSN,40,43,77,96,112
YDYLP,40,43,80,90,113
YEIDD,40,44,68,83,103
YEIDE,40,44,68,83,104
YEIED,40,44,68,84,103
YEIEE,40,44,68,84,104
YELDE,40,44,70,83,104
YELED,40,44,70,84,103
YELEE,40,44,70,84,104
YELSP,40,44,70,96,113
YEMDD,40,44,71,83,103
YEMDE,40,44,71,83,104
YEMDV,40,44,71,83,118
YEMDY,40,44,71,83,120
YEMED,40,44,71,84,103
YEMEE,40,44,71,84,104
YEMEV,40,44,71,84,118
YEMEY,40,44,71,84,120
YEMVD,40,44,71,98,103
YEMVE,40,44,71,98,104
YEMYE,40,44,71,100,104
YFSTL,40,45,76,97,110
YGATN,40,46,61,97,112
YGPTN,40,46,73,97,112
YGSVN,40,46,76,98,112
YGTFT,40,46,77,85,117
YHATP,40,47,61,97,113
YHETT,40,47,64,97,117
YHIVS,40,47,68,98,116
YHQTN,40,47,74,97,112
YHSLN,40,47,76,90,112
YHTEH,40,47,77,84,107
YHTSP,40,47,77,96,113
YHYRT,40,47,80,95,117
YITFS,40,48,77,85,116
YITNC,40,48,77,92,102
YIYTQ,40,48,80,97,114
YKETE,40,49,64,97,104
YKITP,40,49,68,97,113
YKMTA,40,49,71,97,101
YKNLN,40,49,72,90,112
YKSNS,40,49,76,92,116
YKTIS,40,49,77,88,116
YKTKL,40,49,77,89,110
YKTVT,40,49,77,98,117
YKTYP,40,49,77,100,113
YLMEE,40,50,71,84,104
YLTIT,40,50,77,88,117
YLTMA,40,50,77,91,101
YMTKA,40,51,77,89,101
YMTTA,40,51,77,97,101
YNCAQ,40,52,62,81,114
YNETT,40,52,64,97,117
YNNIN,40,52,72,88,112
YNTET,40,52,77,84,117
YNTQP,40,52,77,94,113
YQEQT,40,54,64,94,117
YQLDP,40,54,70,83,113
YQLLS,40,54,70,90,116
YQNIT,40,54,72,88,117
YQSCN,40,54,76,82,112
YQTKP,40,54,77,89,113
YQTMS,40,54,77,91,116
YQTNC,40,54,77,92,102
YREHR,40,55,64,87,115
YRHDS,40,55,67,83,116
YRLTP,40,55,70,97,113
YRTET,40,55,77,84,117
YRTTL,40,55,77,97,110
YRTTQ,40,55,77,97,114
YRTTV,40,55,77,97,118
YSAPS,40,56,61,93,116
YSIVH,40,56,68,98,107
YSLPL,40,56,70,93,110
YSLTH,40,56,70,97,107
YSLTP,40,56,70,97,113
YSLYT,40,56,70,100,117
YSSAY,40,56,76,81,120
YSTHH,40,56,77,87,107
YSTLT,40,56,77,90,117
YSTTP,40,56,77,97,113
YSTTY,40,56,77,97,120
YSTVL,40,56,77,98,110
YSYHN,40,56,80,87,112
YSYSP,40,56,80,96,113
YTALN,40,57,61,90,112
YTCLS,40,57,62,90,116
YTDMN,40,57,63,91,112
YTERP,40,57,64,95,113
YTESC,40,57,64,96,102
YTESL,40,57,64,96,110
YTETT,40,57,64,97,117
YTHTL,40,57,67,97,110
YTIMQ,40,57,68,91,114
YTIQH,40,57,68,94,107
YTLMT,40,57,70,91,117
YTLQN,40,57,70,94,112
YTLQP,40,57,70,94,113
YTLRP,40,57,70,95,113
YTLRS,40,57,70,95,116
YTLTT,40,57,70,97,117
YTMNH,40,57,71,92,107
YTMTT,40,57,71,97,117
YTNVT,40,57,72,98,117
YTPEL,40,57,73,84,110
YTQIP,40,57,74,88,113
YTQQN,40,57,74,94,112
YTQQP,40,57,74,94,113
YTQTP,40,57,74,97,113
YTSDN,40,57,76,83,112
YTTAY,40,57,77,81,120
YTTDP,40,57,77,83,113
YTTDY,40,57,77,83,120
YTTEQ,40,57,77,84,114
YTTEV,40,57,77,84,118
YTTFT,40,57,77,85,117
YTTHP,40,57,77,87,113
YTTIN,40,57,77,88,112
YTTKT,40,57,77,89,117
YTTRV,40,57,77,95,118
YTTSN,40,57,77,96,112
YTTSP,40,57,77,96,113
YTVNP,40,57,78,92,113
YTVTS,40,57,78,97,116
YVMDD,40,58,71,83,103
YVMDE,40,58,71,83,104
YVMED,40,58,71,84,103
YVMEE,40,58,71,84,104
YVQEN,40,58,74,84,112
YVTAQ,40,58,77,81,114
YVVSQ,40,58,78,96,114
YWTQN,40,59,77,94,112
YYGKK,40,60,66,89,109
YYIDD,40,60,68,83,103
YYIDY,40,60,68,83,120
YYIED,40,60,68,84,103
YYIEE,40,60,68,84,104
YYIST,40,60,68,96,117
YYIYD,40,60,68,100,103
YYLDD,40,60,70,83,103
YYMDD,40,60,71,83,103
YYMDE,40,60,71,83,104
YYMDY,40,60,71,83,120
YYMED,40,60,71,84,103
YYMEE,40,60,71,84,104
YYMVD,40,60,71,98,103
YYMYY,40,60,71,100,120
YYNAT,40,60,72,81,117
YYSAT,40,60,76,81,117
YYTKS,40,60,77,89,116
YYTLT,40,60,77,90,117
YYTNA,40,60,77,92,101
YYTRP,40,60,77,95,113
YYTYS,40,60,77,100,116
