	-76.2546,-3.94844,0.560187, 5.9655,MIDDLE
	-72.5219,-0.48385,0.621836, -3.71625000000001,MIDDLE
	-72.3411,-4.2262,0.916764, -17.06225,MIDDLE
	-71.5959,-2.94652,0.818965, 5.411125,MIDDLE
	-71.9352,-4.02327,0.78957, -3.6525,MIDDLE
	-74.4415,-3.75783,0.648544, -3.201125,MIDDLE
	-71.1569,-2.53276,0.45159, -2.580375,MIDDLE
	-76.0517,-2.80654,1.06708, -3.351125,MIDDLE
	-73.5561,-0.58935,0.576397, -3.032125,MIDDLE
	-71.7668,-1.89015,0.581124, -2.20075,MIDDLE
	-75.3508,-1.75706,0.561932, -3.22875,MIDDLE
	-70.9925,-1.84207,0.647279, -2.560875,MIDDLE
	-71.047,-1.84979,0.644742, -2.910375,MIDDLE
	-72.2298,-2.83221,0.434538, -4.453375,MIDDLE
	-71.9775,-3.16014,0.899037, -4.024875,MIDDLE
	-71.2311,-2.00888,0.600453, -4.56075,MIDDLE
	-71.6886,-2.22334,0.485951, 6.51725,MIDDLE
	-75.8565,-2.45968,0.163797, 5.756375,MIDDLE
	-71.5438,-1.16489,0.413237, 2.9165,MIDDLE
	-68.448,-2.73265,0.595464, -3.195625,MIDDLE
	-74.8084,-3.40474,0.463816, 5.748375,MIDDLE
	-73.8431,-2.42737,0.973111, -3.632625,MIDDLE
	-77.3092,-2.49625,0.099474, -2.969375,MIDDLE
	-77.7279,0.48997,0.510114, -4.22725,MIDDLE
	-73.451,-1.56512,0.358255, -3.2285,MIDDLE
	-75.0585,-0.73296,0.494371, -5.36025,MIDDLE
	-73.3538,-1.0217,0.896152, -3.071125,MIDDLE
	-72.609,-3.59438,0.991964, -3.201,MIDDLE
	-73.9017,-3.26512,0.835064, -3.56225,MIDDLE
	-71.2817,-2.14199,0.484627, -3.212,MIDDLE
	-72.3052,-2.65865,0.869428, -3.806125,MIDDLE
	-77.0742,-1.63455,0.169755, 3.027125,MIDDLE
	-78.1096,-1.73439,0.920326, -3.3995,MIDDLE
	-68.8126,-3.52667,0.641054, -3.300375,MIDDLE
	-72.162,0.38784,0.603421, -3.627375,MIDDLE
	-73.399,-2.54408,0.55584, -2.40025,MIDDLE
	-71.2472,-2.15356,0.674818, -17.199,MIDDLE
	-73.6964,-1.31152,0.476463, 6.551625,MIDDLE
	-74.0441,-2.16696,0.880376, -0.898000000000001,MIDDLE
	-71.6467,-1.42422,0.305577, 7.506625,MIDDLE
	-71.7422,-3.35338,0.784342, 16.206125,MIDDLE
	-73.39,-1.80929,0.608555, -3.735,MIDDLE
	-75.0392,-2.15808,0.670558, 2.48825,MIDDLE
	-74.5968,-0.9885,0.623047, -11.0885,MIDDLE
	-71.1668,-2.09618,0.448714, -3.5225,MIDDLE
	-72.8525,1.16344,0.537141, -3.22375,MIDDLE
	-74.5478,-4.21082,0.78824, 5.88425,MIDDLE
	-75.3329,-2.52903,0.596985, -2.714125,MIDDLE
	-68.7547,-2.0721,0.503058, -2.783625,MIDDLE
	-73.5482,0.49907,0.0924331, -3.894375,MIDDLE
	-73.6111,-4.79174,0.67038, -4.251375,MIDDLE
	-72.52,-2.91143,0.65115, -4.894125,MIDDLE
	-72.1681,-2.87717,0.512963, -4.55325,MIDDLE
	-73.8721,-0.75385,0.430591, -9.625125,MIDDLE
	-75.8134,-5.09358,0.626845, -3.461875,MIDDLE
	-69.372,-2.15401,0.628508, -3.57575,MIDDLE
	-77.1006,-2.26358,0.191121, -3.2705,MIDDLE
	-73.1862,-0.76516,0.605564, -2.894875,MIDDLE
	-71.5071,-1.26449,0.590462, -3.643,MIDDLE
	-71.3729,-2.1228,0.376899, -3.366875,MIDDLE
	-72.6726,-0.85357,0.563657, -2.89575,MIDDLE
	-72.1849,-1.3344,0.423853, -3.9235,MIDDLE
	-73.1327,-0.03475,1.11486, -3.48875,MIDDLE
	-69.3164,-0.92672,0.497907, -3.059,MIDDLE
	-72.4142,-2.65846,0.180942, -2.68975,MIDDLE
	-77.3967,-3.87526,0.514252, -7.255375,MIDDLE
	-73.7523,-2.34161,0.774057, -3.624125,MIDDLE
	-76.645,-4.01236,0.510221, -11.043375,MIDDLE
	-69.8548,-3.89906,0.615457, -3.277625,MIDDLE
	-69.1755,-1.64103,0.655017, -23.54725,MIDDLE
	-71.7916,-4.12553,0.657155, -14.69625,MIDDLE
	-75.214,-2.57461,0.518095, -14.053125,MIDDLE
	-72.9121,-3.33961,0.579831, -13.962625,MIDDLE
	-76.2849,-5.06688,0.561817, -38.04025,MIDDLE
	-71.7879,-3.894,0.656445, -16.8285,MIDDLE
	-73.4949,-4.00302,0.927073, -14.326375,MIDDLE
	-73.5637,-2.33467,0.625388, -16.85625,MIDDLE
	-76.4556,-5.82377,0.905259, -5.4765,MIDDLE
	-75.4566,-4.15841,0.124882, -13.25925,MIDDLE
	-77.0481,-3.07363,0.583857, -14.096875,MIDDLE
	-77.6341,-4.53748,0.673054, -13.6665,MIDDLE
	-73.7646,-3.96799,0.609883, -12.94725,MIDDLE
	-79.2989,-4.16357,0.800081, -13.81875,MIDDLE
	-69.399,-4.44025,0.641894, -7.88125,MIDDLE
	-72.2066,-4.21887,0.64684, -14.359125,MIDDLE
	-71.1402,-2.27397,0.493407, -13.774375,MIDDLE
	-72.1733,-3.83226,0.860722, -4.7355,MIDDLE
	-73.4677,-3.88149,0.816925, -5.06475,MIDDLE
	-76.2609,-3.62115,0.712301, -12.589375,MIDDLE
	-76.9457,-2.88158,0.217736, -28.424625,MIDDLE
	-74.2884,-2.94289,0.617386, -13.46325,MIDDLE
	-71.9564,-4.04965,0.125606, -16.359125,MIDDLE
	-72.5453,-1.32546,0.615875, -14.4245,MIDDLE
	-76.1112,-5.71042,0.997702, -15.31925,MIDDLE
	-78.4719,-2.338,0.523609, -6.006875,MIDDLE
	-70.8743,-2.76539,0.593254, -17.224625,MIDDLE
	-72.2243,-2.33338,0.545577, -12.98025,MIDDLE
	-73.5489,-5.23927,0.711702, -14.106375,MIDDLE
	-70.3624,-4.08383,0.558123, -8.1985,MIDDLE
	-73.4951,-4.64022,0.591049, -8.2685,MIDDLE
	-72.2212,2.19387,0.451288, -13.895375,MIDDLE
	-76.3891,-3.8801,0.571239, -19.7245,MIDDLE
	-74.363,-1.22602,0.38388, -6.29875,MIDDLE
	-76.267,-6.52505,0.588966, -13.126875,MIDDLE
	-72.1009,-2.55401,0.452525, -13.6675,MIDDLE
	-77.2825,-4.70659,0.542381, -14.09375,MIDDLE
	-75.7523,-4.47526,0.604165, -5.210375,MIDDLE
	-72.9276,-3.19119,0.562874, -13.837125,MIDDLE
	-74.0453,-5.14989,0.649649, -14.11875,MIDDLE
	-78.2754,-6.15236,0.846405, -14.024,MIDDLE
	-72.4411,-4.14955,0.447917, -15.476875,MIDDLE
	-71.0619,-2.85208,0.493733, -3.369125,MIDDLE
	-74.1668,-1.75778,0.521966, -4.737125,MIDDLE
	-76.5553,-3.99634,0.494385, -4.976625,MIDDLE
	-72.0061,-3.2423,0.667995, -5.416375,MIDDLE
	-76.3286,-3.16402,0.606476, -14.024875,MIDDLE
	-74.7555,-2.24603,0.51494, -6.82525,MIDDLE
	-72.4826,-1.01516,0.580724, -13.85725,MIDDLE
	-76.7317,-4.47409,0.53008, -13.6,MIDDLE
	-72.8586,-0.59694,0.448114, -14.38275,MIDDLE
	-71.3621,-0.69861,0.40982, -13.793,MIDDLE
	-71.664,-2.66412,0.579935, -14.24925,MIDDLE
	-72.4084,-0.50221,0.423291, -20.004,MIDDLE
	-73.3449,-5.58629,0.238318, -13.168,MIDDLE
	-73.1083,-1.07241,0.759657, 1.857,MIDDLE
	-74.8997,-1.00694,0.172606, -18.159125,MIDDLE
	-76.3519,-7.05183,0.647785, -13.042,MIDDLE
	-72.5441,-1.30685,0.700391, -3.39925,MIDDLE
	-70.9861,-2.57452,0.88724, -9.265625,MIDDLE
	-73.0641,0.85453,0.577, -2.170625,MIDDLE
	-76.4213,-1.39369,0.573832, 5.04475,MIDDLE
	-72.5171,-4.79452,0.819193, 3.944125,MIDDLE
	-74.3803,-2.02735,0.668408, -3.64375,MIDDLE
	-72.1012,0.76895,0.35949, -2.73375,MIDDLE
	-75.1677,-2.06739,0.581599, -3.72925,MIDDLE
	-73.6527,-2.52641,0.56812, 5.85025,MIDDLE
	-75.6536,-3.39869,0.52505, -3.217,MIDDLE
	-74.5819,-0.33918,0.561657, 4.37825,MIDDLE
	-74.1586,-2.09722,0.844941, -3.34875,MIDDLE
	-75.3713,-1.5088,0.816398, -2.876125,MIDDLE
	-73.5715,-3.47746,0.948405, -3.682625,MIDDLE
	-73.2086,-0.7256,0.634589, 6.2305,MIDDLE
	-77.6433,-2.27877,0.210787, -2.721875,MIDDLE
	-71.2907,-3.3486,0.196159, -2.539,MIDDLE
	-71.8178,-2.30296,0.599048, -3.8375,MIDDLE
	-74.3255,-0.8668,0.426655, 6.681125,MIDDLE
	-72.6508,-4.524,0.68586, 4.954875,MIDDLE
	-73.2156,-5.1609,0.595405, -2.9465,MIDDLE
	-74.1211,-6.00131,0.615274, 2.989375,MIDDLE
	-73.1899,-5.71318,0.523874, -3.194125,MIDDLE
	-74.8523,-6.09157,0.633178, -3.317875,MIDDLE
	-69.9088,-2.36305,0.549993, -17.529625,MIDDLE
	-71.8511,0.60926,0.606161, -3.435,MIDDLE
	-73.7611,-2.45566,0.652518, -3.31025,MIDDLE
	-71.4003,-1.15827,0.584032, -3.461,MIDDLE
	-70.2589,-0.55831,0.605302, -2.604625,MIDDLE
	-72.4858,-0.19604,0.488034, 4.61574999999999,MIDDLE
	-72.2705,-3.45747,0.421977, -15.647125,MIDDLE
	-72.8771,-3.25553,0.605649, -12.90425,MIDDLE
	-74.6105,-2.09118,0.568038, -12.28925,MIDDLE
	-74.6616,1.10844,0.586762, -3.341,MIDDLE
	-73.6837,-2.42746,0.897882, -4.48475,MIDDLE
	-74.883,-1.86167,0.156308, -3.231625,MIDDLE
	-73.099,-3.68253,0.609633, -26.86375,MIDDLE
	-73.324,-2.43689,0.602134, -3.458625,MIDDLE
	-73.429,0.14877,0.641398, 6.614375,MIDDLE
	-75.3804,-1.70351,0.739433, -4.302,MIDDLE
	-73.1863,-1.66999,0.477194, -0.0736250000000034,MIDDLE
	-72.4923,-1.0844,0.379986, 6.788875,MIDDLE
	-73.1627,-0.35331,0.63631, 6.65,MIDDLE
	-71.457,-1.1779,0.59178, -12.5565,MIDDLE
	-73.4741,-0.16712,0.879116, -3.054125,MIDDLE
	-71.0402,0.15415,0.531338, -3.0865,MIDDLE
	-74.3234,0.45238,0.97848, -2.781875,MIDDLE
	-72.835,0.27932,0.561422, -3.01875,MIDDLE
	-74.1159,-3.77059,0.609465, -9.65675,MIDDLE
	-72.2841,-4.00605,0.780945, -22.998,MIDDLE
	-72.1656,-1.32706,0.95662, -3.176625,MIDDLE
	-74.4136,-1.50423,0.581926, -2.76675,MIDDLE
	-74.8018,-0.25527,0.591511, 3.070375,MIDDLE
	-74.424,-2.05371,0.64765, -3.308625,MIDDLE
	-78.1131,-2.74796,0.968707, -2.980125,MIDDLE
	-72.5571,-2.48823,0.770053, 5.947875,MIDDLE
	-70.971,-3.48626,0.97684, -3.141375,MIDDLE
	-74.1614,-0.90866,0.59959, -2.958125,MIDDLE
	-73.0136,-2.93585,0.624581, -15.921125,MIDDLE
	-72.1664,-2.33725,0.535155, -12.0325,MIDDLE
	-73.9428,-2.65144,0.477131, -2.6425,MIDDLE
	-71.2694,-2.97354,0.549398, -3.33725,MIDDLE
	-74.0173,-3.86289,0.622723, -12.051,MIDDLE
	-74.2104,-5.77287,0.654532, -2.57825,MIDDLE
	-74.3756,-3.07829,0.896044, -21.0295,MIDDLE
	-72.753,-1.0583,0.505119, -10.907125,MIDDLE
	-73.1544,-0.47345,0.567612, -5.033625,MIDDLE
	-75.0213,-0.69813,0.551474, -5.9945,MIDDLE
	-74.407,-4.31312,0.661067, -4.132125,MIDDLE
	-78.1678,-2.64468,0.079734, -4.090625,MIDDLE
	-74.6526,-1.25582,0.697348, -3.3915,MIDDLE
	-73.0848,0.67912,0.594023, -4.414375,MIDDLE
	-71.6333,-1.74575,0.630098, 7.505875,MIDDLE
	-77.8413,-1.79144,0.0660802, 5.770625,MIDDLE
	-74.916,-4.64913,0.658308, 6.075125,MIDDLE
	-73.8473,1.52117,0.241083, -3.28125,MIDDLE
	-74.0664,-0.99606,0.749529, -4.68775,MIDDLE
	-76.2509,-3.34906,0.492505, 3.233625,MIDDLE
	-73.1645,-1.86266,0.829286, -3.09675,MIDDLE
	-74.789,0.99822,0.556442, -2.569625,MIDDLE
	-72.4056,-0.61005,0.600338, -3.134125,MIDDLE
	-73.518,-1.86653,0.637962, -3.978875,MIDDLE
	-76.382,-1.93716,0.714131, -3.28075,MIDDLE
	-72.8476,-2.01057,0.517688, -4.078125,MIDDLE
	-75.6118,-1.64824,0.966712, -3.354,MIDDLE
	-72.4865,0.11748,0.784185, 7.154875,MIDDLE
	-73.6345,-1.12542,0.593501, 5.466375,MIDDLE
	-78.2114,-0.89584,0.184793, -2.079625,MIDDLE
	-75.0354,-1.47804,0.808424, -3.3265,MIDDLE
	-75.7639,0.03303,0.856897, -3.09875,MIDDLE
	-71.4917,-1.5225,0.993353, -1.1375,MIDDLE
	-75.5356,-2.29462,0.212779, -2.6245,MIDDLE
	-72.3873,-2.36348,0.376791, -15.978,MIDDLE
	-76.3736,-3.79341,0.562161, -3.175875,MIDDLE
	-73.6486,-0.844,0.490702, -3.033,MIDDLE
	-75.2005,-4.25899,0.63126, -3.311,MIDDLE
	-73.8216,-3.02343,0.583656, -19.938875,MIDDLE
	-75.782,-0.58636,0.548912, -3.542,MIDDLE
	-73.8125,-2.44774,0.550641, 2.81875,MIDDLE
	-73.9487,-0.97715,0.799534, -3.71375,MIDDLE
	-73.9882,0.12981,0.614546, -3.900625,MIDDLE
	-74.3021,-1.35535,0.637188, -3.17425,MIDDLE
	-73.7446,0.28981,0.626861, -3.14425,MIDDLE
	-76.1187,-3.37845,0.626364, -3.329,MIDDLE
	-74.6807,-1.04152,0.13824, -16.575125,MIDDLE
	-73.4599,-1.14125,0.640351, -2.744875,MIDDLE
	-72.6743,-1.66092,0.617686, 5.281125,MIDDLE
	-71.6394,-2.14636,0.702244, -3.304875,MIDDLE
	-76.3358,-1.01124,0.847739, -2.80825,MIDDLE
	-72.2127,-0.4242,0.320979, -2.819875,MIDDLE
	-72.1456,0.54909,0.515312, -2.925625,MIDDLE
	-70.8284,-2.46156,0.681814, 5.5415,MIDDLE
	-76.9633,-0.53887,0.572497, -2.959375,MIDDLE
	-73.895,-2.89019,0.728468, -3.51525,MIDDLE
	-71.5581,-1.799,0.613926, 2.81975,MIDDLE
	-74.3224,-1.78718,0.650715, -3.033875,MIDDLE
	-74.4886,-0.57208,0.48634, -3.46025,MIDDLE
	-73.6838,-1.3206,0.481785, 2.949125,MIDDLE
	-73.1809,-3.36424,0.7152, -3.63175,MIDDLE
	-72.1528,-2.28801,0.661029, -4.076125,MIDDLE
	-71.0551,-0.65092,0.622688, -9.8005,MIDDLE
	-72.2127,-5.69442,0.816753, -17.68725,MIDDLE
	-74.766,-4.5324,0.604826, -2.957375,MIDDLE
	-73.3811,-5.68216,0.778706, -2.8145,MIDDLE
	-71.1595,-2.6793,0.634506, -3.357,MIDDLE
	-75.6998,-2.80427,0.131334, -2.748625,MIDDLE
	-70.9447,-0.34078,0.594405, 6.3955,MIDDLE
	-72.085,-5.95492,0.781043, -2.284125,MIDDLE
	-69.7045,-2.27764,0.47981, 4.59,MIDDLE
	-74.724,-1.27109,0.6411, -2.891875,MIDDLE
	-74.2374,-7.16474,0.807197, -2.844625,MIDDLE
	-72.1886,-3.08213,0.583919, -3.916125,MIDDLE
	-72.214,-2.95809,0.581272, -11.77225,MIDDLE
	-72.908,-2.46131,0.722271, 0.613250000000001,MIDDLE
	-72.2603,-3.38282,0.50997, 5.772125,MIDDLE
	-76.5648,-3.29174,0.109372, 7.949625,MIDDLE
	-74.0256,-2.46514,0.473618, 3.1315,MIDDLE
	-73.4795,-3.67418,0.850811, -3.3695,MIDDLE
	-75.0687,-2.30319,0.397659, -3.5965,MIDDLE
	-70.9936,-4.48545,0.623714, -15.45475,MIDDLE
	-70.9456,-4.54326,0.599458, -4.13025,MIDDLE
	-70.684,-2.1876,0.463866, -3.02925,MIDDLE
	-70.643,-2.45787,0.642272, -3.38825,MIDDLE
	-72.6837,-0.38591,0.606012, 3.288125,MIDDLE
	-72.9099,-3.33263,0.572781, 2.966375,MIDDLE
	-73.8626,-1.722,0.542392, -3.7335,MIDDLE
	-71.7133,-1.6785,0.442769, -2.893625,MIDDLE
	-71.3453,-1.34687,0.432453, -3.332625,MIDDLE
	-69.5611,-3.73761,0.647142, -5.611,MIDDLE
	-72.5864,-2.27671,0.584287, 12.845125,MIDDLE
	-71.7448,-0.4787,0.642781, 6.41075,MIDDLE
	-75.0621,-2.46098,0.235747, 7.729875,MIDDLE
	-71.0864,-0.72835,0.510783, 8.322375,MIDDLE
	-72.4072,-2.66831,0.653507, 6.659125,MIDDLE
	-73.8801,-0.58129,0.561564, 7.605625,MIDDLE
	-69.5073,-2.35525,0.542413, 13.513375,MIDDLE
	-72.5686,-5.79467,0.751735, 8.471625,MIDDLE
	-75.1127,-2.68637,0.87982, 7.373375,MIDDLE
	-72.228,-1.09554,0.503054, 8.60525,MIDDLE
	-76.2266,-1.40691,0.519921, 7.83975,MIDDLE
	-73.0543,-2.25907,0.591691, 6.432625,MIDDLE
	-74.3716,-1.26019,0.63154, -5.892125,MIDDLE
	-72.3432,-1.987,0.615987, 7.619625,MIDDLE
	-73.7339,-1.54475,0.41843, 8.719875,MIDDLE
	-73.2743,-1.61546,0.555751, 8.082875,MIDDLE
	-72.885,-1.05584,0.5089, 7.2285,MIDDLE
	-75.4603,-3.13042,0.891425, 8.126625,MIDDLE
	-74.764,-1.70983,0.435986, 7.8245,MIDDLE
	-73.3379,-2.67369,0.477468, 7.69575,MIDDLE
	-73.2274,-1.91931,0.457793, 7.611875,MIDDLE
	-73.3761,-1.25045,0.79171, 7.895375,MIDDLE
	-73.6339,-2.19687,0.872704, 7.975375,MIDDLE
	-74.6233,-3.08565,0.613227, 7.503125,MIDDLE
	-72.0802,-2.22145,0.497463, -3.942625,MIDDLE
	-73.4495,-1.63266,0.47819, -3.834625,MIDDLE
	-74.5313,-2.65445,0.589643, -3.1035,MIDDLE
	-77.264,-3.18245,0.331272, -10.482,MIDDLE
	-70.5385,-5.2971,0.448311, -2.65225,MIDDLE
	-74.6355,-2.4575,0.65951, 9.115375,MIDDLE
	-71.414,-1.1389,0.653539, -3.454875,MIDDLE
	-72.0436,-4.86664,0.774783, -3.15775,MIDDLE
	-72.9393,-0.79693,0.462433, -12.542875,MIDDLE
	-70.518,-0.00824,0.325032, -2.871375,MIDDLE
	-73.0059,-4.79746,0.496836, -10.891125,MIDDLE
	-72.9358,0.14063,0.652334, -2.6825,MIDDLE
	-71.4021,-1.52946,0.732692, -2.764375,MIDDLE
	-71.1526,-2.88429,0.47385, -2.875125,MIDDLE
	-72.5344,-3.11619,0.798756, -3.42025,MIDDLE
	-73.8688,-1.7289,0.92583, -3.069875,MIDDLE
	-77.3113,-3.96734,0.812969, -2.796625,MIDDLE
	-72.435,-4.53151,0.472298, 5.310875,MIDDLE
	-70.6164,-1.27425,0.75453, -2.2925,MIDDLE
	-75.1095,-0.26312,0.30897, -2.961875,MIDDLE
	-77.4136,-3.77042,0.475168, -2.29375,MIDDLE
	-72.4153,-2.25014,0.522416, -8.35625,MIDDLE
	-70.7283,-2.37536,0.288946, -2.514375,MIDDLE
	-75.1556,-3.15452,0.745688, -3.445125,MIDDLE
	-74.0029,-0.08268,0.571653, -15.326375,MIDDLE
	-74.5742,-0.98024,0.567099, 7.777875,MIDDLE
	-71.6092,-2.96912,0.537048, -2.66775,MIDDLE
	-75.0726,-4.19602,1.1982, -2.887125,MIDDLE
	-74.8874,-2.71242,0.759586, -2.65025,MIDDLE
	-73.9607,-2.60968,0.519675, -3.107125,MIDDLE
	-73.0886,-4.69428,0.751456, -3.234125,MIDDLE
	-75.0403,-4.45174,0.804549, -2.7605,MIDDLE
	-75.533,-7.17477,0.657249, -2.724625,MIDDLE
	-72.193,-3.39033,0.576009, -19.937875,MIDDLE
	-73.6542,-3.28961,0.73387, -10.874625,MIDDLE
	-73.5714,-4.91684,0.56214, 2.734875,MIDDLE
	-73.3933,-0.8016,0.619137, -2.461375,MIDDLE
	-73.6011,-2.62968,0.593422, -3.576625,MIDDLE
	-79.2097,-2.41807,0.120193, -2.89525,MIDDLE
	-73.684,-1.99589,0.504332, -3.66725,MIDDLE
	-73.1167,-1.80334,0.567277, 1.981,MIDDLE
	-70.2207,-2.80873,0.613488, 2.89625,MIDDLE
	-70.6587,-3.58042,0.592331, -3.524125,MIDDLE
	-72.7974,-2.36269,0.655807, -3.72675,MIDDLE
	-71.1731,-3.15342,0.405827, -2.591625,MIDDLE
	-72.1736,-1.33516,0.492344, -2.71425,MIDDLE
	-73.2433,-1.20941,0.507941, -2.54275,MIDDLE
	-75.6075,-4.54475,0.20642, -3.066125,MIDDLE
	-72.756,-0.2738,0.631949, -3.766625,MIDDLE
	-71.396,-3.21915,0.474685, -3.942625,MIDDLE
	-74.9324,-5.07163,0.42614, 6.63525,MIDDLE
	-73.2004,-1.79789,0.485298, 2.075375,MIDDLE
	-70.5784,-5.14828,0.77205, -4.04175,MIDDLE
	-74.5346,-2.02318,0.530733, -4.377375,MIDDLE
	-74.3094,-0.48088,0.703877, -3.227625,MIDDLE
	-71.3296,-0.22837,0.631771, -3.065125,MIDDLE
	-75.2938,0.42868,0.283896, 3.133875,MIDDLE
	-71.0305,-3.29128,0.648545, -16.69925,MIDDLE
	-75.2661,-2.87655,0.917831, -2.409,MIDDLE
	-71.9372,-3.10135,0.579242, -3.217125,MIDDLE
	-73.1245,-2.06877,0.941854, -2.699,MIDDLE
	-76.948,-4.75447,1.06228, -3.053625,MIDDLE
	-71.6585,-3.83941,0.440696, -2.561875,MIDDLE
	-71.3443,-2.66419,0.665069, -3.548375,MIDDLE
	-71.8922,-2.09563,0.241045, -2.229375,MIDDLE
	-76.8696,-0.20788,0.292713, -3.2605,MIDDLE
	-73.0157,-1.69679,0.425061, -2.540625,MIDDLE
	-74.8764,-1.15288,1.04779, -3.388375,MIDDLE
	-76.7929,-1.58967,0.778042, -2.04575,MIDDLE
	-77.3989,-1.72693,0.898059, 2.230625,MIDDLE
	-72.0401,0.83937,0.532638, -2.34125,MIDDLE
	-72.5691,-1.36987,0.844269, -3.518625,MIDDLE
	-75.7757,-1.06014,0.765423, -3.167375,MIDDLE
	-75.2806,-4.85027,0.756866, -18.566375,MIDDLE
	-74.6533,-2.23847,0.639423, -3.50375,MIDDLE
	-72.2705,-3.01909,0.598148, -3.731125,MIDDLE
	-74.0804,-2.77841,0.576067, -3.118875,MIDDLE
	-72.1608,-2.494,0.706367, -3.2785,MIDDLE
	-71.1869,-2.90811,0.737504, -2.76825,MIDDLE
	-73.1191,-2.96027,0.989873, 2.080875,MIDDLE
	-71.4652,-2.02774,0.388163, -3.290875,MIDDLE
	-72.3628,-2.19474,0.737754, -3.06075,MIDDLE
	-72.1211,-2.64349,0.537651, -3.732625,MIDDLE
	-73.3357,1.6424,0.120119, -3.619875,MIDDLE
	-72.8634,-0.80894,0.640434, 2.367,MIDDLE
	-69.9643,-1.73956,0.418793, -3.179875,MIDDLE
	-75.5261,-5.76535,0.750588, -13.244,MIDDLE
	-81.7086,-2.81954,0.990519, -27.971,MIDDLE
	-72.4835,-4.64903,0.471123, -13.303125,MIDDLE
	-72.8598,-1.67672,0.477912, -20.526875,MIDDLE
	-73.1671,-3.27696,0.753151, -17.67475,MIDDLE
	-76.5277,-1.12088,0.0799529, -25.627125,MIDDLE
	-72.8903,-1.63421,0.607941, -15.986625,MIDDLE
	-74.9915,-3.28135,0.633538, -16.8125,MIDDLE
	-76.734,-0.7873,0.203849, -16.832875,MIDDLE
	-71.3124,-1.47598,0.593419, -16.364375,MIDDLE
	-72.5393,-4.13104,0.627644, -4.384625,MIDDLE
	-69.6871,0.77891,0.610206, -3.76625,MIDDLE
	-73.7857,-2.5078,0.574131, -3.62175,MIDDLE
	-69.3372,0.052,0.618891, -4.11625,MIDDLE
	-73.0631,-4.3206,0.616651, -2.3255,MIDDLE
	-73.3022,-3.07332,0.496049, -3.664,MIDDLE
	-71.7411,-2.84209,0.554183, -3.17025,MIDDLE
	-71.8885,-2.33046,0.555687, -2.408625,MIDDLE
	-73.0129,-2.93498,0.755554, -3.401875,MIDDLE
	-72.9697,-3.88198,0.799003, -3.947,MIDDLE
	-69.1273,-4.87316,0.443038, -2.48425,MIDDLE
	-73.4789,-2.86577,0.0720366, -3.45525,MIDDLE
	-70.7617,-2.67637,0.504967, -2.800875,MIDDLE
	-72.7469,-4.27986,0.623407, -3.78175,MIDDLE
	-71.8065,-2.45209,0.463351, -3.592875,MIDDLE
	-75.3898,0.47505,0.507618, -3.956625,MIDDLE
	-72.5198,-4.81019,0.825668, 6.068,MIDDLE
	-71.6548,-2.55692,0.47422, 4.75025,MIDDLE
	-75.2935,-5.68636,0.903988, 6.454875,MIDDLE
	-72.6884,-6.22094,0.750803, 5.362875,MIDDLE
	-69.5357,-2.93146,0.480424, 7.35325,MIDDLE
	-73.6141,-2.13638,0.571509, -3.25775,MIDDLE
	-71.9769,-3.68901,0.650782, -2.921,MIDDLE
	-76.91,-2.0397,0.183519, -3.582125,MIDDLE
	-72.2666,-1.96396,0.682136, -3.633,MIDDLE
	-74.2081,-1.7934,1.01032, -3.3015,MIDDLE
	-70.8962,-1.7026,0.633882, -9.64175,MIDDLE
	-72.2307,-2.283,0.82393, -3.44,MIDDLE
	-72.6363,-5.59734,0.746388, 3.11075,MIDDLE
	-77.2986,-2.37686,0.732607, -3.209625,MIDDLE
	-70.8826,-2.4585,0.663621, -2.155125,MIDDLE
	-71.8287,-1.99944,0.531929, -3.232625,MIDDLE
	-71.0595,-2.36113,0.123998, -2.265625,MIDDLE
	-72.3886,-5.04043,0.576291, -10.770375,MIDDLE
	-76.6921,-4.63685,0.770049, -3.439125,MIDDLE
	-71.9777,-1.9783,0.513963, -2.962375,MIDDLE
	-75.3915,-2.89358,0.81248, -3.39675,MIDDLE
	-73.3167,-3.33298,0.566858, -3.263875,MIDDLE
	-71.2427,-1.16381,0.534773, -3.285875,MIDDLE
	-72.8882,-3.41349,0.467818, -3.64225,MIDDLE
	-71.3252,-3.36852,0.616966, -3.556375,MIDDLE
	-72.523,-2.2838,0.589375, 1.283875,MIDDLE
	-75.2398,-5.68236,0.626512, -18.925,MIDDLE
	-70.9309,-1.49161,0.430674, -4.592125,MIDDLE
	-72.1727,-3.68367,0.659608, -4.452125,MIDDLE
	-73.2833,-4.50353,0.706935, -4.448625,MIDDLE
	-73.6122,-4.33928,0.639326, -4.72825,MIDDLE
	-73.7071,0.15518,0.152063, -4.743375,MIDDLE
	-72.2527,-4.11209,0.434043, 4.80125,MIDDLE
	-72.2252,-2.72527,0.580636, 4.529875,MIDDLE
	-72.7169,-5.25107,0.957915, 5.335875,MIDDLE
	-70.3273,-2.55018,0.618066, 7.11775,MIDDLE
	-72.6863,-2.7879,0.464473, -3.98375,MIDDLE
	-73.5277,0.06047,0.639694, -2.662,MIDDLE
	-76.082,-3.09203,0.524791, -3.112375,MIDDLE
	-72.9659,-0.97677,0.629398, -3.275875,MIDDLE
	-77.6061,-2.87417,0.467411, 2.548625,MIDDLE
	-79.2928,-1.54767,0.15485, -3.53275,MIDDLE
	-75.8908,-2.05323,0.695414, -3.774,MIDDLE
	-75.0461,-3.77545,0.901312, -3.572625,MIDDLE
	-74.9991,-1.51683,0.565084, -3.300625,MIDDLE
	-72.3342,-3.33572,0.626358, -3.75175,MIDDLE
	-73.791,-4.31463,0.692966, 5.5225,MIDDLE
	-75.7993,-2.15976,0.581988, -3.788375,MIDDLE
	-70.3848,-1.22822,0.624544, -3.227875,MIDDLE
	-71.742,-0.57996,0.447999, -3.143,MIDDLE
	-74.3957,-5.77527,0.567704, 2.7925,MIDDLE
	-74.4363,-3.63263,0.775939, -3.30525,MIDDLE
	-76.3378,-2.97982,0.546639, -3.483125,MIDDLE
	-73.1624,-4.48826,0.438564, -3.168875,MIDDLE
	-75.1866,-2.91776,0.536118, -3.06775,MIDDLE
	-73.5375,-1.15548,0.544162, -3.236125,MIDDLE
	-72.5894,-3.27186,0.634983, -4.058,MIDDLE
	-74.1628,-4.03965,0.741478, -3.6765,MIDDLE
	-78.8183,-5.14054,0.534665, 2.660875,MIDDLE
	-72.8784,-1.87771,0.619579, -2.688625,MIDDLE
	-78.1028,-3.07681,0.527961, -3.193875,MIDDLE
	-78.6511,-2.74515,0.323802, -17.2505,MIDDLE
	-74.1676,-2.62913,0.572543, -3.649875,MIDDLE
	-71.8839,-4.52174,0.548242, 7.521875,MIDDLE
	-74.6638,-4.40292,0.524675, -3.597625,MIDDLE
	-73.3593,-4.0223,0.8971, -4.011,MIDDLE
	-72.7233,-0.99305,0.0859069, -3.395875,MIDDLE
	-75.9014,-4.65981,0.85385, -3.5065,MIDDLE
	-72.6489,0.57484,0.446122, -3.228125,MIDDLE
	-76.6912,0.31567,0.0739371, -3.5965,MIDDLE
	-73.7392,-5.34278,0.626344, -3.6705,MIDDLE
	-74.5749,-6.07844,0.900069, -3.87025,MIDDLE
	-70.6837,-4.55201,0.483075, -3.908125,MIDDLE
	-75.7596,-4.79812,0.0873642, -3.09125,MIDDLE
	-73.3934,-6.39019,0.453115, -2.787625,MIDDLE
	-72.337,-3.15926,0.584003, -11.485125,MIDDLE
	-71.79,-3.71767,0.829594, -3.900625,MIDDLE
	-76.6425,-2.28933,0.090582, -3.07725,MIDDLE
	-73.6879,-3.71142,0.672969, -3.434875,MIDDLE
	-70.2947,-2.48367,0.682412, -2.85975,MIDDLE
	-72.3026,-0.52624,0.439831, -2.63575,MIDDLE
	-72.1614,-3.83325,0.564443, -3.2415,MIDDLE
	-73.8569,-3.84013,0.792607, -3.26225,MIDDLE
	-70.7321,-2.87961,0.450928, -3.2045,MIDDLE
	-73.4583,-6.25045,0.640255, 5.63625,MIDDLE
	-73.3373,-2.08725,0.476758, -27.715625,MIDDLE
	-80.2711,-3.76541,0.166158, -6.36225,MIDDLE
	-71.7209,-3.52578,0.554642, -14.740625,MIDDLE
	-73.7144,-4.16156,0.638921, 3.060125,MIDDLE
	-70.3031,-3.41386,0.841087, 5.393125,MIDDLE
	-71.383,-0.89597,0.786637, -3.02875,MIDDLE
	-72.286,-3.76739,0.485522, -1.67425,MIDDLE
	-72.13,-3.36753,0.726413, -3.864375,MIDDLE
	-72.9764,-4.72674,0.852439, -2.74825,MIDDLE
	-73.5442,-5.92633,0.492528, -10.42025,MIDDLE
	-74.7346,-3.56367,0.853097, -2.90375,MIDDLE
	-72.123,-2.31593,0.577924, -2.5835,MIDDLE
	-73.2582,-1.75773,0.524725, -2.763375,MIDDLE
	-72.9195,-3.19272,0.645949, -2.843125,MIDDLE
	-70.5365,-3.65121,0.59716, -3.017875,MIDDLE
	-78.1715,-1.76548,0.286217, -2.4185,MIDDLE
	-76.3917,-3.08299,0.0951238, -2.849,MIDDLE
	-71.8043,-3.276,0.460686, -4.134625,MIDDLE
	-73.5655,-3.72533,0.560307, 6.046,MIDDLE
	-71.5237,-2.52278,0.632173, 5.86975,MIDDLE
	-73.2318,-1.85618,0.581754, 5.598875,MIDDLE
	-70.1544,-1.07132,0.27046, 6.746,MIDDLE
	-74.1259,0.95496,0.121995, 5.662375,MIDDLE
	-71.1977,-1.81955,0.634703, 6.070625,MIDDLE
	-72.4632,-4.02534,0.589213, -1.127875,MIDDLE
	-70.704,-2.3282,0.461075, -2.37325,MIDDLE
	-72.9336,-2.98498,0.814809, -2.836,MIDDLE
	-72.6056,-4.21381,0.73123, -3.38575,MIDDLE
	-76.974,-1.98352,0.115611, -12.04,MIDDLE
	-73.4512,-4.93683,0.566889, 3.126875,MIDDLE
	-73.0005,-3.21554,0.741884, -3.392625,MIDDLE
	-73.6092,-1.55786,0.663383, -2.9275,MIDDLE
	-72.5327,-1.60493,0.558244, -2.24775,MIDDLE
	-72.0783,-1.76165,0.611707, -2.693625,MIDDLE
	-72.373,-3.77559,0.614629, -2.836875,MIDDLE
	-72.9626,-2.44428,0.46291, -3.54475,MIDDLE
	-75.6195,-4.88323,0.639261, -2.689875,MIDDLE
	-71.8329,-3.42011,0.668841, -3.166375,MIDDLE
	-74.4356,-2.99295,0.537467, -2.931625,MIDDLE
	-71.2244,-2.39589,0.627976, -3.186625,MIDDLE
	-75.7365,-4.31022,0.885242, -2.61475,MIDDLE
	-74.1238,-4.6492,1.06107, -3.857,MIDDLE
	-73.1184,-3.48285,0.580779, -3.36425,MIDDLE
	-70.8109,-5.48865,0.459032, -4.218125,MIDDLE
	-73.2304,-4.87358,0.564219, -5.0575,MIDDLE
	-71.4989,-3.5313,0.70048, -4.30475,MIDDLE
	-72.9364,-2.38907,0.487538, 11.8295,MIDDLE
	-73.5646,-3.96041,0.555976, -0.589000000000002,MIDDLE
	-77.1249,-5.05451,1.06473, 5.468,MIDDLE
	-70.9921,-2.72897,0.429859, 15.919125,MIDDLE
	-73.9244,-3.27338,0.580878, 5.445875,MIDDLE
	-70.0383,-3.57646,0.257215, 5.744875,MIDDLE
	-72.8328,-0.82166,0.461211, 5.915,MIDDLE
	-71.6932,-3.41804,0.57881, -3.149875,MIDDLE
	-73.6072,-3.45876,0.41168, -12.623125,MIDDLE
	-74.4095,-4.20936,0.520532, -3.865125,MIDDLE
	-72.7197,-1.04115,0.518278, -19.20375,MIDDLE
	-74.1415,-4.06317,0.754621, -3.194375,MIDDLE
	-73.3044,-3.30179,0.471979, -3.081625,MIDDLE
	-73.2802,-4.05607,0.433936, -3.12375,MIDDLE
	-74.9162,-0.46477,0.555275, -3.899,MIDDLE
	-74.8584,-4.79337,0.555912, -3.54175,MIDDLE
	-74.8794,-1.88448,0.686611, -3.487875,MIDDLE
	-73.0399,-1.94984,0.512858, 5.695,MIDDLE
	-74.1167,-1.29174,0.572765, -3.11975,MIDDLE
	-73.8356,-2.63678,0.422608, -2.99425,MIDDLE
	-76.8393,-3.6826,0.238242, -3.0105,MIDDLE
	-79.8619,-5.46568,0.38891, -10.209875,MIDDLE
	-74.2673,-3.40406,0.832082, 5.215,MIDDLE
	-73.4578,-2.55221,0.531472, -2.930875,MIDDLE
	-74.2744,-2.0193,0.926809, 2.433875,MIDDLE
	-73.6112,-5.80064,0.580694, 2.681625,MIDDLE
	-76.0148,-6.50299,0.796695, 2.604625,MIDDLE
	-70.6488,-2.09635,0.443537, -3.211875,MIDDLE
	-73.4972,-2.50146,0.584117, -2.522375,MIDDLE
	-71.2023,-2.03732,0.439432, -3.43,MIDDLE
	-71.9537,-4.49073,0.624023, -4.1225,MIDDLE
	-72.0389,-3.69358,0.490771, -3.631,MIDDLE
	-74.8624,-4.31567,0.466918, -3.368375,MIDDLE
	-77.5732,-1.68903,0.550859, -2.72575,MIDDLE
	-77.0236,-2.49984,0.541748, -3.739875,MIDDLE
	-69.4583,-3.08083,0.565841, -2.6765,MIDDLE
	-71.9141,-3.35982,0.17886, -3.45775,MIDDLE
	-74.0854,-3.54916,0.635555, 6.996,MIDDLE
	-74.5248,-3.88598,0.59617, -3.620375,MIDDLE
	-72.2531,-2.13557,0.777331, -12.298375,MIDDLE
	-74.5287,-1.32245,0.77972, -3.1835,MIDDLE
	-72.3129,-3.74655,0.871192, -4.273125,MIDDLE
	-73.3301,-1.80731,0.599697, -3.994375,MIDDLE
	-71.9634,-0.98363,0.779873, -3.757125,MIDDLE
	-71.2107,-0.96183,0.355585, -2.90975,MIDDLE
	-73.3999,-3.7216,0.937402, -4.549875,MIDDLE
	-74.0634,-0.87267,0.484748, -2.676625,MIDDLE
	-71.611,0.05967,0.456838, -15.601,MIDDLE
	-73.6187,-2.00986,0.742533, -3.192875,MIDDLE
	-73.6165,-1.92039,1.04394, -3.687125,MIDDLE
	-72.1703,-1.67056,0.572554, -13.40875,MIDDLE
	-71.7848,-0.86371,0.827993, -14.490625,MIDDLE
	-71.8592,-4.5085,0.705609, -15.080375,MIDDLE
	-73.5275,-0.3819,0.585151, -15.839,MIDDLE
	-72.7411,-1.54563,0.633429, -16.872375,MIDDLE
	-75.3563,-0.558,0.517126, -3.070125,MIDDLE
	-74.9008,-2.89671,0.842945, 2.056375,MIDDLE
	-73.6386,-1.71584,0.907014, -2.69875,MIDDLE
	-78.8564,-2.33726,0.144124, -3.530375,MIDDLE
	-71.6245,-3.31372,0.561138, 6.507,MIDDLE
	-74.6711,-1.39513,0.531196, -2.923875,MIDDLE
	-73.8178,-3.38864,0.63155, 7.08525,MIDDLE
	-74.468,-3.18209,0.570091, 5.631375,MIDDLE
	-73.9986,-3.66182,0.894593, -4.043625,MIDDLE
	-71.2948,-0.16991,0.653518, -3.415125,MIDDLE
	-73.7888,-0.06484,0.841246, 5.4275,MIDDLE
	-74.9866,-2.55375,0.486153, -2.6405,MIDDLE
	-74.6795,-4.1799,0.583208, -10.185,MIDDLE
	-73.7097,-2.62978,0.626622, -3.77875,MIDDLE
	-74.3075,-9.47251,1.02026, -4.93425,MIDDLE
	-75.55,-2.51316,0.20329, 5.39225,MIDDLE
	-72.5292,-3.21514,0.783432, -3.01925,MIDDLE
	-73.0894,-3.09465,1.01549, -3.9545,MIDDLE
	-75.2153,-4.33241,0.549605, -3.031875,MIDDLE
	-76.2893,-1.39729,0.4921, -2.84275,MIDDLE
	-75.5317,-2.69454,0.505551, -2.8975,MIDDLE
	-76.1351,-5.34354,0.500417, -3.457375,MIDDLE
	-77.5345,-7.67192,1.00021, -3.26825,MIDDLE
	-72.4937,-4.48223,0.205734, -2.202625,MIDDLE
	-73.1771,-2.52874,0.693757, -4.78425,MIDDLE
	-73.5906,-4.55615,0.724699, 0.685125000000001,MIDDLE
	-73.7988,-1.80566,0.354893, -4.88225,MIDDLE
	-75.0253,-1.60574,0.859554, -4.184625,MIDDLE
	-71.7469,-2.10735,0.703506, -4.527125,MIDDLE
	-76.1586,-4.90823,0.871802, -4.688375,MIDDLE
	-76.0965,-0.88294,0.443622, 4.706,MIDDLE
	-74.0798,-4.27739,0.608268, 5.721125,MIDDLE
	-74.5441,1.75031,0.110413, -3.17425,MIDDLE
	-77.4183,-1.42663,0.573701, -2.596625,MIDDLE
	-70.3144,-1.24476,0.624439, -3.406875,MIDDLE
	-72.4323,-0.96616,0.694814, -2.887125,MIDDLE
	-75.1085,-2.3592,0.836516, -3.727375,MIDDLE
	-72.9845,-1.73209,0.66869, -2.1905,MIDDLE
	-73.4544,-1.3031,0.61837, -2.505625,MIDDLE
	-70.4726,-0.24101,0.53985, -3.331,MIDDLE
	-74.3354,-3.67217,0.519457, -13.16925,MIDDLE
	-74.0244,-3.09305,0.465743, -1.93725,MIDDLE
	-73.9546,-2.28991,0.721921, -1.892375,MIDDLE
	-74.2444,-2.10664,0.848896, -2.917,MIDDLE
	-74.8615,-3.55621,0.525233, -3.548875,MIDDLE
	-74.9994,-1.37771,0.537868, -17.785625,MIDDLE
	-75.1266,-0.8401,0.866441, -3.677375,MIDDLE
	-74.5001,1.12021,0.361462, -3.1915,MIDDLE
	-73.9958,-3.47108,0.448957, 4.891625,MIDDLE
	-75.0287,-0.39911,0.648719, -3.518875,MIDDLE
	-74.4642,-2.56107,0.492958, -18.19125,MIDDLE
	-73.2771,-4.20913,0.804175, -3.026125,MIDDLE
	-73.1217,-1.15026,0.711594, -3.219625,MIDDLE
	-76.466,-5.96227,0.830386, -4.907375,MIDDLE
	-74.0156,0.4364,0.718323, -3.411,MIDDLE
	-71.0091,-1.62552,0.580839, -2.065875,MIDDLE
	-71.8348,-2.94016,0.616001, 5.351,MIDDLE
	-73.5142,-3.63841,0.869269, -3.7705,MIDDLE
	-71.0485,-2.32632,0.571922, -2.479375,MIDDLE
	-73.2862,0.65496,0.624341, 7.383875,MIDDLE
	-74.849,-1.21697,0.78377, 4.53975,MIDDLE
	-69.9765,-0.19796,0.570427, 6.173,MIDDLE
	-74.0413,-0.9184,0.556225, 0.0873750000000024,MIDDLE
	-71.0104,0.15379,0.614674, 6.646375,MIDDLE
	-69.4748,1.81589,0.553187, 6.798875,MIDDLE
	-69.8852,-3.5121,0.204069, 4.450125,MIDDLE
	-70.0723,-2.8466,0.410413, -3.10575,MIDDLE
	-71.8768,-1.29168,0.83983, 6.550375,MIDDLE
	-72.1675,-0.90609,0.581359, 4.306,MIDDLE
	-73.3311,-3.68119,0.509571, -7.93475,MIDDLE
	-74.7184,-6.13472,0.801826, 8.124,MIDDLE
	-73.0012,-1.86502,0.531432, -0.720000000000002,MIDDLE
	-70.8811,-2.2744,0.648643, 5.578875,MIDDLE
	-74.6824,-4.36264,0.755971, 7.05975,MIDDLE
	-71.1781,0.32394,0.517338, 7.13562499999999,MIDDLE
	-74.7115,-1.92332,0.907062, -7.73175,MIDDLE
	-70.9875,-0.73943,0.468698, 5.592875,MIDDLE
	-70.2823,-2.73216,0.480517, 3.291,MIDDLE
	-74.6356,-1.2026,0.422092, 6.59024999999999,MIDDLE
	-71.9599,-1.0429,0.576415, 14.82625,MIDDLE
	-69.6719,-2.4255,0.608533, 15.446125,MIDDLE
	-73.3107,-2.1387,0.432531, 6.69125,MIDDLE
	-77.9455,-0.65059,0.502497, 7.289875,MIDDLE
	-72.9009,-4.48224,0.863347, -2.04575,MIDDLE
	-73.6681,-2.1923,0.828781, 6.3525,MIDDLE
	-71.3695,-2.27734,0.643655, 7.01575,MIDDLE
	-73.9717,-3.53722,0.923957, 7.021625,MIDDLE
	-75.9179,-2.12012,0.671453, 7.731875,MIDDLE
	-72.8001,-3.57793,0.776211, -6.434625,MIDDLE
	-73.6838,-3.38479,0.652608, 7.09725,MIDDLE
	-72.0525,-0.63505,0.495481, 7.216875,MIDDLE
	-73.42,-2.2287,0.425352, 7.132,MIDDLE
	-76.5955,-0.86726,0.922747, 18.30775,MIDDLE
	-74.9325,-3.02924,0.634383, 6.98,MIDDLE
	-70.911,0.3051,0.861097, 4.880375,MIDDLE
	-80.6193,-1.68427,0.798739, 7.701,MIDDLE
	-75.5103,-4.22337,0.522355, 8.495,MIDDLE
	-72.8075,0.45545,0.306709, -10.108,MIDDLE
	-75.3385,-0.87418,0.145704, -3.231875,MIDDLE
	-72.8151,-1.89766,0.461214, -2.7105,MIDDLE
	-76.178,-4.00682,0.546312, -3.409375,MIDDLE
	-71.2798,-0.12843,0.670264, -3.08475,MIDDLE
	-71.0235,-2.23858,0.764504, -3.25825,MIDDLE
	-75.6335,0.81946,0.491669, -2.705,MIDDLE
	-75.2931,-2.82526,0.458198, -3.221,MIDDLE
	-72.5693,-2.37199,0.458727, -2.871,MIDDLE
	-70.1343,-2.45678,0.476703, -23.493375,MIDDLE
	-70.9948,-1.95589,0.658345, -13.419875,MIDDLE
	-75.5359,-6.05039,0.789327, -15.837625,MIDDLE
	-77.847,-2.15831,0.518197, -3.39375,MIDDLE
	-70.3377,-2.33349,0.206433, -2.2625,MIDDLE
	-70.4477,-1.58924,0.568957, -3.6115,MIDDLE
	-72.2061,-2.67286,0.861582, -3.694125,MIDDLE
	-69.6848,1.00811,0.603809, -3.65325,MIDDLE
	-71.7707,0.94097,0.593737, -3.25875,MIDDLE
	-69.6073,0.22441,0.606331, 2.499125,MIDDLE
	-72.9737,-3.34011,0.532128, -3.139,MIDDLE
	-72.1021,-3.55871,0.457375, -2.937875,MIDDLE
	-75.2036,0.36148,0.535527, -2.871625,MIDDLE
	-79.5315,-2.43568,0.135694, -3.214375,MIDDLE
	-72.0609,-1.64835,0.433076, -5.93775,MIDDLE
	-72.5307,-1.96718,0.877256, 8.44625,MIDDLE
	-73.8882,-2.9478,0.859152, 15.43775,MIDDLE
	-72.8588,-0.78253,0.816764, 5.802875,MIDDLE
	-71.6879,-2.6628,0.584647, -8.41875,MIDDLE
	-73.8586,0.19954,0.70509, 6.153375,MIDDLE
	-76.7846,-1.6752,0.212751, 6.192125,MIDDLE
	-72.5404,0.10636,0.721128, -2.749125,MIDDLE
	-71.6909,-2.95632,0.815228, -3.360125,MIDDLE
	-72.0031,-1.91624,0.669128, -2.775875,MIDDLE
	-69.882,-2.15803,0.492071, -2.576875,MIDDLE
	-71.8146,-1.62885,0.658019, -11.218125,MIDDLE
	-74.2145,-1.89735,0.930155, -3.134125,MIDDLE
	-72.1211,-1.70486,0.590054, -3.24325,MIDDLE
	-72.7676,-0.14892,0.609376, -2.919125,MIDDLE
	-72.6843,-1.47969,0.648809, -3.412375,MIDDLE
	-74.9546,-1.48938,0.542096, 2.18675,MIDDLE
	-71.8838,-2.39302,0.839031, -2.63575,MIDDLE
	-73.4316,-5.05273,0.988313, -3.6585,MIDDLE
	-69.9059,-1.59357,0.726621, -2.53475,MIDDLE
	-73.2932,-2.56589,0.517417, -3.24575,MIDDLE
	-71.6746,-1.9783,0.593738, -3.17025,MIDDLE
	-75.4129,-1.67074,0.492749, -3.09125,MIDDLE
	-71.2419,-3.97791,0.860119, -9.86275,MIDDLE
	-73.8593,-7.32348,0.713793, -2.818,MIDDLE
	-73.977,-3.65485,0.533322, -17.66,MIDDLE
	-73.2818,-6.86955,0.765862, -4.12675,MIDDLE
	-72.161,-1.52501,0.291352, -2.211,MIDDLE
	-72.0827,-0.67329,0.663413, 1.98575,MIDDLE
	-72.0156,-1.26546,0.719316, -4.183375,MIDDLE
	-71.0822,-3.42059,0.586875, 6.170875,MIDDLE
	-71.9893,-2.18352,0.877299, -4.794,MIDDLE
	-71.6042,-1.77165,0.65835, 6.22425,MIDDLE
	-72.4685,0.46749,0.192225, -1.905,MIDDLE
	-71.1088,-3.7349,0.823027, 7.237375,MIDDLE
	-74.6332,-3.47517,0.604815, -2.797375,MIDDLE
	-70.6768,-1.01355,0.687319, -2.779625,MIDDLE
	-72.475,-2.28415,0.885849, -3.373,MIDDLE
	-73.7694,-1.85516,0.623498, -3.406,MIDDLE
	-72.057,-1.99794,0.590118, -3.82575,MIDDLE
	-73.9593,-2.80285,0.640321, 7.057875,MIDDLE
	-72.3348,-0.62093,0.628235, 7.719125,MIDDLE
	-73.6508,-0.61972,0.523011, -3.26775,MIDDLE
	-71.9136,-0.4598,0.563812, -2.735375,MIDDLE
	-73.1405,-2.95669,0.531809, -3.352375,MIDDLE
	-73.6012,1.16631,0.170033, -2.946,MIDDLE
	-77.2387,0.28994,0.131055, 3.11475,MIDDLE
	-73.151,-4.24468,0.714797, -12.08025,MIDDLE
	-71.3065,-0.43553,0.470038, -3.148,MIDDLE
	-71.5813,-1.42433,0.73202, -3.20475,MIDDLE
	-75.6267,-0.8778,0.633888, -2.80075,MIDDLE
	-76.5629,-1.34528,0.189558, -3.496875,MIDDLE
	-72.77,-2.24665,0.595296, -4.114375,MIDDLE
	-70.8896,-1.13834,0.834536, -3.712125,MIDDLE
	-71.749,-0.52069,0.686737, -3.105375,MIDDLE
	-75.7799,-3.85122,0.288997, -2.47975,MIDDLE
	-74.0126,-0.55736,0.556654, -3.244625,MIDDLE
	-73.9316,-4.94463,0.765667, 2.921,MIDDLE
	-72.0542,-3.52144,0.822937, -2.92,MIDDLE
	-75.0808,-5.01092,0.840509, -3.156625,MIDDLE
	-70.6163,-2.19882,0.465126, -3.786875,MIDDLE
	-73.3118,-3.22908,0.956806, -3.152,MIDDLE
	-71.2624,-2.19924,0.504966, -3.77375,MIDDLE
	-73.9346,-6.25677,0.584688, -2.43975,MIDDLE
	-71.9205,-3.84968,0.455935, 5.14625,MIDDLE
	-69.9552,-2.19851,0.55956, -3.017875,MIDDLE
	-70.8311,-0.76977,0.613111, -3.5045,MIDDLE
	-71.2231,1.49957,0.252172, -3.516375,MIDDLE
	-77.5696,-6.07309,0.649453, 2.6825,MIDDLE
	-76.4779,-2.48461,0.889188, -12.607625,MIDDLE
	-72.2797,-3.94227,0.182595, -12.623875,MIDDLE
	-68.8818,-1.97611,0.649344, -13.60325,MIDDLE
	-77.7934,-2.13508,0.136924, -15.402625,MIDDLE
	-72.2255,-4.30246,0.608947, -6.049125,MIDDLE
	-74.3671,-2.79474,0.813777, -17.918875,MIDDLE
	-74.5566,0.71531,0.102521, -16.680625,MIDDLE
	-74.7359,-3.1809,0.176616, -16.486625,MIDDLE
	-75.9354,-6.67789,0.895713, -12.942875,MIDDLE
	-72.535,-4.50898,0.74324, -3.880375,MIDDLE
	-70.7879,-4.9697,0.487201, 5.907625,MIDDLE
	-74.3722,-3.02921,0.704425, -3.689,MIDDLE
	-73.0537,-0.88218,0.309104, -3.598625,MIDDLE
	-71.2728,-0.74241,0.599688, -3.1945,MIDDLE
	-71.4767,-1.34185,0.710113, -27.341625,MIDDLE
	-71.6857,-3.79018,0.637216, -3.298625,MIDDLE
	-73.0031,-5.29739,0.653482, -2.995875,MIDDLE
	-74.6821,-4.47681,1.027, -2.6595,MIDDLE
	-72.4406,-3.3553,0.881535, -3.527625,MIDDLE
	-74.2628,-5.54677,0.830886, -9.5375,MIDDLE
	-73.4273,-4.29807,0.196344, -3.25475,MIDDLE
	-73.3897,-1.35279,0.674048, -2.9965,MIDDLE
	-73.1271,-6.26221,0.695738, -3.46025,MIDDLE
	-71.0449,-2.21696,0.283629, 6.89375,MIDDLE
	-71.3959,-2.68336,0.542751, -2.9725,MIDDLE
	-75.824,-1.46155,0.326032, -3.0675,MIDDLE
	-71.9611,-3.45868,0.838355, -2.84825,MIDDLE
	-72.4626,0.75906,0.453699, 8.240875,MIDDLE
	-73.2769,-1.68003,0.505062, 5.555875,MIDDLE
	-72.6603,-1.35239,0.552733, 6.776375,MIDDLE
	-72.8861,-1.02203,0.43028, 5.879625,MIDDLE
	-73.8738,-2.85312,0.725286, 6.586625,MIDDLE
	-73.1822,-4.24718,0.694451, -3.473875,MIDDLE
	-72.8528,-0.96261,0.628167, -2.8465,MIDDLE
	-71.13,-2.83132,0.416964, -3.6165,MIDDLE
	-72.961,-3.10976,0.729364, -3.082875,MIDDLE
	-72.6423,-2.07973,0.445433, -2.374125,MIDDLE
	-74.9525,-3.42938,0.636674, -2.781125,MIDDLE
	-73.0485,-3.91252,0.507983, -2.26075,MIDDLE
	-75.2722,-1.43882,0.181493, -3.430375,MIDDLE
	-73.9117,-2.55699,0.608099, -3.42275,MIDDLE
	-75.5887,-7.11786,0.993444, -2.159375,MIDDLE
	-73.3377,-5.91579,0.729621, -3.90075,MIDDLE
	-73.5703,-3.07478,0.64737, -2.4785,MIDDLE
	-73.4041,-2.72179,0.816492, -3.398375,MIDDLE
	-74.2034,-2.54893,0.55123, -2.749,MIDDLE
	-73.7961,-0.96271,0.451383, -2.221,MIDDLE
	-70.483,-1.10399,0.598952, -2.526375,MIDDLE
	-77.3298,-3.05373,0.529717, -2.4335,MIDDLE
	-71.202,-5.07778,0.771782, -2.998625,MIDDLE
	-69.2048,-3.52847,0.554816, -3.308125,MIDDLE
	-73.0333,-2.65585,0.581083, -2.826,MIDDLE
	-74.5824,-4.53494,0.947087, -2.921,MIDDLE
	-72.2111,-5.48196,0.447194, -3.34875,MIDDLE
	-72.9189,-4.43956,0.876934, -2.676125,MIDDLE
	-74.5542,-4.01715,0.593882, -2.268,MIDDLE
	-73.3266,-3.31478,0.511665, -2.967,MIDDLE
	-77.9867,-4.32108,0.451602, -16.42575,MIDDLE
	-72.177,-5.23727,0.819243, -2.885,MIDDLE
	-71.2556,-2.62017,0.67307, -4.163625,MIDDLE
	-73.6889,-6.03867,0.600121, 1.733625,MIDDLE
	-72.4603,-2.92032,0.584923, -4.91775,MIDDLE
	-72.1875,-2.27911,0.691138, -15.5965,MIDDLE
	-71.6112,-3.42496,0.630773, 5.28375,MIDDLE
	-71.9622,-2.88859,0.447046, -4.554875,MIDDLE
	-74.0075,-2.86805,0.624594, -3.832,MIDDLE
	-72.0266,-2.87767,0.753542, 6.390625,MIDDLE
	-72.2285,-2.02766,0.661082, 6.47225,MIDDLE
	-73.2063,-6.65663,0.611093, 6.062125,MIDDLE
	-74.9836,-5.40521,0.516218, 12.430125,MIDDLE
	-73.677,-3.89796,0.685018, 7.903875,MIDDLE
	-74.9841,-2.72885,0.150607, 4.70725,MIDDLE
	-78.275,-3.6907,0.341203, -4.40975,MIDDLE
	-72.9332,-1.96715,0.502328, -3.369,MIDDLE
	-73.69,-2.95663,0.447532, 5.451125,MIDDLE
	-73.3837,0.10436,0.581493, -2.935875,MIDDLE
	-73.0844,-2.39519,0.307594, -2.822875,MIDDLE
	-74.1076,-3.75138,0.86748, -3.07125,MIDDLE
	-74.6605,-1.36855,0.535737, -2.952375,MIDDLE
	-73.2741,-3.65381,0.445195, -3.171,MIDDLE
	-77.6927,-4.09266,0.217343, -3.0255,MIDDLE
	-73.888,-2.9551,0.72127, -13.53975,MIDDLE
	-76.469,-4.83795,0.670863, -3.254,MIDDLE
	-72.7256,-3.34644,0.689398, -3.753375,MIDDLE
	-76.8065,-2.04166,0.577152, -3.733,MIDDLE
	-72.114,-3.22805,0.169229, -3.643125,MIDDLE
	-71.9614,-2.77943,0.586538, -2.706,MIDDLE
	-69.9106,-2.84402,0.647508, -3.658625,MIDDLE
	-77.3155,-5.21092,0.936729, 2.114625,MIDDLE
	-73.4656,-2.20503,0.578296, -2.846875,MIDDLE
	-70.8793,-1.59484,0.46804, 6.357,MIDDLE
	-74.1832,-2.21867,0.47601, -17.331875,MIDDLE
	-72.6043,-3.07557,0.909339, -2.902625,MIDDLE
	-70.1815,-0.26244,0.453803, -9.373125,MIDDLE
	-73.163,-3.80736,0.269594, -3.453375,MIDDLE
	-72.5313,-3.42212,0.578104, -2.8075,MIDDLE
	-70.7038,0.35032,0.206568, -2.798,MIDDLE
	-72.1948,-1.53028,0.575517, -3.110625,MIDDLE
	-75.9658,-6.18498,0.699266, -3.238375,MIDDLE
	-75.6536,-3.47345,0.784834, -3.23825,MIDDLE
	-73.8746,-2.38064,0.413024, -9.818125,MIDDLE
	-74.3036,-2.91544,0.517906, -2.619125,MIDDLE
	-71.2319,-1.78989,0.490017, 3.261375,MIDDLE
	-72.3682,-4.85635,0.622313, 3.101375,MIDDLE
	-77.312,-2.05275,0.680524, -3.513625,MIDDLE
	-75.1488,-1.17258,0.367725, -3.768375,MIDDLE
	-73.1388,-0.38306,0.824617, -3.398125,MIDDLE
	-71.8081,-1.57547,0.814437, -3.163875,MIDDLE
	-70.9754,-1.60357,0.156676, -2.993375,MIDDLE
	-68.3623,-1.49181,0.663663, -2.510625,MIDDLE
	-73.0318,-2.39658,0.691502, -2.8265,MIDDLE
	-72.1104,-3.42834,0.496243, -3.8455,MIDDLE
	-72.229,-1.56049,0.435622, -4.462,MIDDLE
	-75.3168,-2.6971,0.686571, -3.4035,MIDDLE
	-72.7911,-2.49653,0.413884, -3.45625,MIDDLE
	-71.7965,-4.87604,0.744473, 2.890125,MIDDLE
	-72.3508,-6.51176,0.613749, -3.3545,MIDDLE
	-75.1035,-4.75913,0.459356, 13.434375,MIDDLE
	-71.1624,-2.01499,0.537673, -2.21975,MIDDLE
	-70.6142,-3.60934,0.580452, 5.9235,MIDDLE
	-72.2904,-1.85672,0.576141, -2.94925,MIDDLE
	-74.5158,-4.76277,0.468674, -2.657625,MIDDLE
	-70.9895,-2.2577,0.434612, -15.3825,MIDDLE
	-73.9315,-3.37368,0.941958, -16.589,MIDDLE
	-73.5739,-4.77741,0.653015, -2.664125,MIDDLE
	-73.2706,-5.85837,0.585105, -3.035125,MIDDLE
	-72.8011,-4.42206,0.845977, -3.087375,MIDDLE
	-74.4597,-3.4619,0.72735, -2.80225,MIDDLE
	-78.2847,-3.36741,0.174392, 3.81475,MIDDLE
	-71.6702,-2.57161,0.625207, 6.1405,MIDDLE
	-72.6322,-2.4824,0.864232, -3.281375,MIDDLE
	-69.9298,-2.36207,0.476401, 2.859375,MIDDLE
	-72.8331,-0.80921,0.448606, -2.626875,MIDDLE
	-72.5156,0.97443,0.558884, -3.098,MIDDLE
	-71.5535,-1.9697,0.548917, -20.524875,MIDDLE
	-74.0306,-5.58601,0.90024, -3.195625,MIDDLE
	-71.1753,-0.41555,0.588678, -20.9025,MIDDLE
	-73.5319,-1.30086,0.690889, -3.983375,MIDDLE
	-72.8694,-0.06056,0.354369, -3.014375,MIDDLE
	-70.0804,-3.21564,0.483839, -26.023125,MIDDLE
	-72.3347,-1.44015,0.561, -3.118375,MIDDLE
	-72.3742,-2.01581,0.486548, -14.199625,MIDDLE
	-70.3588,-0.05381,0.32962, -12.873,MIDDLE
	-71.8497,0.22081,0.692762, -3.85225,MIDDLE
	-73.7561,-4.7554,0.709724, -10.016375,MIDDLE
	-74.6724,-5.07811,0.826525, -2.468,MIDDLE
	-72.9324,-1.63636,0.834315, -3.644875,MIDDLE
	-74.2689,-2.06642,0.554036, -4.2635,MIDDLE
	-73.8364,-0.63541,0.449244, -3.52625,MIDDLE
	-72.2374,-1.88939,0.444184, -3.99575,MIDDLE
	-76.4261,-4.6057,0.780837, -3.0255,MIDDLE
	-77.177,-0.72535,0.189344, -2.81875,MIDDLE
	-75.7787,-5.34804,0.474871, -2.806875,MIDDLE
	-72.7916,-4.98263,0.835305, -4.761125,MIDDLE
	-73.5191,-0.79701,0.61246, -3.1655,MIDDLE
	-71.6073,-1.50357,0.610254, -3.27075,MIDDLE
	-71.3714,-1.87814,0.492014, -3.5105,MIDDLE
	-74.0972,-1.54595,0.512563, -4.09487499999999,MIDDLE
	-72.1836,-2.00743,0.547678, -3.611375,MIDDLE
	-76.3074,-3.59591,0.583802, 5.701875,MIDDLE
	-75.5367,-2.53272,0.877325, 4.308875,MIDDLE
	-73.0511,-3.42722,0.458592, 14.74725,MIDDLE
	-77.8045,-2.34466,0.973271, -3.520375,MIDDLE
	-73.908,-1.98532,0.558113, -3.5765,MIDDLE
	-72.5264,-3.40897,0.657789, -13.2245,MIDDLE
	-75.1015,-3.01716,0.736679, 2.50325,MIDDLE
	-72.938,-2.44693,0.474824, -17.843375,MIDDLE
	-71.1997,-2.67729,0.656399, -4.036125,MIDDLE
	-74.2959,-0.77544,0.695908, -4.115375,MIDDLE
	-76.147,-4.14437,0.933567, -4.12575,MIDDLE
	-74.3078,-2.89238,0.761614, 1.747125,MIDDLE
	-71.7963,-3.64435,0.841891, -3.81,MIDDLE
	-72.5786,-4.68982,0.61439, -2.931375,MIDDLE
	-72.3997,-2.28926,0.266197, -3.295625,MIDDLE
