21,44,78,81,113,CLEAVED	-76.9188,-3.75359,0.0533468, -16.306,CLEAVED
21,55,70,96,113,CLEAVED	-74.3755,-2.46924,0.626566, 6.609125,CLEAVED
21,55,73,88,103,CLEAVED	-74.8503,-4.28338,0.889456, -2.03225,CLEAVED
21,56,68,88,113,CLEAVED	-76.6187,-3.38705,0.496204, -3.178125,CLEAVED
21,57,61,100,113,CLEAVED	-72.9363,-4.73575,0.680461, -5.037625,CLEAVED
21,57,70,97,113,CLEAVED	-75.7769,-4.05446,0.558697, -3.004125,CLEAVED
21,57,74,91,113,CLEAVED	-73.0948,-2.61512,0.46539, -4.21325,CLEAVED
21,57,78,94,113,CLEAVED	-74.8608,-4.88399,0.64274, -3.328875,CLEAVED
21,60,73,98,117,CLEAVED	-72.6152,-3.7033,0.643192, -3.310125,CLEAVED
22,43,68,87,113,CLEAVED	-74.0345,-6.17211,0.607019, -13.425,CLEAVED
22,45,77,94,118,CLEAVED	-74.8516,-2.91648,0.862536, -3.8315,CLEAVED
22,47,73,88,113,CLEAVED	-77.1621,-5.91362,0.622587, -2.79525,CLEAVED
22,48,77,87,113,CLEAVED	-74.4241,-6.42308,0.578895, -3.373,CLEAVED
22,48,77,94,101,CLEAVED	-71.4993,-3.20084,0.477468, -3.40175,CLEAVED
22,50,77,91,108,CLEAVED	-72.8117,0.76771,0.708697, -3.726875,CLEAVED
22,52,77,88,116,CLEAVED	-70.0081,-0.8077,0.616911, -3.307625,CLEAVED
22,54,71,88,112,CLEAVED	-73.3349,-1.93841,0.432045, -4.250125,CLEAVED
22,55,65,88,114,CLEAVED	-74.1076,-2.1496,0.446509, 5.575,CLEAVED
22,55,71,91,112,CLEAVED	-71.337,-0.83882,0.659706, 6.29575,CLEAVED
22,55,74,88,113,CLEAVED	-75.9654,-5.0727,0.563558, 5.126625,CLEAVED
22,56,70,87,112,CLEAVED	-73.3482,-1.26553,0.50437, -2.951625,CLEAVED
22,57,78,94,112,CLEAVED	-74.0123,-3.38724,0.521236, -3.455375,CLEAVED
22,57,78,97,110,CLEAVED	-71.3848,-1.6556,0.60265, -2.949375,CLEAVED
22,60,77,97,114,CLEAVED	-73.6135,-3.02447,0.932774, -2.93125,CLEAVED
23,43,71,83,104,CLEAVED	-75.5218,-1.45607,0.975297, -41.180125,CLEAVED
23,43,71,84,104,CLEAVED	-75.5353,-1.84821,0.405592, -45.889375,CLEAVED
23,44,68,84,104,CLEAVED	-72.3489,-4.00317,0.467939, -50.143625,CLEAVED
23,44,70,84,104,CLEAVED	-74.5014,-5.80219,0.823268, -50.60475,CLEAVED
23,44,71,83,104,CLEAVED	-75.5657,-2.3036,0.389886, -49.6575,CLEAVED
23,44,71,84,101,CLEAVED	-72.5453,-2.06563,0.6531, -40.54,CLEAVED
23,44,71,84,104,CLEAVED	-74.5474,-2.44011,0.596017, -48.125125,CLEAVED
23,44,71,84,106,CLEAVED	-71.6094,-3.71846,0.501335, -41.869625,CLEAVED
23,44,71,84,118,CLEAVED	-73.0443,-1.81072,0.877997, -40.6195,CLEAVED
23,44,71,89,104,CLEAVED	-75.2708,-2.18735,0.744273, -24.20275,CLEAVED
23,44,78,84,104,CLEAVED	-76.1899,-6.78191,0.660352, -50.00625,CLEAVED
23,46,71,84,104,CLEAVED	-73.9959,-1.86151,0.924168, -36.086625,CLEAVED
23,47,70,97,110,CLEAVED	-72.8442,-2.90743,0.584014, -13.518375,CLEAVED
23,49,71,84,104,CLEAVED	-75.6539,-2.4614,0.86625, -25.521875,CLEAVED
23,52,73,98,113,CLEAVED	-73.0459,-6.94373,0.503364, -13.5995,CLEAVED
23,52,80,100,113,CLEAVED	-72.7812,-4.97889,0.603876, -17.4,CLEAVED
23,55,73,92,111,CLEAVED	-74.6733,-2.61817,0.621963, -4.9375,CLEAVED
23,55,77,97,110,CLEAVED	-78.0109,-3.8766,0.110067, -5.090625,CLEAVED
23,56,64,88,112,CLEAVED	-75.1037,-2.78524,0.439324, -23.77275,CLEAVED
23,56,67,100,110,CLEAVED	-71.9618,-2.91352,0.648875, -15.363,CLEAVED
23,56,78,83,113,CLEAVED	-74.089,-5.38128,0.693808, -27.52675,CLEAVED
23,57,70,97,110,CLEAVED	-73.6748,-3.30518,0.707956, -13.996625,CLEAVED
23,58,61,97,110,CLEAVED	-76.0366,-2.05076,0.78439, -13.343375,CLEAVED
24,41,68,97,113,CLEAVED	-75.464,-5.24872,0.546549, -13.42175,CLEAVED
24,43,78,87,107,CLEAVED	-74.5093,-4.69806,0.25382, -25.0355,CLEAVED
24,44,73,91,113,CLEAVED	-74.6161,-6.86601,0.750678, -27.80725,CLEAVED
24,48,76,97,113,CLEAVED	-75.6577,-5.42758,0.518637, -13.834375,CLEAVED
24,48,77,89,113,CLEAVED	-76.0819,-6.28986,0.883273, -4.0555,CLEAVED
24,50,61,85,114,CLEAVED	-72.445,-2.0601,0.549373, -13.613,CLEAVED
24,56,67,100,113,CLEAVED	-77.0865,-5.26106,0.842937, -12.75,CLEAVED
24,56,70,81,114,CLEAVED	-71.5397,-0.93363,0.541492, -13.738625,CLEAVED
24,56,73,91,113,CLEAVED	-76.5273,-2.99992,0.265739, -14.59525,CLEAVED
24,56,77,96,113,CLEAVED	-76.3466,-4.75874,0.783918, -13.759625,CLEAVED
24,57,67,94,108,CLEAVED	-75.113,-2.41987,0.658576, -12.976625,CLEAVED
25,41,72,88,114,CLEAVED	-73.6363,-0.97551,0.460433, -3.404625,CLEAVED
25,54,77,90,104,CLEAVED	-70.4023,-3.39866,0.391381, -11.714375,CLEAVED
25,56,77,81,113,CLEAVED	-74.4109,-3.05382,0.601525, -3.728125,CLEAVED
25,56,77,90,117,CLEAVED	-75.5297,-2.66659,0.509884, -4.165875,CLEAVED
25,57,70,92,117,CLEAVED	-72.83,-2.69034,0.635375, -3.118625,CLEAVED
25,57,77,97,110,CLEAVED	-78.6729,-4.07664,0.24623, -3.339625,CLEAVED
26,44,71,84,104,CLEAVED	-70.8058,-4.91077,0.47846, -38.226125,CLEAVED
26,47,77,97,113,CLEAVED	-76.1873,-3.02553,0.55121, -2.76925,CLEAVED
26,48,74,98,113,CLEAVED	-75.3925,-5.51602,0.484614, -3.729875,CLEAVED
27,43,75,97,110,CLEAVED	-74.5861,-4.51514,0.74874, -7.322625,CLEAVED
27,44,77,88,107,CLEAVED	-78.8655,-1.54262,0.133283, -15.95575,CLEAVED
27,44,77,88,113,CLEAVED	-75.042,-3.65006,0.765562, -15.92175,CLEAVED
27,47,65,88,117,CLEAVED	-73.4178,-0.39198,0.849601, -3.896625,CLEAVED
27,47,77,84,117,CLEAVED	-74.0237,-1.72967,0.602126, -17.854875,CLEAVED
27,48,67,93,102,CLEAVED	-74.0514,-1.02238,0.0667194, -2.103375,CLEAVED
27,48,78,96,113,CLEAVED	-72.7611,-4.29414,0.628186, -4.291875,CLEAVED
27,49,70,84,113,CLEAVED	-73.3759,-6.06546,0.550974, -7.744125,CLEAVED
27,49,70,97,118,CLEAVED	-73.174,0.32042,0.86953, 5.699875,CLEAVED
27,49,71,97,113,CLEAVED	-75.2285,-1.34226,0.596957, 6.185,CLEAVED
27,50,77,100,112,CLEAVED	-72.0598,-1.47841,0.534015, -3.422625,CLEAVED
27,50,77,100,113,CLEAVED	-75.7773,-3.92029,0.497671, -3.70625,CLEAVED
27,52,66,81,101,CLEAVED	-74.0798,1.52403,0.716401, -2.133625,CLEAVED
27,52,70,90,113,CLEAVED	-74.2798,-3.27039,0.536289, -3.120625,CLEAVED
27,52,70,90,117,CLEAVED	-74.9823,-4.92319,0.514515, -3.43325,CLEAVED
27,52,73,81,117,CLEAVED	-74.0354,-2.14278,0.937935, -2.94675,CLEAVED
27,52,77,85,110,CLEAVED	-71.7582,-2.26031,0.295702, -2.571875,CLEAVED
27,56,70,84,117,CLEAVED	-73.96,-3.78092,0.568032, -17.800625,CLEAVED
27,56,74,96,114,CLEAVED	-73.2936,-3.09933,0.821654, -3.5715,CLEAVED
27,56,75,88,107,CLEAVED	-73.2725,-1.69488,0.454328, 2.74825,CLEAVED
27,56,76,85,110,CLEAVED	-73.0458,-2.06705,0.206542, -2.9235,CLEAVED
27,56,77,81,110,CLEAVED	-73.622,-0.68752,0.560612, -2.89175,CLEAVED
27,56,77,81,113,CLEAVED	-74.2821,-1.24865,0.481883, -3.017125,CLEAVED
27,56,77,81,120,CLEAVED	-74.7407,1.1383,0.494829, -2.46725,CLEAVED
27,56,77,87,101,CLEAVED	-73.6694,-1.26911,0.533012, -3.2565,CLEAVED
27,56,77,88,117,CLEAVED	-74.2405,-2.32847,0.793724, -3.55175,CLEAVED
27,56,77,92,110,CLEAVED	-75.2386,-1.97679,0.492585, -2.70925,CLEAVED
27,57,70,87,113,CLEAVED	-73.9861,-4.19361,0.560934, -2.740125,CLEAVED
27,57,70,97,112,CLEAVED	-72.6319,-0.6741,0.668691, -3.015875,CLEAVED
27,57,70,97,117,CLEAVED	-72.0548,-1.60137,0.536023, -3.236,CLEAVED
27,57,70,98,113,CLEAVED	-74.5546,-4.91372,0.533765, -3.0715,CLEAVED
27,57,71,97,113,CLEAVED	-75.3135,-0.53612,0.52263, -1.790875,CLEAVED
27,57,72,84,110,CLEAVED	-73.7632,-3.57613,0.472866, -17.461625,CLEAVED
27,57,73,88,113,CLEAVED	-76.8559,-5.62649,0.599432, -3.394625,CLEAVED
27,57,73,98,113,CLEAVED	-74.7465,-4.33493,0.562788, -3.27225,CLEAVED
27,57,74,84,110,CLEAVED	-77.4131,-2.39181,0.0836335, -18.161375,CLEAVED
27,57,77,81,101,CLEAVED	-72.837,0.0004,0.594053, -3.37975,CLEAVED
27,57,77,81,113,CLEAVED	-75.3914,-1.45095,0.49884, -3.311,CLEAVED
27,57,77,81,118,CLEAVED	-75.1888,0.04279,0.894843, -3.3375,CLEAVED
27,57,77,84,113,CLEAVED	-76.9414,-4.22807,0.587499, -17.5295,CLEAVED
27,57,77,87,116,CLEAVED	-71.2359,-1.21702,0.425956, -3.0805,CLEAVED
27,57,77,87,117,CLEAVED	-71.3639,-0.77191,0.587399, -3.70725,CLEAVED
27,57,77,88,112,CLEAVED	-73.8609,-1.40986,0.458121, -3.369,CLEAVED
27,57,77,91,101,CLEAVED	-74.1103,-0.66959,0.607937, -3.23875,CLEAVED
27,57,77,94,120,CLEAVED	-75.5809,-2.73268,0.782496, -3.241,CLEAVED
27,57,77,97,110,CLEAVED	-78.5415,-1.23952,0.180097, -2.989125,CLEAVED
27,57,77,97,112,CLEAVED	-72.6838,-0.22351,0.615392, -2.967875,CLEAVED
27,57,77,97,113,CLEAVED	-75.3654,-3.49226,0.576888, -2.991875,CLEAVED
27,58,77,94,101,CLEAVED	-74.7156,-2.25065,0.45598, -3.32475,CLEAVED
27,58,77,94,107,CLEAVED	-75.1988,-1.99022,0.571626, -3.170125,CLEAVED
27,58,77,97,112,CLEAVED	-73.8041,-0.97049,0.519046, -2.963125,CLEAVED
27,60,77,87,101,CLEAVED	-74.444,-3.21844,0.884562, -2.778125,CLEAVED
27,60,77,96,113,CLEAVED	-76.7049,-2.84441,0.557469, -3.357125,CLEAVED
28,47,76,88,113,CLEAVED	-75.7474,-6.11448,0.62507, -3.006125,CLEAVED
28,47,77,81,113,CLEAVED	-74.0446,-5.31799,0.852501, -3.212,CLEAVED
28,49,76,87,113,CLEAVED	-73.3137,-4.38485,0.565555, 6.992,CLEAVED
28,49,77,91,110,CLEAVED	-71.6807,-1.46729,0.408395, 6.385875,CLEAVED
28,52,68,97,113,CLEAVED	-75.2916,-5.58478,0.779233, -2.673875,CLEAVED
28,54,77,88,103,CLEAVED	-72.3622,-4.33317,0.563136, -13.152875,CLEAVED
28,56,77,94,107,CLEAVED	-76.8771,-0.91966,0.617171, -3.075875,CLEAVED
28,57,70,87,113,CLEAVED	-73.0411,-5.70639,0.699531, -2.813875,CLEAVED
28,57,71,88,112,CLEAVED	-73.5585,-2.18004,0.724627, -3.84225,CLEAVED
28,57,73,88,118,CLEAVED	-73.8272,-0.05685,0.504381, -3.0665,CLEAVED
28,57,74,88,117,CLEAVED	-74.8534,-3.9934,0.724772, -3.414625,CLEAVED
28,57,77,94,104,CLEAVED	-72.0211,-4.44538,0.26432, -9.862375,CLEAVED
28,57,78,97,104,CLEAVED	-72.4691,-1.75973,0.60952, -9.238125,CLEAVED
28,58,70,84,113,CLEAVED	-74.4856,-6.36641,0.658301, -17.6925,CLEAVED
28,58,70,91,113,CLEAVED	-72.5903,-5.12978,0.617305, -3.296625,CLEAVED
28,60,76,97,112,CLEAVED	-71.8133,-2.6824,0.471555, -2.8515,CLEAVED
29,48,70,97,113,CLEAVED	-74.3965,-4.88569,0.532245, 7.544375,CLEAVED
29,50,72,88,116,CLEAVED	-73.7069,-2.01273,0.609273, 6.8255,CLEAVED
29,56,68,97,113,CLEAVED	-73.6066,-4.06627,0.769121, 8.255625,CLEAVED
29,57,68,96,113,CLEAVED	-75.5029,-4.07446,0.779424, 8.5065,CLEAVED
29,57,80,84,112,CLEAVED	-68.5679,-1.26488,0.48958, -9.662,CLEAVED
30,41,70,84,117,CLEAVED	-74.8693,-2.32174,0.556991, -18.24975,CLEAVED
30,41,77,94,112,CLEAVED	-73.699,-3.58229,0.48367, -3.412375,CLEAVED
30,42,69,91,113,CLEAVED	-73.4692,-3.71028,0.406137, 3.037875,CLEAVED
30,43,75,88,113,CLEAVED	-78.2716,-5.41319,0.489164, -6.64175,CLEAVED
30,45,71,94,113,CLEAVED	-72.344,-5.97492,0.761327, -3.375375,CLEAVED
30,45,71,100,113,CLEAVED	-72.5145,-3.93483,0.60257, -3.72,CLEAVED
30,47,77,81,118,CLEAVED	-72.3882,-0.71057,0.453306, -3.04625,CLEAVED
30,47,77,87,113,CLEAVED	-76.1947,-4.23635,0.569643, -2.785125,CLEAVED
30,48,77,97,112,CLEAVED	-78.0483,-2.30972,0.336159, -3.329,CLEAVED
30,48,77,98,117,CLEAVED	-76.8272,-2.90071,0.56681, -3.90125,CLEAVED
30,50,75,99,107,CLEAVED	-75.1022,-3.27021,0.892075, 1.92175,CLEAVED
30,50,77,84,117,CLEAVED	-72.6863,-2.25541,0.554181, -14.587,CLEAVED
30,52,77,97,113,CLEAVED	-72.3752,-5.79519,0.726174, -2.7985,CLEAVED
30,53,77,88,101,CLEAVED	-74.459,-4.9574,0.803654, -2.992375,CLEAVED
30,54,67,97,113,CLEAVED	-72.7865,-5.249,0.928393, -4.40225,CLEAVED
30,56,65,100,113,CLEAVED	-73.5009,-2.1531,0.325803, -3.332625,CLEAVED
30,56,67,100,113,CLEAVED	-74.1372,-6.0919,0.897754, -5.463875,CLEAVED
30,56,70,88,113,CLEAVED	-76.426,-4.45615,0.445524, -3.150125,CLEAVED
30,56,77,95,113,CLEAVED	-73.5729,-6.1001,0.483231, 4.8975,CLEAVED
30,56,77,97,110,CLEAVED	-73.7104,-3.61733,0.637199, -3.372125,CLEAVED
30,56,77,97,112,CLEAVED	-72.6465,-3.30863,0.504299, -3.2385,CLEAVED
30,56,77,98,101,CLEAVED	-72.4858,-4.38601,0.529267, -3.495125,CLEAVED
30,56,80,97,113,CLEAVED	-75.9433,-3.99454,0.645135, -2.897125,CLEAVED
30,57,61,84,110,CLEAVED	-72.7235,-3.44492,0.434314, -17.900375,CLEAVED
30,57,61,88,101,CLEAVED	-76.3901,-3.24757,0.650033, -3.322125,CLEAVED
30,57,61,98,113,CLEAVED	-74.1793,-4.82011,0.504766, -3.385125,CLEAVED
30,57,62,84,113,CLEAVED	-75.0819,-4.49556,0.454035, -17.23025,CLEAVED
30,57,73,97,113,CLEAVED	-75.2183,-2.55166,0.498241, -2.88675,CLEAVED
30,57,77,81,110,CLEAVED	-74.4096,-1.77691,0.554923, -3.488125,CLEAVED
30,57,77,90,116,CLEAVED	-72.0077,-2.5842,0.630043, -3.627875,CLEAVED
30,57,77,94,112,CLEAVED	-75.3062,-3.32232,0.53938, -3.444,CLEAVED
30,57,77,96,110,CLEAVED	-77.7067,-2.08739,0.197133, -3.37075,CLEAVED
30,60,77,89,110,CLEAVED	-72.3121,-3.62793,0.875982, 7.733875,CLEAVED
30,60,80,90,113,CLEAVED	-72.758,-3.21633,0.534747, -3.00325,CLEAVED
31,41,70,90,117,CLEAVED	-72.5214,-1.46371,0.634642, -3.496625,CLEAVED
31,47,67,98,119,CLEAVED	-73.7541,-3.0099,0.0400482, -1.903125,CLEAVED
31,56,68,94,117,CLEAVED	-73.4899,-1.92051,0.577048, -3.4685,CLEAVED
31,56,77,88,103,CLEAVED	-74.0098,-2.15383,0.531689, -11.268375,CLEAVED
31,57,67,90,113,CLEAVED	-75.2117,-1.43581,0.760666, -2.94775,CLEAVED
31,57,69,90,113,CLEAVED	-73.8128,-4.20924,0.568549, 2.330625,CLEAVED
31,57,75,91,114,CLEAVED	-75.0972,-2.31251,0.820222, 2.970625,CLEAVED
31,57,77,81,103,CLEAVED	-73.3105,-0.69689,0.531785, -10.904125,CLEAVED
32,41,70,88,113,CLEAVED	-75.3709,-3.85625,0.556117, -3.496,CLEAVED
32,41,70,94,112,CLEAVED	-72.7894,-2.76866,0.844874, -3.803,CLEAVED
32,41,74,88,113,CLEAVED	-73.2002,-3.45222,0.451347, -4.16875,CLEAVED
32,41,77,88,101,CLEAVED	-70.3204,-1.82139,0.60719, -3.5065,CLEAVED
32,41,77,98,112,CLEAVED	-72.8533,-2.18257,0.796918, -3.900875,CLEAVED
32,42,77,98,105,CLEAVED	-72.982,-2.28299,0.758963, -3.54325,CLEAVED
32,43,78,95,113,CLEAVED	-73.7762,-5.47605,0.582583, -2.488125,CLEAVED
32,44,71,84,104,CLEAVED	-70.5637,-2.71421,0.803215, -38.282125,CLEAVED
32,44,76,89,113,CLEAVED	-74.9291,-3.9712,0.467929, -5.00475,CLEAVED
32,45,70,97,112,CLEAVED	-72.1285,-2.59529,0.591843, -3.456375,CLEAVED
32,45,77,90,112,CLEAVED	-71.5255,-2.7729,0.462568, -3.735375,CLEAVED
32,46,75,88,112,CLEAVED	-73.2815,-0.86007,0.833888, 2.543375,CLEAVED
32,46,77,88,104,CLEAVED	-71.7422,-1.97927,0.868938, -10.67375,CLEAVED
32,47,77,98,101,CLEAVED	-71.2415,-2.90735,0.466682, -3.509625,CLEAVED
32,47,80,94,113,CLEAVED	-74.2555,-8.0319,0.833536, -3.267125,CLEAVED
32,48,68,94,117,CLEAVED	-71.072,-3.0226,0.487425, -3.835625,CLEAVED
32,48,77,88,114,CLEAVED	-75.7509,-2.46387,0.548568, -3.604,CLEAVED
32,50,70,81,113,CLEAVED	-74.0459,-4.46959,0.763809, -3.568375,CLEAVED
32,50,77,88,112,CLEAVED	-77.1718,-3.46439,0.642971, -4.192125,CLEAVED
32,52,64,98,112,CLEAVED	-71.5524,-4.01457,0.540469, -12.926875,CLEAVED
32,54,72,96,113,CLEAVED	-73.3168,-3.98163,0.84862, -4.80275,CLEAVED
32,54,77,88,117,CLEAVED	-73.0779,-2.88496,0.56277, -5.173375,CLEAVED
32,54,78,88,104,CLEAVED	-73.2514,-4.28892,0.910398, -11.12225,CLEAVED
32,56,75,88,114,CLEAVED	-75.7161,-1.70425,0.778284, 2.990625,CLEAVED
32,57,68,87,101,CLEAVED	-73.5149,-0.43225,0.585417, -3.097375,CLEAVED
32,57,76,88,113,CLEAVED	-76.3644,-5.61144,0.558152, -3.4155,CLEAVED
32,57,78,88,113,CLEAVED	-74.2432,-7.22538,0.812153, -3.159875,CLEAVED
32,57,78,90,101,CLEAVED	-76.6175,-4.99163,0.972921, -3.091375,CLEAVED
32,58,77,81,110,CLEAVED	-76.5886,-2.69573,0.0989593, -3.596,CLEAVED
32,58,77,88,112,CLEAVED	-74.7742,-2.47178,0.547452, -4.2955,CLEAVED
32,58,77,88,117,CLEAVED	-75.9692,-3.70146,0.779532, -4.436875,CLEAVED
32,59,77,90,113,CLEAVED	-73.533,-1.56376,0.490896, -3.855,CLEAVED
32,60,77,94,113,CLEAVED	-73.5291,-7.04456,0.668439, -3.322375,CLEAVED
32,60,77,98,112,CLEAVED	-73.5201,-4.16379,0.725861, -3.655125,CLEAVED
32,60,77,99,113,CLEAVED	-78.0331,-4.71642,0.97361, -3.442375,CLEAVED
33,42,70,98,117,CLEAVED	-75.3764,-4.42995,0.74387, -3.230875,CLEAVED
33,42,77,90,101,CLEAVED	-70.4416,-2.52735,0.445927, -3.240625,CLEAVED
33,43,80,97,113,CLEAVED	-71.1013,-3.75767,0.499942, -13.2475,CLEAVED
33,47,65,84,113,CLEAVED	-68.4474,-5.23912,0.406248, -16.586125,CLEAVED
33,48,68,90,114,CLEAVED	-70.9773,-3.29721,0.443558, -2.815875,CLEAVED
33,48,68,97,113,CLEAVED	-73.189,-5.39865,0.574022, -3.02425,CLEAVED
33,48,70,91,117,CLEAVED	-72.5682,-2.71848,0.462151, -3.613625,CLEAVED
33,49,67,98,113,CLEAVED	-74.6725,-6.7736,0.764066, 7.95175,CLEAVED
33,49,68,98,113,CLEAVED	-74.745,-5.11867,0.536751, 5.56725,CLEAVED
33,49,74,98,113,CLEAVED	-72.8459,-5.95744,0.607169, 5.695875,CLEAVED
33,49,77,96,110,CLEAVED	-76.3149,-2.58828,0.273221, 5.878375,CLEAVED
33,50,73,88,113,CLEAVED	-75.576,-5.80482,0.532874, -3.000625,CLEAVED
33,50,77,87,113,CLEAVED	-75.065,-4.33292,0.493124, -3.037125,CLEAVED
33,50,77,90,101,CLEAVED	-67.2368,-3.46497,0.391491, -3.5625,CLEAVED
33,50,77,90,103,CLEAVED	-73.1527,-3.61117,0.606502, -10.53925,CLEAVED
33,51,77,98,112,CLEAVED	-72.6311,-3.66223,0.807409, -3.37775,CLEAVED
33,52,70,97,120,CLEAVED	-73.6817,-3.22662,0.914115, -2.466375,CLEAVED
33,54,70,99,109,CLEAVED	-73.9704,-2.19162,0.768023, 1.36475,CLEAVED
33,54,77,90,113,CLEAVED	-74.1808,-5.49272,0.690095, -4.67075,CLEAVED
33,54,77,97,113,CLEAVED	-74.3572,-5.25292,0.782203, -4.42,CLEAVED
33,55,70,100,113,CLEAVED	-71.3948,-6.62026,0.822079, 7.075875,CLEAVED
33,56,61,88,116,CLEAVED	-71.1488,-1.06887,0.622728, -3.0935,CLEAVED
33,56,70,98,117,CLEAVED	-74.7837,-2.6749,0.586991, -2.9315,CLEAVED
33,56,77,94,114,CLEAVED	-77.1574,-2.72297,0.622258, -2.85275,CLEAVED
33,56,78,90,113,CLEAVED	-75.3687,-3.52844,0.508629, -3.10525,CLEAVED
33,56,80,91,113,CLEAVED	-74.5935,-3.66937,0.678846, -3.47225,CLEAVED
33,57,70,83,113,CLEAVED	-75.4622,-4.2985,0.613867, -18.4165,CLEAVED
33,57,72,84,113,CLEAVED	-74.6097,-5.52514,0.48184, -17.393875,CLEAVED
33,57,77,88,112,CLEAVED	-74.3841,-4.24099,0.54803, -3.531125,CLEAVED
33,57,77,90,114,CLEAVED	-75.4478,-2.17351,0.504456, -3.5405,CLEAVED
33,57,78,94,101,CLEAVED	-75.1469,-3.68377,0.518361, -3.44525,CLEAVED
33,60,77,94,113,CLEAVED	-74.3596,-6.69761,0.755806, -3.1155,CLEAVED
33,60,77,97,113,CLEAVED	-74.0227,-5.32026,0.674519, -2.95675,CLEAVED
33,60,78,94,117,CLEAVED	-72.638,-4.8039,0.896669, -3.32775,CLEAVED
34,41,76,98,103,CLEAVED	-74.4159,-1.44624,0.829936, -10.90075,CLEAVED
34,43,70,97,118,CLEAVED	-77.2135,-4.04369,1.18916, -13.86125,CLEAVED
34,44,61,88,117,CLEAVED	-74.9595,-0.39398,0.449268, -15.43825,CLEAVED
34,44,77,97,113,CLEAVED	-76.2347,-5.2068,0.779292, -16.670875,CLEAVED
34,45,78,84,113,CLEAVED	-72.7271,-5.14477,0.466261, -18.174,CLEAVED
34,47,72,88,114,CLEAVED	-72.1865,-1.80585,0.405345, -2.6965,CLEAVED
34,47,73,98,113,CLEAVED	-75.9283,-4.86612,0.506625, -2.927,CLEAVED
34,47,77,100,113,CLEAVED	-76.5584,-6.61583,0.601547, -4.897625,CLEAVED
34,48,73,98,113,CLEAVED	-75.3242,-3.52244,0.679466, -3.107375,CLEAVED
34,50,70,87,113,CLEAVED	-73.6144,-5.70014,0.644715, -3.167875,CLEAVED
34,50,70,94,112,CLEAVED	-72.8513,-4.15252,0.61211, -3.56525,CLEAVED
34,53,70,97,113,CLEAVED	-75.3272,-7.2789,0.652992, -2.84575,CLEAVED
34,54,73,91,110,CLEAVED	-76.3926,-3.27919,0.0952815, -4.167,CLEAVED
34,54,77,98,117,CLEAVED	-74.0937,-1.03403,0.505148, -3.56625,CLEAVED
34,55,72,97,101,CLEAVED	-71.714,-1.64128,0.825829, 6.038125,CLEAVED
34,56,75,88,113,CLEAVED	-76.0906,-3.77337,0.501685, 2.112375,CLEAVED
34,56,77,88,106,CLEAVED	-69.9777,-2.24081,0.541461, -3.22725,CLEAVED
34,56,77,89,110,CLEAVED	-73.8639,-1.78212,0.597815, 7.448125,CLEAVED
34,56,77,90,113,CLEAVED	-76.269,-1.99795,0.50235, -3.16775,CLEAVED
34,56,77,96,110,CLEAVED	-77.5734,-1.31343,0.202844, -3.3915,CLEAVED
34,56,78,96,110,CLEAVED	-76.1669,-1.64204,0.314371, -3.87325,CLEAVED
34,57,61,90,113,CLEAVED	-74.8708,-4.031,0.568678, -3.641875,CLEAVED
34,57,70,81,111,CLEAVED	-76.9027,0.95594,0.640333, -2.909,CLEAVED
34,57,75,96,102,CLEAVED	-73.7579,-2.31822,0.628573, 2.893875,CLEAVED
34,57,76,98,113,CLEAVED	-76.5992,-3.28522,0.579918, -3.7905,CLEAVED
34,57,77,88,106,CLEAVED	-72.2574,-2.33865,0.544272, -3.267375,CLEAVED
34,57,77,90,113,CLEAVED	-74.2268,-4.42587,0.769958, -3.4865,CLEAVED
34,57,77,96,113,CLEAVED	-75.4827,-3.83965,0.570743, -3.201375,CLEAVED
34,57,77,97,112,CLEAVED	-73.9094,-2.13459,0.597915, -2.944375,CLEAVED
34,58,76,88,114,CLEAVED	-76.6374,-1.92565,0.211723, -3.63925,CLEAVED
34,58,77,84,114,CLEAVED	-73.0188,-2.22893,0.54058, -17.62475,CLEAVED
34,59,77,94,110,CLEAVED	-74.9498,-1.2575,0.48103, -3.977,CLEAVED
34,60,77,97,112,CLEAVED	-74.8001,-1.97674,0.546613, -3.34375,CLEAVED
35,46,71,88,117,CLEAVED	-71.2208,2.1106,0.623793, 6.61275,CLEAVED
35,47,77,98,108,CLEAVED	-71.3044,-2.11448,0.450867, 5.98225,CLEAVED
35,50,73,88,113,CLEAVED	-74.6804,-4.08437,0.5331, 7.74275,CLEAVED
35,53,70,96,114,CLEAVED	-72.1219,-1.20012,0.355062, 7.44775,CLEAVED
35,53,77,88,113,CLEAVED	-79.1129,-5.09247,0.203412, 7.003875,CLEAVED
35,53,77,98,110,CLEAVED	-77.6175,-3.17368,0.141286, 8.17025,CLEAVED
35,54,73,88,112,CLEAVED	-72.9321,-1.15188,0.301569, 4.649875,CLEAVED
35,55,77,90,112,CLEAVED	-72.1542,-2.23741,0.45816, 15.12925,CLEAVED
35,57,77,88,117,CLEAVED	-73.0738,-2.00238,0.573807, 6.825,CLEAVED
35,57,77,98,117,CLEAVED	-72.9677,-1.54776,0.509796, 7.152,CLEAVED
35,58,77,90,101,CLEAVED	-72.5049,-2.0981,0.478306, 7.545,CLEAVED
36,44,78,87,102,CLEAVED	-72.9943,-2.64383,0.625743, -15.48175,CLEAVED
36,47,68,87,117,CLEAVED	-71.5179,-1.67268,0.582359, -4.2565,CLEAVED
36,47,76,98,114,CLEAVED	-73.3843,-1.14309,0.487343, -2.704375,CLEAVED
36,48,67,88,113,CLEAVED	-72.3264,-5.31248,0.861394, -2.74625,CLEAVED
36,48,70,96,110,CLEAVED	-74.5889,-3.48567,0.76299, -3.161125,CLEAVED
36,48,74,88,117,CLEAVED	-77.5799,-1.37718,0.066128, -4.20575,CLEAVED
36,48,77,90,112,CLEAVED	-71.5299,-1.99636,0.604249, -3.381875,CLEAVED
36,50,77,90,114,CLEAVED	-70.7452,-1.85724,0.559636, -3.2885,CLEAVED
36,50,77,94,113,CLEAVED	-73.3783,-4.57079,0.729361, -3.55725,CLEAVED
36,52,68,94,119,CLEAVED	-74.4734,-0.08146,0.543974, -2.76475,CLEAVED
36,52,77,86,114,CLEAVED	-70.8678,-0.71483,0.571494, -2.335,CLEAVED
36,52,77,94,120,CLEAVED	-72.1686,-3.06684,0.802368, -3.077625,CLEAVED
36,54,77,94,113,CLEAVED	-75.7026,-5.73381,0.560688, -4.590875,CLEAVED
36,56,63,88,114,CLEAVED	-73.0792,-1.20779,0.708224, -12.08975,CLEAVED
36,56,68,89,113,CLEAVED	-75.0996,-1.4573,0.818605, 7.263375,CLEAVED
36,56,69,98,113,CLEAVED	-73.0735,-5.57739,0.543819, 2.73325,CLEAVED
36,56,77,81,110,CLEAVED	-73.3985,-2.33219,0.583677, -3.313,CLEAVED
36,57,61,88,112,CLEAVED	-73.5424,-2.84514,0.565519, -2.982125,CLEAVED
36,57,70,85,113,CLEAVED	-76.1949,-4.81798,0.528066, -2.900875,CLEAVED
36,57,70,89,113,CLEAVED	-74.0721,-3.60237,0.587695, 8.085375,CLEAVED
36,57,70,91,113,CLEAVED	-75.187,-4.09401,0.530379, -3.152125,CLEAVED
36,57,71,87,113,CLEAVED	-78.3361,-3.60645,0.488784, -2.449625,CLEAVED
36,57,73,88,112,CLEAVED	-76.561,-3.98573,0.739199, -3.427375,CLEAVED
36,57,74,98,116,CLEAVED	-71.7488,-2.56746,0.673034, -4.20025,CLEAVED
36,57,77,87,107,CLEAVED	-74.7333,-1.35648,0.548644, -2.939125,CLEAVED
36,57,77,87,113,CLEAVED	-75.9482,-5.83855,0.898469, -3.296875,CLEAVED
36,57,77,90,107,CLEAVED	-75.8399,-1.11787,0.538962, -3.2195,CLEAVED
36,57,77,98,101,CLEAVED	-72.5511,-2.22748,0.455832, -3.356875,CLEAVED
36,60,77,90,117,CLEAVED	-71.8025,-4.58722,0.632311, -3.6095,CLEAVED
36,60,77,97,113,CLEAVED	-73.0594,-5.34272,0.784503, -3.24,CLEAVED
36,60,78,87,113,CLEAVED	-73.6765,-6.62882,0.971625, -2.751,CLEAVED
37,42,77,81,110,CLEAVED	-73.9487,-1.42633,0.577411, -3.30325,CLEAVED
37,42,77,88,101,CLEAVED	-73.2,-3.38364,0.60541, -3.349875,CLEAVED
37,43,68,97,114,CLEAVED	-70.5599,-1.81784,0.357523, -13.1705,CLEAVED
37,43,73,88,113,CLEAVED	-76.2617,-5.27492,0.551484, -12.08125,CLEAVED
37,43,77,90,120,CLEAVED	-73.7841,-2.34128,0.453467, -13.780375,CLEAVED
37,44,68,94,116,CLEAVED	-72.971,-4.1044,0.748391, -16.789125,CLEAVED
37,44,68,98,117,CLEAVED	-73.3693,-3.97217,0.665816, -16.59975,CLEAVED
37,45,77,97,114,CLEAVED	-70.639,-2.67554,0.541802, -3.117375,CLEAVED
37,46,77,98,117,CLEAVED	-70.965,-2.78104,0.697267, -3.58175,CLEAVED
37,47,77,87,117,CLEAVED	-72.1945,-5.94961,0.828745, -3.221,CLEAVED
37,47,77,94,110,CLEAVED	-72.1868,-4.21648,0.577799, -3.2365,CLEAVED
37,48,71,93,102,CLEAVED	-69.3043,-2.86352,0.191084, -1.725125,CLEAVED
37,48,77,97,113,CLEAVED	-72.8271,-5.00077,0.914467, -3.36125,CLEAVED
37,49,68,87,113,CLEAVED	-74.2014,-6.24643,0.853568, 6.031375,CLEAVED
37,49,70,94,114,CLEAVED	-73.4387,-2.93235,0.676596, 6.26475,CLEAVED
37,49,76,84,113,CLEAVED	-74.2288,-6.32601,0.591822, -8.372375,CLEAVED
37,50,68,88,113,CLEAVED	-75.4818,-4.69264,0.526569, -3.347125,CLEAVED
37,50,76,88,104,CLEAVED	-74.6468,-6.67719,0.841051, -9.9275,CLEAVED
37,50,77,81,120,CLEAVED	-72.8437,-0.8549,0.601163, -2.384,CLEAVED
37,51,70,88,110,CLEAVED	-76.7295,-3.05974,0.51671, -2.988,CLEAVED
37,51,75,100,113,CLEAVED	-74.2708,-4.91991,0.788444, 3.064875,CLEAVED
37,51,77,90,112,CLEAVED	-73.3559,-1.45719,0.512041, -3.322125,CLEAVED
37,51,77,96,113,CLEAVED	-72.7762,-4.64886,0.896351, -3.177,CLEAVED
37,52,61,98,113,CLEAVED	-75.0042,-4.98193,0.606693, -2.5865,CLEAVED
37,52,77,90,110,CLEAVED	-70.5979,-3.05882,0.431401, -2.880375,CLEAVED
37,52,77,98,117,CLEAVED	-75.332,-3.84658,0.703161, -2.9725,CLEAVED
37,52,77,100,117,CLEAVED	-70.1613,-3.79713,0.696755, -3.1275,CLEAVED
37,54,68,96,110,CLEAVED	-72.4356,-3.38784,0.926967, -4.42325,CLEAVED
37,54,68,97,114,CLEAVED	-73.6945,-2.86754,0.582429, -3.41675,CLEAVED
37,54,71,87,113,CLEAVED	-73.1193,-4.36733,0.610282, -3.696375,CLEAVED
37,54,80,88,103,CLEAVED	-69.4214,-2.27301,0.60518, -11.9375,CLEAVED
37,55,65,85,113,CLEAVED	-72.3674,-2.2737,0.255531, 6.067125,CLEAVED
37,55,67,90,113,CLEAVED	-75.1758,-2.04397,0.467248, 4.99475,CLEAVED
37,55,71,97,113,CLEAVED	-73.1032,-3.49892,0.670984, 6.488375,CLEAVED
37,55,77,90,101,CLEAVED	-76.0274,-1.59494,0.644226, 5.364375,CLEAVED
37,55,77,90,103,CLEAVED	-71.2362,-2.27628,0.448848, -2.53475,CLEAVED
37,55,77,100,113,CLEAVED	-71.9991,-7.16631,0.926992, 7.5415,CLEAVED
37,56,74,90,113,CLEAVED	-72.5997,-5.42755,0.796965, -3.50875,CLEAVED
37,56,76,88,110,CLEAVED	-71.7962,-2.74108,0.60516, -3.486625,CLEAVED
37,56,76,88,113,CLEAVED	-75.143,-5.69451,0.535945, -3.434375,CLEAVED
37,56,76,94,110,CLEAVED	-73.1991,-4.27933,0.586368, -3.3605,CLEAVED
37,56,77,85,114,CLEAVED	-73.5191,-3.95137,0.930943, -3.167875,CLEAVED
37,56,77,87,113,CLEAVED	-76.2864,-6.05768,0.50518, -3.4035,CLEAVED
37,56,80,88,113,CLEAVED	-72.3861,-2.935,0.465168, -3.0255,CLEAVED
37,57,61,88,117,CLEAVED	-72.9441,-1.67603,0.411108, -3.534625,CLEAVED
37,57,61,98,114,CLEAVED	-73.0958,-2.53424,0.545153, -2.710375,CLEAVED
37,57,62,88,103,CLEAVED	-75.2615,-4.19824,0.706858, -11.491,CLEAVED
37,57,68,91,107,CLEAVED	-72.8568,-2.53061,0.137263, -3.4585,CLEAVED
37,57,69,97,117,CLEAVED	-71.1631,-2.24461,0.728309, 2.61,CLEAVED
37,57,70,81,114,CLEAVED	-72.8168,-1.54942,0.430547, -2.640875,CLEAVED
37,57,71,98,112,CLEAVED	-73.814,-3.70283,0.650707, -3.41975,CLEAVED
37,57,77,91,107,CLEAVED	-71.5753,-3.3593,0.143772, -2.9055,CLEAVED
37,57,77,94,101,CLEAVED	-74.0782,-1.43582,0.530281, -3.567625,CLEAVED
37,57,77,96,113,CLEAVED	-75.0343,-5.06184,0.643759, -3.388125,CLEAVED
37,57,77,97,112,CLEAVED	-70.5481,-1.66586,0.535351, -3.27575,CLEAVED
37,57,77,98,116,CLEAVED	-71.5378,-3.4132,0.603259, -3.411,CLEAVED
37,58,65,88,113,CLEAVED	-72.9583,-4.45519,0.440013, -2.92525,CLEAVED
37,58,70,81,103,CLEAVED	-75.193,-2.91197,0.492884, -9.679,CLEAVED
37,58,70,97,112,CLEAVED	-78.9237,-3.66558,0.321389, -2.729,CLEAVED
37,58,72,91,113,CLEAVED	-73.8339,-2.98652,0.564581, -4.147625,CLEAVED
37,59,75,98,113,CLEAVED	-76.9806,-3.30726,0.520801, 2.60225,CLEAVED
37,60,62,90,113,CLEAVED	-74.9821,-5.12968,0.487338, -2.914875,CLEAVED
37,60,68,94,116,CLEAVED	-70.7498,-2.96965,0.613044, -3.079,CLEAVED
37,60,70,87,113,CLEAVED	-75.4981,-7.31033,0.881323, -2.529375,CLEAVED
37,60,76,87,110,CLEAVED	-73.6603,-3.54316,0.639334, -2.996,CLEAVED
37,60,76,98,113,CLEAVED	-75.4871,-6.59719,0.579319, -3.017625,CLEAVED
37,60,77,90,101,CLEAVED	-70.6605,-4.66514,0.476985, -3.53225,CLEAVED
37,60,77,94,116,CLEAVED	-73.0197,-4.63866,0.831937, -3.603375,CLEAVED
37,60,77,98,112,CLEAVED	-73.0879,-4.73299,0.831722, -3.50725,CLEAVED
37,60,78,96,117,CLEAVED	-70.411,-4.48058,0.438771, -4.580375,CLEAVED
38,41,77,97,113,CLEAVED	-74.031,-1.78875,0.475922, -3.34525,CLEAVED
38,47,71,96,110,CLEAVED	-71.2463,-2.34291,0.668133, -2.546125,CLEAVED
38,49,77,97,110,CLEAVED	-75.0856,-1.8943,0.123897, 5.9445,CLEAVED
38,52,77,90,101,CLEAVED	-71.503,-4.31733,0.852074, -3.298125,CLEAVED
38,54,77,85,113,CLEAVED	-73.6425,-3.65129,0.678709, -4.207125,CLEAVED
38,56,63,88,113,CLEAVED	-73.5321,-2.30865,0.467496, -12.727,CLEAVED
38,56,77,97,110,CLEAVED	-74.4803,-1.8538,0.0861033, -2.869375,CLEAVED
38,57,61,87,113,CLEAVED	-75.7459,-3.9883,0.540967, -2.865375,CLEAVED
38,57,76,98,110,CLEAVED	-74.7763,-3.83342,0.101904, -3.328125,CLEAVED
38,58,77,97,114,CLEAVED	-72.7149,-1.31725,0.540438, -3.017875,CLEAVED
39,44,77,98,101,CLEAVED	-73.4875,-2.09861,0.639083, -16.84575,CLEAVED
39,47,64,87,101,CLEAVED	-74.4477,-3.48758,0.886514, -12.18075,CLEAVED
39,47,70,94,113,CLEAVED	-74.1192,-4.34231,0.614608, -3.192625,CLEAVED
39,47,77,97,105,CLEAVED	-75.0025,-0.53152,0.843624, -2.91325,CLEAVED
39,48,77,89,113,CLEAVED	-74.5226,-3.3777,0.837121, 7.243625,CLEAVED
39,54,77,98,107,CLEAVED	-75.9938,-1.6562,0.875323, -4.732125,CLEAVED
39,56,71,87,113,CLEAVED	-76.0306,-3.25583,0.648799, -2.456875,CLEAVED
39,56,77,100,113,CLEAVED	-75.1304,-4.3496,0.938638, -4.996625,CLEAVED
40,41,77,89,113,CLEAVED	-74.0237,-3.32938,0.455073, 6.4515,CLEAVED
40,41,77,90,117,CLEAVED	-73.7159,-1.26923,0.529612, -4.129875,CLEAVED
40,42,65,87,113,CLEAVED	-70.6528,-3.89041,0.549022, -3.334375,CLEAVED
40,44,77,90,117,CLEAVED	-74.6334,-5.58212,0.877337, -17.451375,CLEAVED
40,46,76,98,112,CLEAVED	-72.4807,-1.58046,0.874674, -4.138375,CLEAVED
40,46,77,85,117,CLEAVED	-72.8923,-2.4127,0.528665, -4.0635,CLEAVED
40,47,68,98,116,CLEAVED	-74.8273,-1.72466,0.539258, -4.162875,CLEAVED
40,48,77,92,102,CLEAVED	-73.9091,-1.57409,0.609363, -3.60425,CLEAVED
40,48,77,94,117,CLEAVED	-75.4857,-4.55412,0.0975441, -3.711,CLEAVED
40,49,71,97,113,CLEAVED	-73.6165,-2.33342,0.511075, 6.55925,CLEAVED
40,49,77,94,118,CLEAVED	-74.9541,-4.01821,0.967186, 5.909,CLEAVED
40,50,72,93,102,CLEAVED	-73.8835,-2.34518,0.719758, -3.086875,CLEAVED
40,50,77,81,105,CLEAVED	-73.5826,0.45738,0.582693, -3.71575,CLEAVED
40,51,70,94,117,CLEAVED	-75.8281,-2.42204,0.863029, -3.863875,CLEAVED
40,52,70,97,117,CLEAVED	-73.9811,-5.70192,0.849637, -3.442625,CLEAVED
40,52,77,84,117,CLEAVED	-74.2147,-2.24578,0.457167, -17.549,CLEAVED
40,52,77,85,117,CLEAVED	-72.846,-2.51533,0.717234, -3.583625,CLEAVED
40,52,77,88,110,CLEAVED	-74.3711,-3.94551,0.843663, -3.639125,CLEAVED
40,54,62,87,113,CLEAVED	-77.2903,-5.16798,0.551248, -4.04725,CLEAVED
40,54,70,96,117,CLEAVED	-73.2698,-3.1946,0.739547, -5.29575,CLEAVED
40,54,70,97,104,CLEAVED	-74.0772,-4.28722,0.688945, -11.309875,CLEAVED
40,54,72,88,117,CLEAVED	-73.2937,-3.93318,0.866091, -5.121875,CLEAVED
40,54,77,97,114,CLEAVED	-71.9005,-1.17027,0.595266, -4.270875,CLEAVED
40,56,70,97,107,CLEAVED	-76.0913,-1.83168,0.285159, -3.7345,CLEAVED
40,56,70,97,113,CLEAVED	-73.3592,-5.2367,0.637226, -3.226125,CLEAVED
40,57,67,97,113,CLEAVED	-72.599,-3.25388,0.705388, -2.385,CLEAVED
40,57,71,88,114,CLEAVED	-72.8245,-1.46679,0.475443, -3.1885,CLEAVED
40,57,77,81,107,CLEAVED	-73.0923,-2.67466,0.180031, -3.898875,CLEAVED
40,57,77,95,109,CLEAVED	-74.1191,-1.2947,0.6019, 10.90325,CLEAVED
40,58,77,81,112,CLEAVED	-74.5977,-1.66589,0.46599, -4.169625,CLEAVED
